거래일,1시,2시,3시,4시,5시,6시,7시,8시,9시,10시,11시,12시,13시,14시,15시,16시,17시,18시,19시,20시,21시,22시,23시,24시
2023-09-01,701,656,627,606,599,613,644,726,817,859,894,913,903,879,872,880,873,867,876,889,860,817,763,714
2023-09-02,677,633,601,579,582,594,618,712,788,843,868,883,879,877,882,873,863,877,875,864,842,796,753,707
2023-09-03,676,634,601,581,585,594,611,696,770,816,793,801,818,816,833,847,820,855,871,844,830,783,755,707
2023-09-04,671,633,605,587,587,600,634,723,824,888,870,873,877,875,892,909,898,924,936,928,872,820,767,717
2023-09-05,674,635,606,587,591,605,635,708,785,838,853,833,823,838,870,877,878,886,908,917,905,874,822,780
2023-09-06,654,614,586,567,563,577,605,669,740,790,816,844,833,852,861,873,890,909,912,920,903,860,807,750
2023-09-07,670,628,600,581,577,590,621,691,762,818,852,832,824,837,855,870,899,904,914,922,866,822,771,726
2023-09-08,666,626,598,579,567,582,616,694,744,793,826,825,806,823,839,864,902,925,936,942,895,837,795,724
2023-09-09,678,634,605,581,583,594,628,681,737,761,771,784,790,788,803,817,842,870,879,887,857,812,761,715
2023-09-10,676,635,605,586,584,594,615,671,729,756,776,794,798,812,828,844,855,864,873,879,844,806,764,715
2023-09-11,634,595,570,552,551,566,601,670,747,797,806,813,806,799,812,826,831,840,834,836,805,773,737,700
2023-09-12,660,624,597,577,571,583,615,683,758,805,821,823,820,839,852,859,878,878,865,865,830,781,738,700
2023-09-13,660,624,597,577,572,584,618,683,763,808,815,818,815,842,859,863,867,890,885,892,838,788,733,696
2023-09-14,650,611,585,566,563,574,609,677,769,839,859,871,866,878,889,890,901,909,910,917,890,840,774,719
2023-09-15,651,612,584,566,563,577,613,675,762,819,854,858,850,847,860,868,890,896,904,909,874,817,770,726
2023-09-16,660,619,592,571,571,584,602,627,649,681,689,711,732,739,760,780,804,829,853,865,845,798,755,714
2023-09-17,638,598,572,554,552,564,581,610,639,669,706,715,724,729,747,769,802,822,825,838,810,760,716,694
2023-09-18,615,579,556,542,541,556,589,662,734,769,780,781,775,784,797,818,818,837,851,859,823,784,736,695
2023-09-19,659,619,592,573,568,584,616,691,774,827,844,840,842,870,888,896,898,920,929,927,892,830,780,737
2023-09-20,639,599,571,553,550,566,598,667,754,810,823,836,851,872,877,872,875,879,875,890,860,810,754,712
2023-09-21,648,608,580,562,559,574,608,671,724,773,806,816,801,813,832,844,860,870,876,879,844,791,741,701
2023-09-22,621,585,558,542,538,552,589,658,735,789,795,806,809,809,808,821,843,841,852,860,815,776,722,689
2023-09-23,653,613,584,564,564,575,594,620,652,668,678,699,723,753,760,758,766,794,816,836,821,778,722,686
2023-09-24,651,611,584,565,565,575,590,632,680,719,731,754,765,774,787,806,819,840,845,847,805,757,727,686
2023-09-25,624,588,563,549,545,562,597,669,746,779,789,801,798,801,803,797,799,802,801,812,785,735,712,669
2023-09-26,611,575,548,530,526,541,572,629,687,726,732,725,717,735,742,753,764,776,787,790,766,724,689,650
2023-09-27,581,559,546,535,534,544,564,579,600,600,594,585,579,592,600,612,651,689,718,733,706,670,636,615
2023-09-28,581,565,548,538,533,546,559,566,573,580,569,564,560,579,588,606,633,663,694,702,687,673,635,612
2023-09-29,580,545,517,499,495,510,525,535,535,528,512,495,470,506,545,573,598,635,677,691,677,658,625,595
2023-09-30,567,542,525,513,510,527,550,571,587,597,582,582,544,524,560,607,641,675,702,718,701,679,644,611
2023-10-01,565,538,518,510,511,521,535,533,533,531,510,498,491,512,555,597,639,666,701,718,692,672,644,616
2023-10-02,605,586,563,548,548,566,594,601,608,594,568,552,549,570,605,646,680,707,726,743,718,696,670,647
2023-10-03,599,569,548,533,530,542,546,557,571,564,554,546,541,565,594,635,680,709,730,742,724,691,663,631
2023-10-04,610,574,547,529,525,540,570,617,644,641,628,614,607,638,651,676,699,718,726,737,715,674,640,610
2023-10-05,590,555,528,509,506,521,553,582,612,599,560,532,517,532,556,607,668,701,724,731,710,679,654,640
2023-10-06,551,526,503,488,490,508,539,564,608,638,641,634,644,653,654,670,688,704,717,720,711,677,645,609
2023-10-07,557,531,517,505,504,512,525,539,570,597,613,624,641,644,651,656,668,679,695,704,680,663,638,614
2023-10-08,547,521,507,496,494,502,526,539,554,579,583,581,596,609,620,630,639,658,673,681,657,633,607,578
2023-10-09,569,535,516,501,499,510,540,562,585,602,607,610,606,611,621,640,660,676,693,695,677,658,624,597
2023-10-10,574,538,518,503,501,512,543,558,583,605,617,610,597,597,602,629,651,680,694,711,696,668,651,621
2023-10-11,570,536,518,504,504,515,544,586,597,608,589,575,562,594,607,618,644,661,687,707,687,658,637,581
2023-10-12,550,516,499,485,484,495,521,558,586,582,561,540,524,555,579,611,635,672,688,707,687,658,632,608
2023-10-13,560,529,509,497,497,511,542,583,618,636,637,623,606,637,653,658,674,692,717,712,691,660,646,604
2023-10-14,569,535,510,495,500,511,531,560,593,612,608,619,618,640,639,646,655,681,700,691,669,647,623,596
2023-10-15,567,534,510,496,501,511,525,546,559,554,557,548,542,561,583,614,634,669,694,684,671,656,641,606
2023-10-16,574,542,519,504,504,522,539,562,581,585,573,579,564,552,585,604,627,652,674,702,673,631,623,586
2023-10-17,562,532,510,497,498,513,548,583,608,610,602,575,569,590,618,632,659,689,714,708,691,662,637,611
2023-10-18,547,517,495,482,483,497,531,566,579,587,566,536,519,554,584,614,650,688,712,706,690,660,632,607
2023-10-19,563,532,510,499,499,512,547,581,607,610,604,583,573,593,615,635,661,687,710,706,690,660,632,605
2023-10-20,559,528,508,496,498,513,548,589,631,654,657,624,593,605,633,656,677,695,715,711,693,664,636,608
2023-10-21,568,533,511,496,501,513,534,553,595,610,602,585,570,562,575,594,666,699,724,715,697,673,635,614
2023-10-22,565,533,511,497,502,513,533,550,563,571,573,580,600,632,644,655,660,683,710,696,676,645,625,593
2023-10-23,561,532,508,500,500,518,551,580,597,595,580,571,553,562,580,612,658,701,716,719,698,665,651,618
2023-10-24,569,536,517,499,499,517,551,591,622,630,627,619,612,624,618,631,666,693,714,707,686,663,635,617
2023-10-25,559,536,517,499,499,517,551,578,601,598,576,546,527,557,587,619,654,685,705,697,677,654,617,599
2023-10-26,563,532,511,497,499,517,551,585,611,614,606,584,570,595,611,633,659,689,711,706,687,661,632,609
2023-10-27,564,532,512,500,511,529,562,585,613,621,593,565,535,542,563,605,661,693,717,711,693,666,637,611
2023-10-28,567,534,513,497,509,522,544,553,546,533,516,497,477,500,529,581,621,661,695,679,667,651,637,615
2023-10-29,564,535,513,499,509,522,543,540,525,502,501,496,485,506,532,567,610,658,686,679,663,640,619,587
2023-10-30,549,519,499,490,490,508,544,577,598,597,573,555,546,584,614,639,678,701,719,715,696,666,645,616
2023-10-31,572,539,517,505,507,524,560,592,614,609,585,566,549,560,590,611,653,696,717,711,691,666,641,616
2023-11-01,572,539,517,505,507,524,560,584,594,614,598,576,555,587,613,633,665,696,717,710,690,665,624,600
2023-11-02,566,536,516,503,496,517,552,586,581,584,573,566,544,573,599,633,661,692,713,706,689,661,609,584
2023-11-03,552,523,503,489,489,506,538,558,583,603,598,583,566,591,613,631,667,695,712,707,689,661,635,610
2023-11-04,569,536,515,500,506,521,545,581,602,609,623,628,638,642,649,661,668,679,686,674,661,642,622,601
2023-11-05,559,530,510,496,508,521,542,560,575,581,593,602,607,609,620,632,664,686,696,689,669,651,631,611
2023-11-06,550,521,503,492,494,512,546,580,600,611,640,642,614,590,606,633,659,685,708,680,663,643,613,601
2023-11-07,569,539,518,503,505,521,554,589,617,632,631,626,627,645,658,678,689,716,727,716,695,663,638,614
2023-11-08,567,538,518,503,505,521,552,588,618,632,626,607,597,620,631,649,673,705,721,711,691,660,635,611
2023-11-09,575,544,523,509,505,520,555,579,616,653,646,636,618,626,645,673,689,701,716,697,676,663,651,629
2023-11-10,564,533,513,499,505,521,556,591,635,664,683,681,660,660,659,671,695,715,734,713,688,659,629,590
2023-11-11,570,538,516,501,508,522,546,563,572,594,582,569,568,578,606,636,668,693,720,709,695,681,671,645
2023-11-12,572,542,520,507,508,522,543,580,599,614,609,606,615,616,620,627,664,699,731,706,694,674,650,626
2023-11-13,561,530,512,505,509,522,553,604,638,659,659,655,641,653,661,684,694,722,741,718,697,676,643,621
2023-11-14,591,571,551,535,531,550,580,620,647,657,658,635,619,630,646,673,701,730,742,729,702,675,655,633
2023-11-15,602,571,548,534,539,557,591,631,659,676,669,657,639,658,666,690,721,750,760,753,740,720,695,673
2023-11-16,619,583,562,547,553,566,593,631,664,684,696,698,695,701,709,722,737,749,763,750,734,705,674,654
2023-11-17,623,586,565,552,558,575,611,658,674,672,655,637,640,659,680,697,741,762,771,753,727,699,676,654
2023-11-18,637,601,578,567,570,590,616,654,676,683,677,665,654,657,664,686,711,752,781,770,753,737,718,701
2023-11-19,623,592,569,556,559,573,596,624,630,622,608,597,580,609,640,673,721,743,755,745,725,705,685,668
2023-11-20,618,588,567,561,563,577,613,647,671,681,670,652,626,639,663,700,748,775,785,774,758,730,706,684
2023-11-21,649,625,604,588,593,609,631,646,648,635,614,594,572,583,605,633,687,728,747,735,724,710,690,669
2023-11-22,627,587,568,556,563,575,605,632,648,645,627,610,587,588,619,654,681,713,730,727,707,682,653,627
2023-11-23,605,571,549,539,543,561,595,634,649,643,634,630,627,623,624,644,686,721,744,741,726,715,694,664
2023-11-24,642,613,588,580,583,605,642,687,726,759,772,755,735,753,756,775,820,850,850,834,805,779,743,713
2023-11-25,682,639,617,600,603,615,632,680,696,698,660,638,622,674,693,720,800,827,836,815,790,760,728,695
2023-11-26,643,616,596,580,581,592,616,660,665,652,635,617,614,623,631,656,683,734,756,768,755,733,701,681
2023-11-27,638,602,578,574,581,596,625,674,715,721,706,694,694,705,711,718,748,792,802,778,762,735,706,685
2023-11-28,622,595,578,572,581,600,637,666,693,702,696,680,661,684,694,711,736,757,767,757,736,708,699,678
2023-11-29,637,604,584,570,574,592,627,684,717,727,706,690,689,701,710,719,754,769,781,772,762,747,728,713
2023-11-30,665,625,599,585,592,624,665,720,755,770,751,740,733,752,768,787,808,828,847,831,800,777,748,712
2023-12-01,677,637,611,599,594,614,651,697,746,758,758,743,730,750,770,785,817,852,859,829,781,752,723,704
2023-12-02,651,615,593,580,592,608,633,683,700,711,703,691,672,677,690,712,738,765,784,773,754,734,709,693
2023-12-03,652,619,597,583,593,608,631,653,668,664,649,632,612,629,654,702,741,766,775,772,767,749,726,717
2023-12-04,613,578,557,547,548,565,599,673,716,730,717,691,656,666,688,702,748,800,816,777,757,727,689,667
2023-12-05,637,614,598,583,609,626,660,686,706,704,663,633,602,607,633,654,689,736,772,753,737,723,711,695
2023-12-06,674,650,626,606,614,640,671,704,723,736,711,685,673,696,723,754,787,813,826,812,790,764,745,719
2023-12-07,649,613,591,579,592,611,648,681,699,677,651,629,585,614,636,681,749,796,817,800,773,744,715,687
2023-12-08,669,634,611,600,599,615,649,677,680,662,642,616,581,613,643,689,729,765,783,770,753,743,731,716
2023-12-09,665,630,606,592,606,621,648,697,708,712,703,690,664,682,691,710,734,761,782,774,760,746,732,711
2023-12-10,657,623,600,586,608,621,645,665,663,664,676,672,649,660,672,702,738,767,788,765,752,747,737,714
2023-12-11,649,614,595,584,587,606,643,695,720,725,707,704,687,710,723,736,748,764,782,767,749,732,716,697
2023-12-12,628,599,577,570,582,603,630,678,731,761,749,724,720,733,731,728,752,801,831,818,784,751,719,694
2023-12-13,657,626,603,591,595,612,648,695,728,725,686,662,651,667,667,690,720,768,794,787,761,729,698,673
2023-12-14,634,602,580,566,564,581,619,652,695,721,719,711,697,694,692,694,705,732,750,756,741,713,686,652
2023-12-15,614,578,565,551,548,562,597,660,700,705,684,673,673,681,684,694,721,756,771,761,747,721,701,679
2023-12-16,642,614,589,583,580,593,640,698,710,708,715,702,684,731,736,740,828,869,888,872,838,802,768,722
2023-12-17,768,741,723,713,700,711,730,820,841,843,828,822,814,822,834,838,833,868,889,921,907,887,860,817
2023-12-18,760,733,718,715,721,737,769,843,872,865,839,823,830,862,861,865,916,949,951,925,912,893,854,799
2023-12-19,737,701,683,669,667,677,705,734,790,822,822,812,793,809,828,846,874,893,906,879,854,832,808,788
2023-12-20,752,717,696,680,698,729,779,839,884,899,898,890,869,875,890,909,924,958,961,942,917,896,868,838
2023-12-21,769,737,699,684,693,720,747,803,892,924,911,894,882,889,901,932,960,997,988,955,918,898,873,849
2023-12-22,758,720,695,680,678,697,738,841,916,943,904,898,871,886,883,892,932,975,975,957,932,897,844,824
2023-12-23,783,747,725,710,712,727,758,815,879,904,892,873,858,856,859,882,920,949,944,930,905,870,847,830
2023-12-24,774,743,724,710,712,725,745,790,816,824,824,812,805,804,817,839,872,908,915,903,881,851,830,815
2023-12-25,780,741,714,698,697,719,760,830,871,919,915,899,886,891,907,941,963,985,981,965,933,893,862,844
2023-12-26,773,737,711,697,708,729,768,843,887,919,900,874,868,895,902,920,938,950,957,938,918,880,858,841
2023-12-27,793,766,742,723,729,746,780,811,843,864,840,818,807,826,848,869,887,911,928,916,901,889,877,861
2023-12-28,760,735,713,699,706,731,769,791,800,802,789,758,741,752,780,805,843,897,911,903,893,877,854,831
2023-12-29,750,715,694,685,693,708,747,770,796,799,796,760,723,757,766,783,827,862,887,870,850,821,797,774
2023-12-30,729,705,692,683,683,693,721,764,782,787,768,754,735,769,786,801,832,873,899,885,865,838,811,789
2023-12-31,754,728,713,703,703,714,745,782,790,797,787,776,765,795,805,810,825,851,863,835,816,787,768,748
2024-01-01,730,689,662,644,660,687,726,776,793,796,791,771,761,755,765,797,835,869,881,864,853,833,816,790
2024-01-02,736,700,681,665,688,716,752,798,860,839,796,778,765,777,789,815,837,881,917,887,861,840,828,805
2024-01-03,728,689,670,653,652,669,706,760,818,810,809,780,752,772,762,760,800,863,899,878,861,836,818,789
2024-01-04,743,704,684,666,666,684,722,770,821,799,764,714,678,698,713,734,786,852,888,882,866,841,814,795
2024-01-05,730,692,672,655,644,661,697,739,787,764,725,685,652,675,682,704,741,807,842,830,816,799,783,765
2024-01-06,751,713,687,673,676,695,722,789,806,786,739,693,660,667,700,747,806,877,915,895,874,845,825,800
2024-01-07,759,722,695,682,682,696,720,749,771,769,762,758,747,769,787,802,839,888,943,921,898,869,846,804
2024-01-08,773,737,703,678,696,724,762,801,827,833,792,774,760,769,781,819,912,960,980,959,920,885,858,831
2024-01-09,766,728,703,685,700,717,750,794,834,804,749,725,718,745,769,785,830,872,902,898,885,860,840,821
2024-01-10,736,700,676,659,671,690,738,824,884,864,848,816,777,796,801,810,852,921,965,923,903,882,861,846
2024-01-11,800,764,740,722,722,728,754,806,839,804,771,746,714,738,759,791,848,895,914,904,886,862,835,820
2024-01-12,749,712,693,676,668,683,725,767,799,786,764,748,724,741,758,772,812,875,926,908,896,882,864,848
2024-01-13,805,766,740,723,723,742,771,820,836,801,721,674,645,658,688,737,806,875,925,908,894,882,870,848
2024-01-14,798,759,737,725,720,732,745,750,749,729,703,678,657,678,693,713,757,800,846,836,830,820,810,795
2024-01-15,741,712,696,689,697,713,755,812,861,821,786,756,724,739,764,825,890,931,945,938,915,884,858,843
2024-01-16,833,793,769,750,760,778,815,844,853,809,743,693,660,679,716,763,814,876,937,921,900,875,855,841
2024-01-17,794,763,730,715,703,729,771,810,844,830,811,793,773,776,781,796,828,866,886,879,862,835,814,799
2024-01-18,744,710,689,674,675,690,723,766,782,786,794,775,749,749,754,768,796,825,878,869,854,837,809,788
2024-01-19,726,687,671,651,654,670,706,753,783,793,798,774,757,758,758,748,776,821,876,866,850,822,776,754
2024-01-20,702,671,652,639,634,648,672,741,748,731,739,736,720,719,724,738,756,813,858,831,808,795,770,758
2024-01-21,714,678,651,638,630,639,679,722,723,714,712,699,695,696,710,723,754,802,845,833,818,800,778,768
2024-01-22,726,703,691,686,689,711,757,826,895,907,884,861,834,856,866,884,934,980,1007,972,953,926,890,875
2024-01-23,839,804,781,762,780,803,851,904,938,1008,997,977,958,977,1002,1019,1040,1061,1042,1015,979,955,924,888
2024-01-24,858,784,734,716,722,762,824,895,958,964,926,911,885,908,914,945,1006,1046,1056,1033,998,961,931,904
2024-01-25,850,810,784,770,798,826,865,913,963,978,958,908,889,894,899,938,984,994,1011,992,959,925,893,860
2024-01-26,805,770,747,734,730,744,778,817,884,894,864,832,800,810,818,836,861,912,935,935,923,911,892,862
2024-01-27,842,800,773,758,758,776,805,848,862,855,835,808,790,789,802,822,863,903,935,927,913,897,879,867
2024-01-28,815,787,772,757,742,755,779,792,796,774,780,773,747,769,779,816,841,884,920,913,902,886,868,855
2024-01-29,771,733,698,694,713,736,785,845,890,903,880,852,820,861,880,906,924,963,994,977,955,938,926,908
2024-01-30,841,796,767,747,731,746,770,810,827,819,790,761,750,785,812,824,843,881,908,918,908,883,846,812
2024-01-31,811,769,742,723,712,717,736,775,796,812,827,815,787,795,813,825,834,852,870,884,874,861,842,825
2024-02-01,758,723,697,677,680,689,720,788,861,869,869,867,837,824,816,836,847,877,898,885,863,830,806,787
2024-02-02,746,710,682,664,660,668,698,754,812,825,835,827,787,779,776,786,812,848,872,856,837,808,774,753
2024-02-03,705,673,653,639,644,656,681,752,780,791,801,791,783,774,775,785,810,843,882,865,846,824,796,772
2024-02-04,716,677,652,641,638,652,675,725,733,740,759,748,747,745,750,761,784,830,874,849,825,810,787,772
2024-02-05,726,701,685,656,671,712,795,853,873,873,858,844,820,824,835,845,880,909,942,912,881,843,817,786
2024-02-06,729,692,665,652,659,676,710,750,806,845,844,815,789,788,786,808,850,879,889,858,836,805,794,777
2024-02-07,740,702,675,661,678,695,730,780,810,805,770,721,688,696,714,743,799,870,936,910,888,866,839,821
2024-02-08,796,758,728,714,719,737,772,805,852,876,814,773,743,759,765,789,831,862,904,890,871,841,825,808
2024-02-09,737,702,678,664,664,679,717,738,738,719,689,680,691,695,705,716,737,748,784,770,760,754,743,728
2024-02-10,648,608,576,564,564,576,607,648,670,652,622,591,578,606,619,641,663,698,753,741,725,716,703,686
2024-02-11,656,631,614,604,604,615,642,678,697,678,637,599,568,580,603,631,688,723,760,749,735,728,717,711
2024-02-12,671,635,610,596,630,646,687,723,762,718,647,624,604,600,613,644,692,743,816,826,807,773,760,739
2024-02-13,704,683,662,650,664,679,716,767,799,786,763,748,728,734,741,758,790,828,878,872,865,848,832,811
2024-02-14,677,643,617,605,598,615,645,683,724,737,765,770,750,749,741,756,787,815,849,833,814,805,794,778
2024-02-15,686,652,625,612,622,639,670,701,739,746,777,759,748,773,773,780,803,833,867,892,873,843,832,816
2024-02-16,743,698,669,656,670,686,718,759,780,800,762,715,678,677,690,726,758,798,834,851,830,800,772,739
2024-02-17,723,695,668,645,654,671,696,721,719,698,667,638,612,607,638,677,717,758,788,799,787,762,744,715
2024-02-18,669,644,626,619,623,632,649,661,666,668,665,654,646,645,651,660,672,695,716,725,716,699,681,671
2024-02-19,695,677,660,649,645,648,660,672,697,716,717,713,691,675,670,680,702,738,768,778,768,750,739,729
2024-02-20,685,659,648,634,652,677,719,744,750,750,759,752,741,758,756,751,758,784,799,816,807,794,785,768
2024-02-21,688,657,635,621,624,648,687,710,717,726,730,720,707,726,728,726,742,760,789,777,765,747,725,707
2024-02-22,692,668,647,635,638,657,690,752,802,828,827,797,759,763,760,763,777,796,830,850,836,821,804,785
2024-02-23,706,674,650,637,646,662,697,746,807,844,868,848,818,796,798,804,825,852,869,854,837,811,766,749
2024-02-24,723,680,646,620,636,654,680,725,769,783,784,766,750,765,772,784,810,834,865,845,817,802,772,755
2024-02-25,711,665,617,608,622,645,672,698,706,725,729,720,710,704,710,725,755,790,829,834,817,798,772,756
2024-02-26,720,674,636,621,645,665,699,757,801,821,803,776,761,791,809,828,854,883,907,894,860,830,800,774
2024-02-27,714,680,657,644,651,667,703,729,765,783,775,769,751,766,775,791,811,839,862,877,846,824,802,787
2024-02-28,742,708,682,672,681,700,742,772,798,768,728,682,640,647,662,663,699,797,832,860,837,812,784,770
2024-02-29,734,686,661,647,651,673,714,755,769,785,807,791,779,786,791,793,807,822,844,857,846,831,811,784
2024-03-01,732,686,660,647,651,672,712,750,797,779,760,740,722,748,769,787,798,817,872,902,878,849,822,804
2024-03-02,771,731,708,697,700,719,754,787,804,800,798,780,744,735,734,748,768,800,873,903,894,868,851,818
2024-03-03,760,721,701,686,684,702,736,766,748,719,687,653,632,654,677,709,737,782,820,830,815,807,795,782
2024-03-04,723,682,659,647,650,669,705,749,796,801,782,768,747,784,794,804,813,820,828,857,848,822,804,770
2024-03-05,723,688,666,652,651,668,703,752,787,813,818,801,784,790,802,808,810,819,831,821,809,793,786,770
2024-03-06,713,680,659,646,656,672,706,764,826,854,841,803,778,792,806,823,850,869,891,869,846,822,797,782
2024-03-07,740,685,659,646,656,677,726,764,744,719,704,678,658,680,704,726,758,791,858,891,866,842,817,797
2024-03-08,745,713,684,670,690,706,748,771,804,809,753,707,670,644,635,683,745,812,867,902,887,861,836,818
2024-03-09,769,731,705,689,706,722,750,748,727,696,645,614,591,586,614,642,704,756,807,916,899,878,864,844
2024-03-10,811,785,758,740,738,742,764,763,729,672,639,614,604,599,609,650,710,764,848,909,906,891,874,855
2024-03-11,831,794,775,750,735,755,793,799,795,800,788,773,764,775,782,794,817,838,864,885,873,863,857,842
2024-03-12,805,769,744,731,734,750,797,841,844,814,772,740,714,715,719,729,761,799,849,883,873,857,841,825
2024-03-13,763,727,702,690,701,716,748,760,743,699,651,620,601,618,651,689,738,802,831,820,804,801,787,767
2024-03-14,762,723,693,681,691,707,750,764,735,701,664,630,608,614,647,691,743,805,871,904,895,882,866,849
2024-03-15,784,750,731,717,714,730,771,789,736,672,624,585,568,578,602,643,704,766,827,861,870,851,826,805
2024-03-16,744,714,692,680,677,681,697,688,648,604,582,567,553,571,607,640,677,736,803,828,824,808,772,757
2024-03-17,731,691,664,664,671,693,720,731,725,715,709,694,648,667,697,725,779,791,804,844,834,822,807,791
2024-03-18,749,730,703,686,706,726,755,758,741,698,661,630,623,658,674,705,750,771,791,853,848,832,821,809
2024-03-19,740,702,675,666,678,714,768,768,723,717,710,661,599,591,596,627,691,719,793,848,841,831,813,795
2024-03-20,761,730,714,705,698,719,741,713,667,634,596,555,547,555,572,610,651,702,760,806,809,792,769,757
2024-03-21,728,701,683,674,669,689,724,735,706,645,597,565,550,563,586,616,673,730,807,859,858,842,821,806
2024-03-22,733,706,688,676,685,700,716,702,663,617,573,545,531,543,586,637,719,766,824,815,799,792,790,779
2024-03-23,698,671,650,637,647,665,685,701,694,680,653,639,637,647,662,679,691,712,738,780,770,761,752,741
2024-03-24,696,677,664,651,659,674,696,695,687,673,662,659,666,669,674,682,698,725,766,753,745,736,727,709
2024-03-25,654,608,595,588,592,609,626,655,689,694,674,655,654,667,677,698,718,742,754,742,731,721,710,702
2024-03-26,739,727,717,711,719,739,766,781,772,757,740,718,702,704,711,729,750,786,830,818,808,796,787,778
2024-03-27,733,692,673,662,671,692,730,737,701,663,625,594,585,597,625,664,714,772,825,816,799,776,754,735
2024-03-28,684,648,626,612,617,631,676,730,743,751,753,748,729,736,738,740,745,767,809,831,821,801,779,759
2024-03-29,688,658,643,633,625,638,667,667,647,611,573,545,525,535,567,604,641,683,733,767,754,736,718,700
2024-03-30,655,634,613,579,595,608,632,647,622,596,576,553,533,557,588,611,649,697,741,734,723,712,704,688
2024-03-31,624,591,572,561,568,583,604,625,623,632,630,610,585,572,579,608,652,712,735,729,724,715,705,694
2024-04-01,650,632,620,605,620,649,689,705,700,668,628,601,564,564,590,625,664,716,774,761,744,738,728,711
2024-04-02,719,684,664,658,666,686,714,754,765,744,734,730,726,736,740,743,750,771,801,786,768,762,752,743
2024-04-03,684,650,628,618,622,649,687,721,727,721,709,700,700,703,706,716,731,756,784,788,780,766,744,729
2024-04-04,682,646,626,611,611,624,651,675,679,686,665,658,644,657,659,672,700,722,738,781,771,748,730,708
2024-04-05,627,603,588,573,588,609,634,651,674,687,646,617,598,604,620,642,667,694,720,752,744,726,707,684
2024-04-06,655,632,620,604,611,618,630,635,615,598,578,582,599,632,648,659,668,711,754,740,722,704,686,666
2024-04-07,645,626,612,604,606,620,630,639,638,612,586,562,563,595,611,627,648,679,719,718,712,704,691,678
2024-04-08,650,635,618,598,609,624,652,671,678,695,691,672,649,665,681,703,724,739,775,760,746,732,713,686
2024-04-09,646,618,603,590,589,610,640,650,655,639,603,573,553,569,589,610,646,684,728,777,766,751,738,726
2024-04-10,683,655,641,628,630,650,660,595,561,531,503,491,480,495,528,567,625,694,749,778,760,745,731,707
2024-04-11,660,625,601,590,592,608,634,648,660,673,660,635,603,617,642,676,722,747,764,786,771,760,744,721
2024-04-12,666,640,623,614,629,649,661,651,625,602,589,574,566,588,611,630,645,661,694,726,736,722,699,670
2024-04-13,643,614,590,580,584,592,599,606,602,566,543,520,503,511,523,557,595,654,697,730,727,717,693,680
2024-04-14,632,608,591,581,571,580,586,580,562,546,515,482,468,496,525,569,601,633,686,721,744,722,686,652
2024-04-15,612,575,542,532,533,547,589,619,651,672,703,707,686,693,702,704,717,730,759,789,771,752,728,708
2024-04-16,664,639,621,608,604,617,631,633,639,615,577,545,525,540,567,593,623,659,692,738,737,719,705,687
2024-04-17,653,629,613,605,599,605,609,603,595,576,546,516,495,506,534,570,603,649,687,711,702,689,677,660
2024-04-18,622,595,578,568,583,601,614,619,609,574,532,502,488,500,529,560,594,638,689,729,738,725,707,687
2024-04-19,647,624,609,602,606,616,626,616,582,545,512,489,484,505,536,574,612,655,703,750,740,720,703,685
2024-04-20,628,598,575,565,579,592,599,602,604,616,632,632,621,635,646,650,660,679,705,720,740,731,709,693
2024-04-21,641,606,584,575,587,598,608,621,622,637,635,633,630,634,640,651,663,683,701,735,723,708,690,675
2024-04-22,626,604,591,584,592,607,629,660,662,650,635,622,609,614,624,632,641,658,692,757,750,731,717,703
2024-04-23,678,647,629,625,629,650,653,655,653,640,630,612,606,624,647,657,667,682,701,741,752,735,717,693
2024-04-24,657,627,610,605,610,617,623,617,605,595,576,551,528,531,549,579,621,664,706,739,727,715,700,685
2024-04-25,625,586,564,543,546,567,577,563,531,522,517,507,499,518,545,572,614,662,728,755,749,721,692,664
2024-04-26,641,609,589,581,588,606,622,620,643,656,664,656,634,650,668,697,719,743,763,767,760,747,736,712
2024-04-27,647,616,593,579,589,601,596,581,561,544,529,505,490,513,542,577,604,642,686,718,735,723,695,676
2024-04-28,626,600,578,567,582,594,611,611,614,608,595,589,579,597,612,622,651,666,687,712,699,682,667,643
2024-04-29,610,570,541,532,537,549,575,637,675,681,672,665,645,647,654,659,665,681,717,762,751,727,712,692
2024-04-30,634,600,581,571,574,590,617,647,664,659,655,647,638,645,642,646,668,682,698,736,747,729,702,678
2024-05-01,637 ,611 ,595 ,590 ,592 ,602 ,607 ,600 ,594 ,588 ,567 ,541 ,532 ,567 ,594 ,596 ,604 ,628 ,660 ,716 ,718 ,714 ,703 ,689 
2024-05-02,644 ,623 ,607 ,602 ,607 ,622 ,625 ,613 ,595 ,562 ,520 ,489 ,493 ,524 ,547 ,586 ,629 ,668 ,696 ,724 ,716 ,701 ,684 ,669 
2024-05-03,615 ,589 ,575 ,563 ,567 ,574 ,575 ,566 ,538 ,531 ,515 ,506 ,498 ,516 ,539 ,569 ,589 ,633 ,687 ,718 ,706 ,685 ,671 ,655 
2024-05-04,616 ,578 ,556 ,545 ,553 ,568 ,574 ,567 ,548 ,535 ,509 ,490 ,486 ,511 ,532 ,561 ,586 ,611 ,638 ,680 ,713 ,690 ,670 ,649 
2024-05-05,638 ,611 ,588 ,578 ,576 ,586 ,589 ,597 ,601 ,601 ,596 ,594 ,591 ,602 ,608 ,613 ,619 ,641 ,665 ,688 ,684 ,666 ,645 ,624 
2024-05-06,590 ,563 ,549 ,541 ,544 ,554 ,583 ,631 ,655 ,668 ,669 ,645 ,619 ,622 ,634 ,639 ,646 ,669 ,687 ,725 ,715 ,703 ,693 ,675 
2024-05-07,629 ,601 ,583 ,574 ,577 ,590 ,601 ,612 ,611 ,593 ,569 ,547 ,518 ,525 ,553 ,581 ,600 ,634 ,680 ,728 ,745 ,724 ,696 ,674 
2024-05-08,642 ,607 ,588 ,585 ,589 ,602 ,611 ,647 ,667 ,682 ,687 ,681 ,669 ,685 ,690 ,684 ,687 ,693 ,712 ,743 ,727 ,717 ,702 ,690 
2024-05-09,645 ,607 ,588 ,585 ,593 ,605 ,608 ,605 ,596 ,577 ,549 ,522 ,514 ,537 ,560 ,576 ,597 ,627 ,667 ,712 ,727 ,716 ,698 ,674 
2024-05-10,647 ,615 ,592 ,584 ,587 ,594 ,602 ,606 ,596 ,578 ,548 ,517 ,504 ,516 ,538 ,561 ,588 ,621 ,667 ,713 ,737 ,731 ,704 ,682 
2024-05-11,659 ,627 ,603 ,588 ,584 ,599 ,610 ,603 ,622 ,631 ,628 ,629 ,628 ,639 ,642 ,648 ,635 ,658 ,680 ,722 ,742 ,734 ,710 ,691 
2024-05-12,636 ,616 ,597 ,593 ,597 ,603 ,617 ,622 ,631 ,637 ,643 ,645 ,624 ,609 ,617 ,615 ,616 ,646 ,683 ,706 ,710 ,704 ,696 ,681 
2024-05-13,590 ,563 ,549 ,541 ,544 ,553 ,570 ,584 ,584 ,570 ,533 ,511 ,504 ,513 ,542 ,570 ,600 ,633 ,676 ,715 ,725 ,714 ,696 ,672 
2024-05-14,621 ,603 ,592 ,583 ,581 ,591 ,593 ,591 ,590 ,566 ,532 ,510 ,506 ,517 ,543 ,568 ,594 ,622 ,662 ,710 ,729 ,715 ,702 ,678 
2024-05-15,624 ,586 ,551 ,540 ,535 ,545 ,550 ,547 ,537 ,535 ,523 ,509 ,501 ,518 ,545 ,581 ,609 ,638 ,676 ,705 ,701 ,683 ,664 ,646 
2024-05-16,610 ,601 ,587 ,577 ,582 ,587 ,585 ,573 ,570 ,561 ,546 ,527 ,518 ,529 ,554 ,577 ,604 ,640 ,663 ,709 ,728 ,714 ,701 ,683 
2024-05-17,629 ,612 ,599 ,585 ,577 ,584 ,582 ,568 ,549 ,532 ,522 ,511 ,509 ,520 ,540 ,562 ,586 ,615 ,665 ,704 ,722 ,710 ,699 ,676 
2024-05-18,647 ,609 ,583 ,564 ,572 ,581 ,572 ,555 ,543 ,544 ,524 ,509 ,495 ,510 ,527 ,550 ,580 ,624 ,656 ,703 ,728 ,713 ,695 ,672 
2024-05-19,627 ,616 ,606 ,599 ,607 ,611 ,605 ,585 ,572 ,552 ,523 ,494 ,484 ,503 ,533 ,566 ,609 ,647 ,684 ,719 ,728 ,718 ,703 ,691 
2024-05-20,634 ,601 ,580 ,565 ,570 ,577 ,574 ,566 ,564 ,556 ,532 ,517 ,511 ,525 ,553 ,581 ,606 ,631 ,660 ,709 ,729 ,714 ,696 ,671 
2024-05-21,636 ,608 ,590 ,581 ,579 ,580 ,577 ,571 ,571 ,571 ,554 ,530 ,517 ,525 ,544 ,564 ,596 ,635 ,672 ,710 ,724 ,709 ,689 ,665 
2024-05-22,636 ,608 ,590 ,581 ,579 ,591 ,595 ,600 ,610 ,626 ,632 ,608 ,598 ,612 ,626 ,645 ,665 ,676 ,693 ,709 ,723 ,708 ,680 ,656 
2024-05-23,603 ,581 ,566 ,558 ,566 ,576 ,582 ,578 ,587 ,588 ,588 ,567 ,555 ,580 ,600 ,618 ,631 ,661 ,689 ,715 ,729 ,700 ,671 ,642 
2024-05-24,581 ,559 ,542 ,532 ,529 ,541 ,551 ,571 ,585 ,576 ,544 ,521 ,515 ,531 ,554 ,581 ,609 ,643 ,683 ,717 ,721 ,691 ,655 ,625 
2024-05-25,580 ,555 ,536 ,525 ,529 ,537 ,535 ,537 ,550 ,555 ,551 ,537 ,527 ,545 ,560 ,583 ,597 ,621 ,649 ,691 ,713 ,699 ,674 ,642 
2024-05-26,593 ,565 ,547 ,535 ,537 ,542 ,549 ,562 ,570 ,573 ,597 ,584 ,584 ,605 ,619 ,640 ,660 ,661 ,678 ,691 ,722 ,702 ,681 ,642 
2024-05-27,610 ,584 ,560 ,551 ,555 ,569 ,575 ,590 ,633 ,659 ,685 ,678 ,668 ,676 ,685 ,690 ,698 ,704 ,707 ,718 ,723 ,703 ,668 ,643 
2024-05-28,598 ,567 ,546 ,534 ,535 ,543 ,559 ,596 ,630 ,626 ,608 ,588 ,582 ,597 ,613 ,631 ,660 ,684 ,695 ,718 ,721 ,698 ,672 ,642 
2024-05-29,598 ,567 ,546 ,534 ,535 ,542 ,550 ,561 ,562 ,552 ,534 ,510 ,503 ,532 ,562 ,608 ,641 ,666 ,685 ,711 ,723 ,691 ,663 ,634 
2024-05-30,589 ,559 ,538 ,528 ,530 ,540 ,561 ,589 ,607 ,611 ,600 ,597 ,596 ,608 ,623 ,635 ,658 ,678 ,692 ,710 ,713 ,693 ,670 ,640 
2024-05-31,598 ,568 ,548 ,538 ,539 ,547 ,567 ,599 ,645 ,666 ,667 ,628 ,598 ,627 ,635 ,644 ,660 ,678 ,688 ,712 ,719 ,699 ,676 ,644 
2024-06-01,591 ,557 ,535 ,521 ,522 ,527 ,529 ,551 ,559 ,552 ,542 ,528 ,518 ,537 ,553 ,571 ,603 ,630 ,660 ,686 ,702 ,680 ,663 ,638 
2024-06-02,600 ,568 ,550 ,538 ,541 ,542 ,556 ,565 ,571 ,568 ,562 ,552 ,543 ,547 ,566 ,593 ,619 ,657 ,689 ,711 ,704 ,684 ,659 ,638 
2024-06-03,590 ,561 ,540 ,530 ,531 ,538 ,549 ,562 ,578 ,594 ,578 ,552 ,542 ,566 ,590 ,610 ,634 ,658 ,682 ,712 ,715 ,690 ,666 ,636 
2024-06-04,593 ,561 ,541 ,530 ,529 ,537 ,555 ,583 ,599 ,588 ,568 ,542 ,535 ,553 ,572 ,593 ,617 ,643 ,680 ,701 ,705 ,687 ,666 ,637 
2024-06-05,593 ,561 ,541 ,530 ,529 ,537 ,557 ,587 ,609 ,614 ,623 ,616 ,613 ,628 ,649 ,670 ,680 ,691 ,694 ,704 ,721 ,700 ,658 ,629 
2024-06-06,585 ,555 ,537 ,525 ,521 ,528 ,534 ,539 ,559 ,581 ,601 ,621 ,621 ,620 ,616 ,620 ,630 ,646 ,669 ,694 ,682 ,666 ,644 ,617 
2024-06-07,587 ,557 ,537 ,524 ,516 ,527 ,545 ,567 ,594 ,604 ,600 ,588 ,569 ,572 ,584 ,615 ,636 ,670 ,690 ,713 ,719 ,697 ,675 ,640 
2024-06-08,592 ,559 ,539 ,525 ,529 ,534 ,555 ,576 ,598 ,620 ,634 ,626 ,614 ,631 ,643 ,651 ,662 ,674 ,681 ,687 ,706 ,690 ,657 ,631 
2024-06-09,589 ,555 ,539 ,527 ,531 ,534 ,566 ,594 ,608 ,627 ,633 ,626 ,605 ,614 ,628 ,630 ,637 ,673 ,697 ,712 ,706 ,685 ,664 ,631 
2024-06-10,574 ,544 ,526 ,515 ,516 ,527 ,543 ,562 ,596 ,616 ,606 ,595 ,579 ,581 ,599 ,613 ,626 ,646 ,673 ,706 ,705 ,688 ,661 ,639 
2024-06-11,580 ,550 ,531 ,519 ,525 ,533 ,551 ,565 ,578 ,587 ,579 ,558 ,555 ,578 ,601 ,617 ,634 ,649 ,674 ,704 ,713 ,683 ,661 ,631 
2024-06-12,593 ,560 ,539 ,528 ,525 ,533 ,549 ,580 ,608 ,615 ,630 ,609 ,593 ,610 ,629 ,646 ,662 ,685 ,704 ,724 ,740 ,703 ,669 ,638 
2024-06-13,597 ,565 ,544 ,530 ,527 ,535 ,553 ,585 ,607 ,623 ,625 ,605 ,593 ,610 ,648 ,669 ,691 ,708 ,725 ,739 ,735 ,707 ,676 ,642 
2024-06-14,598 ,563 ,542 ,527 ,525 ,534 ,555 ,589 ,626 ,645 ,651 ,649 ,642 ,669 ,682 ,719 ,735 ,756 ,760 ,771 ,754 ,733 ,709 ,673 
2024-06-15,606 ,573 ,549 ,535 ,536 ,539 ,555 ,595 ,626 ,631 ,639 ,641 ,636 ,662 ,684 ,697 ,717 ,740 ,751 ,766 ,769 ,733 ,698 ,660 
2024-06-16,602 ,568 ,549 ,535 ,534 ,539 ,549 ,573 ,599 ,599 ,602 ,616 ,610 ,633 ,651 ,682 ,715 ,746 ,763 ,761 ,748 ,728 ,695 ,673 
2024-06-17,623 ,580 ,547 ,514 ,515 ,525 ,541 ,576 ,632 ,665 ,668 ,655 ,652 ,664 ,683 ,705 ,728 ,742 ,769 ,792 ,772 ,740 ,699 ,661 
2024-06-18,612 ,575 ,556 ,540 ,536 ,545 ,571 ,611 ,653 ,677 ,692 ,684 ,684 ,696 ,715 ,747 ,773 ,795 ,803 ,818 ,811 ,776 ,739 ,700 
2024-06-19,612 ,575 ,556 ,540 ,536 ,545 ,573 ,592 ,620 ,650 ,665 ,662 ,655 ,677 ,691 ,704 ,733 ,758 ,779 ,788 ,767 ,724 ,693 ,655 
2024-06-20,605 ,570 ,550 ,536 ,531 ,540 ,574 ,623 ,686 ,734 ,752 ,760 ,757 ,771 ,775 ,775 ,777 ,781 ,790 ,781 ,764 ,728 ,696 ,658 
2024-06-21,610 ,577 ,553 ,537 ,534 ,544 ,574 ,627 ,685 ,728 ,743 ,752 ,755 ,768 ,768 ,771 ,776 ,789 ,798 ,802 ,763 ,726 ,692 ,654 
2024-06-22,609 ,576 ,550 ,535 ,534 ,540 ,564 ,653 ,701 ,745 ,774 ,782 ,782 ,784 ,787 ,784 ,785 ,793 ,805 ,786 ,759 ,730 ,688 ,653 
2024-06-23,607 ,573 ,550 ,533 ,533 ,550 ,595 ,655 ,689 ,727 ,753 ,753 ,751 ,768 ,773 ,771 ,773 ,780 ,790 ,779 ,759 ,732 ,693 ,653 
2024-06-24,592 ,559 ,538 ,526 ,525 ,536 ,573 ,629 ,689 ,734 ,751 ,747 ,723 ,725 ,736 ,736 ,745 ,765 ,780 ,774 ,758 ,725 ,688 ,652 
2024-06-25,606 ,572 ,548 ,534 ,531 ,538 ,574 ,629 ,691 ,733 ,759 ,772 ,775 ,782 ,784 ,781 ,791 ,804 ,816 ,822 ,814 ,789 ,740 ,695 
2024-06-26,645 ,600 ,569 ,556 ,553 ,563 ,590 ,634 ,698 ,750 ,779 ,789 ,786 ,794 ,796 ,782 ,786 ,803 ,818 ,817 ,799 ,766 ,731 ,690 
2024-06-27,625 ,588 ,563 ,546 ,543 ,551 ,587 ,651 ,719 ,763 ,794 ,798 ,790 ,799 ,799 ,801 ,800 ,800 ,801 ,807 ,788 ,752 ,708 ,671 
2024-06-28,618 ,582 ,559 ,542 ,538 ,544 ,576 ,632 ,699 ,742 ,760 ,758 ,761 ,765 ,770 ,768 ,772 ,772 ,777 ,785 ,772 ,742 ,705 ,670 
2024-06-29,621 ,586 ,558 ,541 ,540 ,543 ,570 ,650 ,702 ,740 ,759 ,769 ,767 ,766 ,761 ,758 ,763 ,771 ,777 ,773 ,761 ,729 ,692 ,658 
2024-06-30,616 ,583 ,558 ,539 ,538 ,543 ,566 ,656 ,704 ,733 ,744 ,748 ,751 ,754 ,756 ,763 ,765 ,760 ,767 ,764 ,761 ,731 ,699 ,658 
2024-07-01,610 ,576 ,555 ,539 ,536 ,546 ,581 ,650 ,723 ,772 ,786 ,786 ,782 ,784 ,783 ,785 ,787 ,799 ,798 ,782 ,763 ,728 ,696 ,658 
2024-07-02,672 ,636 ,600 ,587 ,589 ,608 ,636 ,671 ,723 ,778 ,801 ,817 ,817 ,818 ,821 ,821 ,834 ,841 ,853 ,859 ,862 ,827 ,761 ,716 
2024-07-03,661 ,618 ,593 ,574 ,567 ,581 ,607 ,664 ,725 ,792 ,832 ,851 ,859 ,863 ,868 ,877 ,881 ,893 ,894 ,881 ,853 ,810 ,770 ,723 
2024-07-04,691 ,637 ,610 ,594 ,591 ,612 ,648 ,719 ,767 ,804 ,824 ,820 ,818 ,817 ,824 ,842 ,862 ,880 ,896 ,912 ,910 ,865 ,810 ,760 
2024-07-05,697 ,646 ,615 ,598 ,599 ,606 ,640 ,707 ,777 ,841 ,877 ,876 ,871 ,881 ,895 ,909 ,921 ,932 ,947 ,957 ,943 ,895 ,839 ,759 
2024-07-06,712 ,661 ,630 ,610 ,597 ,611 ,645 ,725 ,780 ,807 ,803 ,806 ,818 ,831 ,843 ,856 ,881 ,916 ,935 ,943 ,925 ,885 ,823 ,761 
2024-07-07,710 ,674 ,645 ,624 ,594 ,596 ,615 ,663 ,693 ,727 ,781 ,793 ,799 ,811 ,816 ,804 ,827 ,857 ,876 ,883 ,876 ,839 ,799 ,753 
2024-07-08,709 ,659 ,620 ,600 ,599 ,618 ,666 ,757 ,834 ,877 ,890 ,880 ,876 ,882 ,897 ,910 ,931 ,948 ,962 ,973 ,953 ,886 ,819 ,751 
2024-07-09,711 ,669 ,635 ,616 ,608 ,618 ,663 ,765 ,862 ,889 ,899 ,913 ,911 ,919 ,934 ,950 ,963 ,971 ,980 ,970 ,936 ,889 ,838 ,782 
2024-07-10,725 ,677 ,642 ,624 ,622 ,640 ,670 ,742 ,825 ,885 ,902 ,898 ,889 ,894 ,901 ,910 ,913 ,912 ,922 ,919 ,885 ,842 ,795 ,746 
2024-07-11,707 ,665 ,634 ,616 ,635 ,655 ,695 ,730 ,820 ,865 ,923 ,947 ,946 ,956 ,959 ,956 ,963 ,969 ,955 ,942 ,927 ,905 ,852 ,796 
2024-07-12,728 ,684 ,652 ,632 ,627 ,636 ,674 ,753 ,835 ,894 ,924 ,927 ,924 ,932 ,934 ,923 ,924 ,938 ,934 ,928 ,911 ,858 ,805 ,752 
2024-07-13,643 ,604 ,572 ,551 ,558 ,564 ,578 ,612 ,668 ,697 ,741 ,768 ,778 ,789 ,790 ,789 ,800 ,820 ,833 ,825 ,816 ,781 ,744 ,715 
2024-07-14,650 ,622 ,592 ,567 ,551 ,562 ,587 ,637 ,677 ,714 ,728 ,742 ,739 ,740 ,742 ,754 ,761 ,786 ,792 ,778 ,765 ,742 ,717 ,687 
2024-07-15,647 ,610 ,585 ,569 ,586 ,616 ,687 ,755 ,820 ,910 ,947 ,944 ,921 ,927 ,937 ,920 ,938 ,949 ,960 ,932 ,909 ,880 ,845 ,805 
2024-07-16,675 ,632 ,605 ,589 ,583 ,592 ,626 ,709 ,795 ,853 ,870 ,876 ,873 ,875 ,879 ,883 ,897 ,907 ,921 ,928 ,916 ,893 ,846 ,801 
2024-07-17,726 ,684 ,656 ,640 ,624 ,632 ,662 ,735 ,809 ,859 ,905 ,906 ,894 ,906 ,913 ,932 ,940 ,946 ,958 ,954 ,931 ,882 ,838 ,787 
2024-07-18,715 ,670 ,644 ,629 ,609 ,619 ,652 ,711 ,806 ,873 ,928 ,929 ,929 ,933 ,941 ,951 ,958 ,975 ,987 ,979 ,952 ,907 ,856 ,807 
2024-07-19,708 ,662 ,634 ,617 ,612 ,623 ,662 ,737 ,832 ,900 ,941 ,957 ,969 ,980 ,975 ,982 ,986 ,988 ,991 ,981 ,960 ,908 ,852 ,795 
2024-07-20,746 ,703 ,669 ,647 ,644 ,647 ,669 ,719 ,777 ,820 ,853 ,863 ,869 ,874 ,890 ,919 ,948 ,978 ,997 ,993 ,970 ,928 ,870 ,805 
2024-07-21,726 ,682 ,652 ,632 ,622 ,626 ,645 ,699 ,741 ,814 ,832 ,845 ,855 ,866 ,878 ,881 ,894 ,917 ,942 ,962 ,952 ,910 ,857 ,790 
2024-07-22,725 ,687 ,660 ,643 ,629 ,658 ,719 ,792 ,885 ,952 ,981 ,982 ,969 ,978 ,989 ,991 ,"1,003 ","1,018 ","1,024 ","1,009 ",994 ,948 ,898 ,851 
2024-07-23,736 ,687 ,653 ,633 ,627 ,633 ,664 ,745 ,825 ,873 ,901 ,893 ,894 ,916 ,933 ,952 ,969 ,974 ,991 ,980 ,961 ,909 ,855 ,802 
2024-07-24,741 ,692 ,658 ,637 ,627 ,632 ,663 ,745 ,828 ,914 ,958 ,956 ,943 ,959 ,974 ,998 ,"1,009 ","1,019 ","1,042 ","1,023 ","1,004 ",950 ,880 ,825 
2024-07-25,790 ,740 ,707 ,684 ,672 ,679 ,715 ,785 ,885 ,966 ,"1,010 ","1,017 ","1,030 ","1,049 ","1,060 ","1,081 ","1,079 ","1,087 ","1,077 ","1,074 ","1,053 ",996 ,933 ,874 
2024-07-26,793 ,742 ,708 ,683 ,675 ,680 ,723 ,783 ,857 ,923 ,971 ,981 ,986 ,"1,000 ","1,002 ","1,000 ",998 ,"1,004 ",987 ,978 ,951 ,894 ,829 ,767 
2024-07-27,738 ,689 ,653 ,629 ,617 ,621 ,650 ,715 ,771 ,817 ,844 ,867 ,878 ,875 ,891 ,914 ,937 ,967 ,984 ,979 ,954 ,927 ,892 ,844 
2024-07-28,767 ,718 ,685 ,663 ,661 ,660 ,675 ,717 ,760 ,800 ,812 ,820 ,837 ,857 ,869 ,886 ,908 ,947 ,970 ,994 ,976 ,929 ,878 ,816 
2024-07-29,731 ,691 ,663 ,645 ,627 ,637 ,669 ,797 ,888 ,958 ,966 ,967 ,960 ,975 ,990 ,"1,015 ","1,028 ","1,050 ","1,061 ","1,046 ","1,020 ",983 ,948 ,894 
2024-07-30,787 ,726 ,696 ,681 ,677 ,691 ,724 ,816 ,905 ,980 ,"1,005 ","1,011 ","1,024 ","1,053 ","1,070 ","1,075 ","1,076 ","1,082 ","1,083 ","1,073 ","1,047 ",989 ,908 ,838 
2024-07-31,782 ,734 ,700 ,676 ,649 ,656 ,685 ,811 ,904 ,972 ,"1,017 ","1,026 ","1,036 ","1,049 ","1,048 ","1,048 ","1,066 ","1,093 ","1,100 ","1,094 ","1,069 ","1,008 ",926 ,867 
2024-08-01,795 ,731 ,698 ,674 ,657 ,665 ,695 ,780 ,883 ,954 ,989 ,998 ,"1,005 ","1,016 ","1,031 ","1,040 ","1,061 ","1,080 ","1,089 ","1,087 ","1,064 ","1,002 ",926 ,867 
2024-08-02,789 ,740 ,707 ,683 ,675 ,682 ,713 ,791 ,882 ,947 ,"1,022 ","1,026 ","1,034 ","1,048 ","1,052 ","1,063 ","1,078 ","1,091 ","1,101 ","1,095 ","1,064 ","1,032 ",967 ,905 
2024-08-03,808 ,758 ,724 ,701 ,689 ,696 ,718 ,763 ,825 ,892 ,921 ,940 ,956 ,971 ,974 ,974 ,989 ,"1,007 ","1,023 ","1,024 ","1,011 ",966 ,902 ,845 
2024-08-04,785 ,733 ,698 ,676 ,667 ,668 ,685 ,714 ,781 ,815 ,824 ,829 ,848 ,875 ,896 ,916 ,932 ,969 ,989 ,"1,013 ","1,000 ",955 ,889 ,828 
2024-08-05,769 ,724 ,693 ,672 ,653 ,663 ,694 ,764 ,874 ,950 ,996 ,"1,003 ",995 ,"1,011 ","1,026 ","1,038 ","1,052 ","1,066 ","1,090 ","1,083 ","1,052 ","1,006 ",963 ,919 
2024-08-06,790 ,737 ,695 ,671 ,665 ,673 ,703 ,777 ,863 ,927 ,995 ,998 ,"1,013 ","1,032 ","1,061 ","1,076 ","1,084 ","1,094 ","1,099 ","1,101 ","1,070 ","1,010 ",947 ,880 
2024-08-07,828 ,780 ,746 ,723 ,715 ,722 ,753 ,827 ,912 ,"1,035 ","1,076 ","1,081 ","1,085 ","1,100 ","1,124 ","1,128 ","1,133 ","1,137 ","1,153 ","1,148 ","1,109 ","1,066 ","1,009 ",945 
2024-08-08,801 ,751 ,713 ,690 ,673 ,682 ,716 ,791 ,908 ,982 ,"1,035 ","1,044 ","1,051 ","1,071 ","1,079 ","1,086 ","1,102 ","1,119 ","1,121 ","1,106 ","1,080 ","1,019 ",946 ,883 
2024-08-09,791 ,737 ,701 ,678 ,668 ,678 ,713 ,790 ,896 ,978 ,"1,019 ","1,026 ","1,031 ","1,056 ","1,058 ","1,068 ","1,091 ","1,092 ","1,102 ","1,101 ","1,072 ","1,008 ",935 ,867 
2024-08-10,806 ,755 ,721 ,698 ,690 ,698 ,721 ,783 ,845 ,905 ,981 ,"1,001 ","1,013 ","1,011 ","1,033 ","1,056 ","1,073 ","1,101 ","1,097 ","1,068 ","1,026 ",976 ,930 ,871 
2024-08-11,814 ,760 ,716 ,691 ,675 ,692 ,733 ,790 ,848 ,894 ,937 ,947 ,958 ,964 ,974 ,996 ,"1,019 ","1,043 ","1,073 ","1,105 ","1,090 ","1,043 ",961 ,898 
2024-08-12,803 ,754 ,720 ,697 ,689 ,700 ,726 ,806 ,920 ,982 ,"1,035 ","1,054 ","1,056 ","1,057 ","1,076 ","1,095 ","1,113 ","1,123 ","1,133 ","1,130 ","1,096 ","1,041 ",974 ,906 
2024-08-13,793 ,739 ,703 ,679 ,673 ,684 ,717 ,801 ,914 ,999 ,"1,027 ","1,031 ","1,031 ","1,056 ","1,072 ","1,086 ","1,103 ","1,113 ","1,103 ","1,099 ","1,067 ","1,004 ",941 ,875 
2024-08-14,789 ,736 ,700 ,676 ,673 ,684 ,718 ,802 ,918 ,986 ,"1,005 ","1,015 ","1,029 ","1,061 ","1,073 ","1,080 ","1,088 ","1,110 ","1,125 ","1,095 ","1,036 ",976 ,906 ,842 
2024-08-15,782 ,739 ,701 ,679 ,665 ,672 ,700 ,752 ,785 ,825 ,850 ,844 ,849 ,875 ,887 ,903 ,937 ,977 ,990 ,"1,020 ",997 ,947 ,879 ,823 
2024-08-16,772 ,722 ,690 ,669 ,662 ,673 ,705 ,785 ,871 ,952 ,984 ,992 ,987 ,"1,013 ","1,034 ","1,039 ","1,046 ","1,066 ","1,058 ","1,054 ","1,025 ",965 ,902 ,839 
2024-08-17,724 ,683 ,655 ,634 ,629 ,637 ,661 ,725 ,796 ,854 ,902 ,914 ,923 ,928 ,931 ,946 ,962 ,974 ,988 ,977 ,946 ,905 ,846 ,795 
2024-08-18,722 ,684 ,653 ,634 ,627 ,637 ,661 ,717 ,807 ,877 ,902 ,902 ,910 ,926 ,940 ,964 ,981 ,982 ,978 ,974 ,940 ,897 ,855 ,800 
2024-08-19,729 ,680 ,648 ,627 ,619 ,634 ,669 ,761 ,871 ,935 ,967 ,965 ,969 ,981 ,996 ,"1,028 ","1,053 ","1,058 ","1,056 ","1,042 ","1,020 ",967 ,900 ,833 
2024-08-20,772 ,723 ,690 ,668 ,663 ,676 ,710 ,774 ,848 ,942 ,965 ,976 ,980 ,997 ,"1,015 ","1,021 ","1,023 ","1,032 ","1,036 ","1,021 ",991 ,941 ,883 ,835 
2024-08-21,776 ,727 ,693 ,672 ,675 ,688 ,723 ,802 ,888 ,972 ,"1,007 ","1,007 ",976 ,988 ,"1,002 ","1,021 ","1,042 ","1,061 ","1,072 ","1,082 ","1,042 ",981 ,925 ,866 
2024-08-22,785 ,731 ,695 ,673 ,655 ,667 ,706 ,805 ,879 ,987 ,"1,006 ","1,030 ","1,017 ","1,022 ","1,032 ","1,045 ","1,063 ","1,083 ","1,084 ","1,078 ","1,043 ",980 ,907 ,846 
2024-08-23,771 ,725 ,689 ,667 ,658 ,670 ,708 ,791 ,891 ,974 ,"1,022 ","1,025 ","1,015 ","1,054 ","1,075 ","1,078 ","1,089 ","1,099 ","1,090 ","1,092 ","1,056 ",993 ,924 ,862 
2024-08-24,741 ,692 ,658 ,635 ,634 ,643 ,663 ,719 ,805 ,871 ,899 ,920 ,936 ,957 ,965 ,969 ,976 ,995 ,"1,001 ",990 ,956 ,923 ,878 ,823 
2024-08-25,726 ,681 ,649 ,626 ,628 ,634 ,650 ,710 ,771 ,825 ,850 ,859 ,871 ,894 ,902 ,900 ,912 ,942 ,959 ,958 ,937 ,899 ,842 ,778 
2024-08-26,737 ,688 ,655 ,633 ,627 ,640 ,674 ,761 ,875 ,954 ,975 ,985 ,988 ,"1,014 ","1,029 ","1,049 ","1,068 ","1,084 ","1,064 ","1,066 ","1,028 ",960 ,895 ,829 
2024-08-27,727 ,678 ,646 ,625 ,635 ,648 ,684 ,784 ,885 ,964 ,973 ,975 ,988 ,"1,015 ","1,031 ","1,028 ","1,030 ","1,035 ","1,039 ","1,025 ",965 ,919 ,862 ,797 
2024-08-28,734 ,677 ,645 ,627 ,628 ,644 ,693 ,781 ,870 ,942 ,968 ,976 ,988 ,"1,001 ","1,006 ","1,010 ","1,016 ","1,027 ","1,026 ","1,000 ",961 ,909 ,849 ,790 
2024-08-29,742 ,692 ,659 ,638 ,635 ,647 ,687 ,774 ,891 ,967 ,"1,009 ","1,021 ","1,033 ","1,043 ","1,054 ","1,061 ","1,071 ","1,078 ","1,066 ","1,044 ","1,000 ",939 ,880 ,817 
2024-08-30,750 ,706 ,672 ,652 ,643 ,655 ,688 ,770 ,869 ,945 ,967 ,948 ,933 ,956 ,971 ,986 ,"1,007 ","1,035 ","1,025 ","1,012 ",979 ,924 ,861 ,801 
2024-08-31,746 ,688 ,651 ,616 ,632 ,651 ,694 ,732 ,782 ,810 ,856 ,859 ,871 ,885 ,909 ,940 ,965 ,998 ,"1,006 ",986 ,943 ,891 ,852 ,800 
2024-09-01,738 ,691 ,659 ,636 ,634 ,641 ,654 ,680 ,728 ,758 ,821 ,840 ,859 ,875 ,892 ,907 ,932 ,960 ,961 ,945 ,910 ,869 ,839 ,795 
2024-09-02,689 ,646 ,617 ,597 ,585 ,597 ,625 ,714 ,823 ,896 ,919 ,915 ,915 ,929 ,945 ,976 ,"1,004 ","1,027 ","1,004 ",978 ,932 ,884 ,847 ,808 
2024-09-03,741 ,693 ,658 ,634 ,625 ,636 ,672 ,719 ,773 ,841 ,884 ,914 ,910 ,920 ,937 ,955 ,978 ,984 ,995 ,966 ,932 ,886 ,844 ,794 
2024-09-04,688 ,649 ,619 ,603 ,587 ,598 ,635 ,695 ,773 ,839 ,861 ,867 ,869 ,904 ,919 ,924 ,952 ,967 ,972 ,978 ,945 ,890 ,832 ,774 
2024-09-05,713 ,668 ,637 ,616 ,610 ,621 ,650 ,716 ,797 ,855 ,867 ,877 ,879 ,897 ,908 ,924 ,954 ,975 ,971 ,961 ,923 ,869 ,812 ,760 
2024-09-06,704 ,661 ,630 ,610 ,602 ,614 ,644 ,714 ,799 ,862 ,877 ,893 ,896 ,918 ,941 ,959 ,971 ,977 ,976 ,966 ,928 ,872 ,813 ,742 
2024-09-07,706 ,660 ,627 ,602 ,607 ,615 ,630 ,681 ,722 ,765 ,797 ,804 ,807 ,822 ,856 ,879 ,903 ,918 ,942 ,939 ,908 ,856 ,807 ,756 
2024-09-08,701 ,658 ,627 ,606 ,607 ,615 ,626 ,649 ,688 ,732 ,768 ,781 ,794 ,816 ,830 ,859 ,875 ,907 ,935 ,945 ,916 ,861 ,802 ,747 
2024-09-09,674 ,632 ,604 ,586 ,589 ,603 ,632 ,714 ,818 ,888 ,892 ,903 ,895 ,911 ,934 ,960 ,976 ,992 ,"1,005 ",972 ,926 ,879 ,837 ,777 
2024-09-10,710 ,668 ,638 ,615 ,611 ,626 ,676 ,745 ,826 ,891 ,940 ,952 ,951 ,956 ,967 ,976 ,994 ,"1,005 ","1,003 ",997 ,956 ,898 ,837 ,776 
2024-09-11,679 ,642 ,614 ,594 ,602 ,614 ,650 ,729 ,778 ,854 ,889 ,903 ,904 ,926 ,933 ,941 ,955 ,967 ,982 ,958 ,925 ,878 ,821 ,780 
2024-09-12,720 ,677 ,648 ,629 ,624 ,639 ,676 ,757 ,856 ,920 ,953 ,958 ,965 ,989 ,999 ,999 ,"1,012 ","1,030 ","1,037 ","1,029 ",982 ,921 ,859 ,803 
2024-09-13,711 ,668 ,640 ,622 ,617 ,632 ,668 ,744 ,851 ,921 ,950 ,953 ,962 ,968 ,980 ,993 ,"1,008 ","1,023 ","1,016 ","1,017 ",974 ,907 ,841 ,780 
2024-09-14,710 ,660 ,607 ,592 ,587 ,600 ,630 ,659 ,709 ,746 ,757 ,761 ,759 ,767 ,790 ,815 ,834 ,847 ,850 ,853 ,838 ,811 ,768 ,716 
2024-09-15,658 ,626 ,605 ,591 ,587 ,598 ,626 ,653 ,681 ,691 ,704 ,703 ,692 ,694 ,715 ,755 ,790 ,806 ,826 ,836 ,815 ,785 ,756 ,728 
2024-09-16,659 ,617 ,590 ,572 ,567 ,581 ,618 ,637 ,656 ,668 ,674 ,688 ,696 ,718 ,741 ,763 ,779 ,798 ,809 ,816 ,795 ,763 ,726 ,690 
2024-09-17,610 ,568 ,540 ,522 ,517 ,531 ,550 ,574 ,586 ,599 ,597 ,608 ,611 ,623 ,638 ,663 ,688 ,713 ,749 ,764 ,747 ,724 ,691 ,657 
2024-09-18,620 ,591 ,561 ,547 ,558 ,582 ,619 ,655 ,677 ,687 ,697 ,695 ,701 ,718 ,726 ,737 ,755 ,778 ,805 ,810 ,784 ,753 ,716 ,675 
2024-09-19,600 ,555 ,521 ,502 ,499 ,514 ,547 ,628 ,727 ,793 ,814 ,819 ,818 ,838 ,854 ,871 ,889 ,910 ,905 ,899 ,854 ,789 ,726 ,666 
2024-09-20,722 ,674 ,641 ,622 ,623 ,636 ,671 ,737 ,815 ,882 ,934 ,957 ,983 ,"1,003 ","1,008 ","1,011 ","1,025 ","1,028 ","1,039 ","1,022 ",979 ,915 ,853 ,790 
2024-09-21,730 ,682 ,648 ,622 ,629 ,637 ,655 ,682 ,724 ,784 ,827 ,851 ,857 ,875 ,892 ,901 ,913 ,923 ,946 ,954 ,913 ,879 ,839 ,787 
2024-09-22,721 ,677 ,645 ,624 ,620 ,630 ,646 ,688 ,754 ,811 ,851 ,880 ,884 ,893 ,894 ,906 ,908 ,928 ,937 ,914 ,871 ,818 ,772 ,731 
2024-09-23,653 ,613 ,587 ,570 ,569 ,583 ,619 ,665 ,725 ,804 ,817 ,810 ,783 ,792 ,814 ,839 ,874 ,909 ,939 ,926 ,892 ,846 ,808 ,759 
2024-09-24,654 ,620 ,587 ,568 ,553 ,566 ,599 ,650 ,714 ,790 ,835 ,834 ,829 ,846 ,864 ,870 ,895 ,908 ,924 ,929 ,896 ,837 ,788 ,740 
2024-09-25,632 ,600 ,579 ,566 ,551 ,559 ,580 ,626 ,679 ,696 ,719 ,727 ,743 ,751 ,756 ,772 ,793 ,804 ,815 ,796 ,765 ,732 ,687 ,643 
2024-09-26,613 ,573 ,546 ,529 ,525 ,539 ,573 ,638 ,700 ,729 ,742 ,748 ,748 ,761 ,765 ,761 ,774 ,794 ,822 ,807 ,774 ,728 ,698 ,656 
2024-09-27,629 ,594 ,569 ,555 ,549 ,563 ,598 ,664 ,732 ,778 ,781 ,777 ,764 ,777 ,791 ,803 ,801 ,817 ,829 ,824 ,791 ,746 ,710 ,668 
2024-09-28,624 ,585 ,558 ,537 ,538 ,555 ,577 ,616 ,657 ,697 ,710 ,714 ,718 ,740 ,755 ,768 ,772 ,792 ,800 ,812 ,780 ,737 ,703 ,657 
2024-09-29,623 ,585 ,558 ,540 ,547 ,555 ,568 ,610 ,660 ,693 ,704 ,708 ,709 ,719 ,731 ,750 ,755 ,776 ,795 ,807 ,782 ,742 ,708 ,667 
2024-09-30,626 ,592 ,566 ,553 ,548 ,562 ,593 ,649 ,704 ,745 ,746 ,743 ,734 ,733 ,749 ,775 ,784 ,791 ,806 ,786 ,765 ,740 ,713 ,673 
2024-10-01,629 ,591 ,567 ,552 ,549 ,564 ,581 ,602 ,633 ,659 ,692 ,701 ,700 ,708 ,713 ,729 ,756 ,776 ,774 ,755 ,733 ,706 ,673 ,641 
2024-10-02,600 ,574 ,558 ,550 ,549 ,567 ,591 ,624 ,663 ,686 ,693 ,692 ,692 ,694 ,698 ,708 ,716 ,720 ,729 ,717 ,701 ,677 ,655 ,634 
2024-10-03,589 ,551 ,527 ,512 ,509 ,524 ,544 ,559 ,570 ,597 ,629 ,629 ,634 ,654 ,663 ,683 ,686 ,695 ,702 ,697 ,676 ,654 ,619 ,587 
2024-10-04,569 ,536 ,510 ,498 ,501 ,524 ,542 ,565 ,602 ,634 ,657 ,666 ,667 ,676 ,683 ,693 ,697 ,707 ,712 ,707 ,686 ,654 ,629 ,600 
2024-10-05,569 ,533 ,507 ,488 ,493 ,504 ,524 ,553 ,583 ,609 ,621 ,615 ,611 ,623 ,641 ,663 ,681 ,703 ,718 ,704 ,683 ,660 ,630 ,594 
2024-10-06,545 ,517 ,495 ,484 ,491 ,514 ,538 ,565 ,596 ,615 ,617 ,612 ,616 ,635 ,642 ,654 ,669 ,681 ,691 ,682 ,656 ,630 ,605 ,580 
2024-10-07,556 ,529 ,510 ,490 ,508 ,524 ,564 ,605 ,645 ,679 ,679 ,676 ,670 ,679 ,688 ,694 ,711 ,717 ,721 ,709 ,687 ,669 ,647 ,619 
2024-10-08,547 ,522 ,497 ,484 ,492 ,507 ,547 ,581 ,616 ,628 ,628 ,617 ,604 ,611 ,617 ,647 ,676 ,705 ,724 ,697 ,671 ,653 ,626 ,591 
2024-10-09,576 ,550 ,532 ,519 ,519 ,532 ,551 ,578 ,602 ,611 ,621 ,615 ,621 ,637 ,652 ,660 ,670 ,697 ,724 ,709 ,682 ,656 ,633 ,609 
2024-10-10,546 ,531 ,516 ,505 ,504 ,516 ,542 ,590 ,633 ,641 ,627 ,611 ,608 ,612 ,626 ,640 ,659 ,698 ,737 ,728 ,709 ,689 ,658 ,624 
2024-10-11,561 ,526 ,505 ,494 ,492 ,507 ,545 ,581 ,602 ,617 ,605 ,601 ,606 ,629 ,650 ,669 ,694 ,718 ,736 ,720 ,697 ,665 ,637 ,613 
2024-10-12,565 ,530 ,510 ,493 ,498 ,510 ,532 ,548 ,571 ,583 ,593 ,594 ,598 ,611 ,629 ,646 ,681 ,708 ,729 ,723 ,700 ,669 ,644 ,613 
2024-10-13,583 ,556 ,536 ,519 ,521 ,532 ,548 ,573 ,592 ,607 ,607 ,601 ,600 ,618 ,635 ,653 ,672 ,693 ,709 ,696 ,678 ,652 ,628 ,593 
2024-10-14,558 ,529 ,508 ,497 ,494 ,508 ,541 ,587 ,645 ,668 ,660 ,653 ,663 ,681 ,685 ,695 ,707 ,716 ,722 ,708 ,687 ,656 ,630 ,602 
2024-10-15,555 ,530 ,509 ,497 ,505 ,523 ,546 ,584 ,635 ,665 ,662 ,665 ,680 ,692 ,695 ,701 ,714 ,718 ,722 ,709 ,692 ,661 ,633 ,604 
2024-10-16,559 ,529 ,511 ,500 ,500 ,517 ,558 ,603 ,653 ,687 ,690 ,683 ,680 ,701 ,712 ,727 ,743 ,750 ,762 ,755 ,732 ,699 ,664 ,635 
2024-10-17,582 ,550 ,529 ,516 ,515 ,529 ,563 ,611 ,670 ,710 ,720 ,719 ,725 ,732 ,735 ,723 ,737 ,747 ,760 ,753 ,731 ,694 ,658 ,626 
2024-10-18,582 ,548 ,527 ,512 ,512 ,528 ,562 ,615 ,670 ,719 ,740 ,736 ,733 ,750 ,749 ,745 ,745 ,758 ,771 ,754 ,732 ,697 ,664 ,632 
2024-10-19,579 ,539 ,518 ,504 ,510 ,523 ,548 ,571 ,593 ,611 ,616 ,619 ,610 ,622 ,635 ,648 ,670 ,690 ,702 ,695 ,680 ,662 ,642 ,617 
2024-10-20,560 ,530 ,511 ,495 ,504 ,515 ,532 ,552 ,569 ,571 ,566 ,569 ,571 ,576 ,589 ,610 ,632 ,647 ,671 ,653 ,645 ,632 ,613 ,589 
2024-10-21,560 ,529 ,506 ,490 ,485 ,504 ,532 ,570 ,614 ,642 ,662 ,667 ,662 ,667 ,679 ,681 ,685 ,694 ,710 ,698 ,672 ,653 ,627 ,593 
2024-10-22,575 ,543 ,517 ,504 ,503 ,519 ,557 ,594 ,635 ,673 ,690 ,697 ,701 ,705 ,712 ,716 ,724 ,741 ,754 ,744 ,714 ,689 ,654 ,611 
2024-10-23,585 ,553 ,528 ,514 ,513 ,529 ,567 ,600 ,626 ,633 ,622 ,617 ,609 ,622 ,636 ,659 ,688 ,715 ,724 ,706 ,686 ,663 ,638 ,610 
2024-10-24,563 ,532 ,509 ,504 ,509 ,526 ,565 ,607 ,613 ,594 ,560 ,536 ,528 ,539 ,560 ,603 ,662 ,723 ,763 ,756 ,721 ,684 ,639 ,600 
2024-10-25,573 ,539 ,517 ,503 ,503 ,520 ,554 ,596 ,633 ,639 ,631 ,633 ,631 ,650 ,668 ,676 ,694 ,709 ,720 ,715 ,690 ,661 ,625 ,590 
2024-10-26,576 ,541 ,518 ,504 ,513 ,523 ,538 ,551 ,565 ,568 ,574 ,580 ,578 ,582 ,594 ,615 ,633 ,656 ,679 ,663 ,643 ,626 ,604 ,580 
2024-10-27,546 ,525 ,508 ,507 ,513 ,523 ,538 ,559 ,569 ,571 ,566 ,560 ,567 ,588 ,601 ,620 ,643 ,658 ,685 ,670 ,646 ,619 ,587 ,560 
2024-10-28,554 ,525 ,506 ,495 ,495 ,514 ,548 ,595 ,647 ,656 ,627 ,610 ,607 ,624 ,634 ,648 ,672 ,696 ,709 ,699 ,680 ,664 ,637 ,606 
2024-10-29,565 ,534 ,514 ,503 ,512 ,528 ,563 ,593 ,640 ,665 ,671 ,670 ,654 ,656 ,661 ,663 ,685 ,706 ,721 ,714 ,695 ,668 ,643 ,613 
2024-10-30,555 ,524 ,504 ,493 ,495 ,510 ,546 ,562 ,568 ,571 ,552 ,530 ,520 ,531 ,558 ,599 ,647 ,697 ,714 ,704 ,685 ,658 ,636 ,607 
2024-10-31,561 ,530 ,511 ,499 ,501 ,515 ,551 ,592 ,628 ,646 ,639 ,640 ,629 ,646 ,653 ,656 ,678 ,699 ,717 ,707 ,689 ,661 ,637 ,608 
2024-11-01,561 ,530 ,510 ,497 ,498 ,515 ,552 ,599 ,646 ,678 ,680 ,677 ,680 ,685 ,684 ,684 ,687 ,700 ,714 ,704 ,687 ,659 ,637 ,606 
2024-11-02,562 ,530 ,508 ,495 ,504 ,515 ,539 ,582 ,617 ,649 ,649 ,647 ,641 ,641 ,644 ,658 ,680 ,703 ,724 ,709 ,689 ,664 ,637 ,610 
2024-11-03,563 ,529 ,508 ,497 ,505 ,515 ,533 ,568 ,587 ,597 ,605 ,598 ,595 ,602 ,609 ,634 ,659 ,684 ,695 ,686 ,670 ,645 ,622 ,589 
2024-11-04,554 ,525 ,506 ,495 ,495 ,514 ,548 ,595 ,647 ,656 ,627 ,610 ,607 ,624 ,634 ,648 ,672 ,696 ,709 ,699 ,680 ,664 ,637 ,606 
2024-11-05,576 ,542 ,518 ,506 ,504 ,521 ,560 ,595 ,622 ,626 ,600 ,570 ,550 ,559 ,583 ,624 ,668 ,703 ,712 ,695 ,675 ,645 ,624 ,597 
2024-11-06,564 ,535 ,516 ,505 ,505 ,519 ,552 ,582 ,607 ,614 ,586 ,538 ,504 ,519 ,555 ,600 ,671 ,703 ,717 ,705 ,688 ,661 ,635 ,611 
2024-11-07,577 ,539 ,518 ,505 ,500 ,516 ,552 ,588 ,629 ,635 ,593 ,576 ,556 ,578 ,609 ,641 ,674 ,701 ,716 ,704 ,683 ,655 ,628 ,601 
2024-11-08,560 ,527 ,507 ,494 ,494 ,511 ,545 ,575 ,589 ,597 ,600 ,590 ,584 ,604 ,623 ,632 ,657 ,690 ,710 ,693 ,675 ,656 ,634 ,602 
2024-11-09,569 ,541 ,519 ,505 ,512 ,525 ,548 ,582 ,608 ,615 ,619 ,601 ,598 ,612 ,627 ,643 ,658 ,674 ,684 ,670 ,650 ,626 ,615 ,591 
2024-11-10,570 ,537 ,516 ,505 ,500 ,521 ,549 ,570 ,595 ,611 ,624 ,623 ,615 ,618 ,623 ,635 ,645 ,661 ,677 ,663 ,649 ,635 ,614 ,596 
2024-11-11,561 ,524 ,503 ,493 ,492 ,510 ,542 ,580 ,620 ,644 ,629 ,625 ,621 ,622 ,628 ,640 ,679 ,702 ,715 ,700 ,681 ,655 ,635 ,609 
2024-11-12,569 ,536 ,518 ,505 ,497 ,513 ,546 ,559 ,565 ,556 ,550 ,536 ,528 ,543 ,570 ,603 ,635 ,676 ,702 ,689 ,669 ,651 ,629 ,600 
2024-11-13,575 ,542 ,523 ,510 ,502 ,519 ,555 ,583 ,600 ,620 ,630 ,626 ,621 ,627 ,631 ,641 ,673 ,710 ,725 ,700 ,681 ,657 ,637 ,611 
2024-11-14,573 ,542 ,521 ,509 ,510 ,527 ,563 ,593 ,607 ,611 ,624 ,628 ,624 ,630 ,632 ,641 ,666 ,708 ,721 ,702 ,684 ,661 ,636 ,612 
2024-11-15,571 ,541 ,521 ,510 ,512 ,528 ,561 ,594 ,613 ,635 ,646 ,655 ,661 ,670 ,669 ,675 ,688 ,710 ,727 ,707 ,684 ,662 ,645 ,620 
2024-11-16,569 ,537 ,515 ,504 ,511 ,524 ,549 ,573 ,582 ,582 ,577 ,566 ,563 ,564 ,575 ,594 ,624 ,670 ,685 ,684 ,669 ,646 ,631 ,609 
2024-11-17,568 ,537 ,516 ,505 ,503 ,515 ,535 ,546 ,572 ,570 ,570 ,572 ,567 ,570 ,585 ,625 ,671 ,715 ,731 ,747 ,729 ,704 ,685 ,658 
2024-11-18,601 ,563 ,529 ,518 ,533 ,574 ,607 ,647 ,674 ,666 ,629 ,610 ,599 ,624 ,652 ,688 ,721 ,741 ,767 ,740 ,719 ,693 ,664 ,632 
2024-11-19,622 ,591 ,569 ,554 ,560 ,576 ,604 ,642 ,668 ,679 ,664 ,651 ,646 ,662 ,677 ,696 ,721 ,741 ,753 ,734 ,707 ,683 ,659 ,636 
2024-11-20,595 ,562 ,542 ,532 ,537 ,553 ,590 ,635 ,680 ,692 ,671 ,653 ,651 ,657 ,661 ,679 ,711 ,746 ,750 ,737 ,717 ,693 ,669 ,640 
2024-11-21,584 ,551 ,530 ,517 ,525 ,540 ,575 ,610 ,642 ,647 ,643 ,637 ,626 ,634 ,643 ,662 ,689 ,728 ,735 ,724 ,703 ,681 ,663 ,640 
2024-11-22,605 ,569 ,548 ,536 ,537 ,554 ,591 ,620 ,659 ,664 ,638 ,608 ,585 ,611 ,640 ,671 ,714 ,738 ,747 ,732 ,712 ,687 ,654 ,631 
2024-11-23,596 ,563 ,540 ,529 ,532 ,545 ,572 ,613 ,633 ,623 ,600 ,582 ,574 ,584 ,600 ,635 ,675 ,708 ,707 ,689 ,673 ,656 ,642 ,627 
2024-11-24,597 ,563 ,539 ,528 ,531 ,544 ,567 ,595 ,619 ,634 ,640 ,636 ,629 ,633 ,643 ,661 ,680 ,695 ,708 ,721 ,707 ,685 ,661 ,636 
2024-11-25,601 ,581 ,559 ,544 ,535 ,551 ,576 ,617 ,660 ,696 ,694 ,690 ,674 ,677 ,690 ,706 ,722 ,730 ,739 ,722 ,700 ,677 ,657 ,634 
2024-11-26,615 ,583 ,561 ,547 ,549 ,568 ,603 ,641 ,683 ,697 ,688 ,668 ,657 ,674 ,690 ,705 ,725 ,748 ,760 ,739 ,717 ,694 ,677 ,652 
2024-11-27,616 ,582 ,557 ,543 ,545 ,582 ,625 ,680 ,709 ,725 ,715 ,709 ,693 ,695 ,718 ,736 ,748 ,755 ,766 ,753 ,740 ,719 ,694 ,670 
2024-11-28,651 ,610 ,586 ,572 ,561 ,581 ,622 ,656 ,722 ,745 ,723 ,704 ,702 ,715 ,718 ,731 ,767 ,786 ,793 ,775 ,758 ,731 ,715 ,690 
2024-11-29,652 ,612 ,590 ,576 ,571 ,592 ,632 ,679 ,724 ,739 ,750 ,742 ,742 ,749 ,761 ,778 ,800 ,816 ,822 ,810 ,787 ,765 ,737 ,707 
2024-11-30,648 ,612 ,587 ,573 ,575 ,588 ,618 ,677 ,712 ,741 ,731 ,717 ,700 ,702 ,720 ,742 ,755 ,764 ,780 ,765 ,745 ,730 ,706 ,680 
2024-12-01,651 ,612 ,587 ,575 ,580 ,598 ,628 ,644 ,654 ,671 ,693 ,689 ,682 ,690 ,699 ,713 ,727 ,760 ,781 ,775 ,757 ,740 ,720 ,705 
2024-12-02,658 ,628 ,607 ,598 ,610 ,625 ,666 ,699 ,731 ,734 ,719 ,712 ,699 ,704 ,720 ,744 ,775 ,798 ,812 ,793 ,781 ,769 ,750 ,728 
2024-12-03,641 ,602 ,576 ,563 ,567 ,582 ,618 ,675 ,711 ,729 ,722 ,703 ,683 ,700 ,727 ,748 ,769 ,780 ,784 ,771 ,754 ,737 ,716 ,690 
2024-12-04,663 ,623 ,596 ,582 ,581 ,597 ,638 ,677 ,712 ,726 ,695 ,680 ,670 ,685 ,706 ,741 ,772 ,793 ,801 ,784 ,757 ,726 ,701 ,678 
2024-12-05,677 ,639 ,618 ,605 ,603 ,619 ,661 ,705 ,725 ,741 ,720 ,703 ,691 ,697 ,709 ,722 ,756 ,792 ,805 ,800 ,779 ,749 ,728 ,708 
2024-12-06,647 ,611 ,586 ,574 ,567 ,583 ,626 ,675 ,702 ,699 ,682 ,651 ,628 ,643 ,674 ,722 ,768 ,802 ,820 ,805 ,783 ,758 ,734 ,715 
2024-12-07,659 ,624 ,597 ,582 ,589 ,604 ,632 ,674 ,694 ,695 ,696 ,685 ,669 ,682 ,695 ,716 ,734 ,768 ,797 ,784 ,764 ,749 ,731 ,715 
2024-12-08,658 ,622 ,598 ,585 ,585 ,598 ,622 ,651 ,660 ,672 ,686 ,682 ,682 ,690 ,700 ,712 ,745 ,782 ,805 ,791 ,772 ,751 ,723 ,695 
2024-12-09,633 ,597 ,574 ,562 ,580 ,601 ,643 ,705 ,735 ,740 ,744 ,730 ,714 ,730 ,736 ,749 ,784 ,833 ,848 ,825 ,805 ,773 ,757 ,729 
2024-12-10,672 ,632 ,607 ,595 ,599 ,615 ,655 ,717 ,748 ,746 ,727 ,705 ,692 ,705 ,723 ,757 ,797 ,830 ,844 ,826 ,802 ,782 ,762 ,740 
2024-12-11,669 ,630 ,605 ,593 ,598 ,614 ,654 ,706 ,769 ,783 ,767 ,750 ,741 ,753 ,764 ,778 ,811 ,856 ,870 ,847 ,820 ,792 ,765 ,738 
2024-12-12,687 ,642 ,616 ,606 ,611 ,631 ,676 ,722 ,769 ,752 ,722 ,689 ,662 ,672 ,693 ,742 ,808 ,872 ,902 ,878 ,850 ,813 ,777 ,733 
2024-12-13,683 ,644 ,620 ,608 ,604 ,622 ,662 ,714 ,769 ,784 ,773 ,741 ,725 ,739 ,744 ,753 ,800 ,859 ,868 ,847 ,817 ,783 ,749 ,722 
2024-12-14,695 ,651 ,624 ,609 ,609 ,624 ,664 ,738 ,758 ,750 ,736 ,723 ,705 ,703 ,718 ,742 ,795 ,839 ,857 ,844 ,821 ,798 ,770 ,743 
2024-12-15,685 ,645 ,618 ,608 ,611 ,623 ,648 ,680 ,691 ,699 ,702 ,693 ,694 ,691 ,687 ,705 ,743 ,798 ,819 ,823 ,805 ,781 ,753 ,720 
2024-12-16,646 ,611 ,585 ,574 ,582 ,600 ,644 ,701 ,750 ,761 ,761 ,744 ,731 ,759 ,765 ,778 ,821 ,875 ,885 ,865 ,839 ,801 ,768 ,742 
2024-12-17,687 ,642 ,617 ,606 ,612 ,629 ,669 ,722 ,767 ,780 ,771 ,746 ,710 ,739 ,740 ,752 ,790 ,849 ,862 ,852 ,833 ,809 ,787 ,757 
2024-12-18,678 ,641 ,614 ,602 ,614 ,633 ,670 ,726 ,793 ,818 ,792 ,766 ,749 ,773 ,773 ,790 ,833 ,864 ,873 ,868 ,851 ,823 ,782 ,758 
2024-12-19,698 ,662 ,641 ,628 ,636 ,652 ,694 ,754 ,800 ,796 ,746 ,713 ,696 ,712 ,739 ,776 ,821 ,873 ,891 ,878 ,857 ,829 ,804 ,783 
2024-12-20,695 ,659 ,637 ,626 ,616 ,638 ,678 ,726 ,768 ,798 ,792 ,774 ,754 ,786 ,796 ,821 ,849 ,874 ,878 ,864 ,837 ,812 ,792 ,772 
2024-12-21,724 ,673 ,648 ,636 ,641 ,663 ,703 ,739 ,763 ,764 ,755 ,736 ,723 ,723 ,729 ,750 ,796 ,853 ,869 ,865 ,849 ,825 ,805 ,786 
2024-12-22,706 ,669 ,644 ,630 ,638 ,651 ,680 ,718 ,741 ,748 ,749 ,743 ,741 ,728 ,723 ,736 ,762 ,823 ,860 ,856 ,840 ,816 ,792 ,767 
2024-12-23,702 ,657 ,627 ,616 ,623 ,653 ,710 ,782 ,832 ,846 ,829 ,806 ,783 ,780 ,778 ,798 ,834 ,889 ,907 ,902 ,882 ,857 ,830 ,798 
2024-12-24,729 ,687 ,659 ,648 ,643 ,659 ,690 ,736 ,778 ,786 ,759 ,726 ,716 ,743 ,764 ,796 ,843 ,882 ,907 ,893 ,868 ,838 ,820 ,788 
2024-12-25,723 ,685 ,660 ,644 ,648 ,665 ,708 ,753 ,794 ,801 ,792 ,757 ,729 ,746 ,758 ,788 ,828 ,868 ,876 ,860 ,833 ,806 ,785 ,760 
2024-12-26,741 ,699 ,672 ,661 ,658 ,673 ,704 ,766 ,805 ,814 ,808 ,786 ,756 ,753 ,772 ,808 ,847 ,884 ,905 ,891 ,875 ,850 ,829 ,801 
2024-12-27,741 ,700 ,672 ,658 ,651 ,668 ,718 ,792 ,839 ,834 ,799 ,757 ,731 ,741 ,769 ,801 ,846 ,894 ,915 ,900 ,869 ,846 ,821 ,799 
2024-12-28,713 ,672 ,646 ,632 ,632 ,647 ,676 ,732 ,768 ,789 ,768 ,747 ,738 ,752 ,772 ,802 ,852 ,895 ,908 ,894 ,872 ,846 ,814 ,794 
2024-12-29,737 ,699 ,672 ,657 ,645 ,660 ,683 ,731 ,751 ,767 ,751 ,740 ,731 ,736 ,743 ,759 ,797 ,838 ,864 ,859 ,845 ,818 ,794 ,774 
2024-12-30,713 ,675 ,649 ,633 ,632 ,654 ,698 ,757 ,808 ,813 ,793 ,766 ,755 ,769 ,784 ,808 ,843 ,887 ,913 ,896 ,869 ,841 ,814 ,791 
2024-12-31,727 ,689 ,665 ,652 ,659 ,676 ,715 ,783 ,820 ,801 ,748 ,701 ,679 ,693 ,731 ,795 ,857 ,899 ,923 ,910 ,881 ,852 ,820 ,789 
2025-01-01,713 ,675 ,650 ,634 ,634 ,648 ,673 ,697 ,712 ,704 ,693 ,672 ,651 ,654 ,688 ,728 ,768 ,801 ,820 ,805 ,795 ,780 ,765 ,744 
2025-01-02,717 ,677 ,651 ,634 ,634 ,648 ,694 ,759 ,811 ,819 ,801 ,768 ,760 ,781 ,797 ,819 ,855 ,887 ,900 ,888 ,862 ,840 ,808 ,776 
2025-01-03,722 ,681 ,656 ,642 ,644 ,662 ,703 ,765 ,816 ,820 ,798 ,760 ,732 ,747 ,772 ,809 ,854 ,905 ,920 ,902 ,878 ,845 ,814 ,790 
2025-01-04,735 ,695 ,671 ,660 ,655 ,674 ,704 ,743 ,766 ,766 ,737 ,701 ,680 ,686 ,705 ,744 ,801 ,846 ,865 ,858 ,839 ,816 ,793 ,775 
2025-01-05,726 ,687 ,660 ,645 ,641 ,657 ,682 ,714 ,728 ,724 ,706 ,696 ,691 ,701 ,716 ,742 ,777 ,816 ,845 ,828 ,805 ,781 ,765 ,744 
2025-01-06,690 ,653 ,628 ,613 ,617 ,631 ,673 ,731 ,791 ,800 ,778 ,749 ,737 ,756 ,774 ,810 ,850 ,885 ,902 ,884 ,865 ,848 ,827 ,798 
2025-01-07,739 ,698 ,671 ,657 ,654 ,672 ,714 ,782 ,831 ,834 ,802 ,774 ,752 ,750 ,761 ,785 ,835 ,891 ,913 ,900 ,877 ,854 ,828 ,792 
2025-01-08,741 ,701 ,675 ,661 ,671 ,696 ,742 ,805 ,859 ,857 ,849 ,828 ,810 ,815 ,832 ,857 ,874 ,910 ,930 ,917 ,892 ,863 ,851 ,825 
2025-01-09,771 ,730 ,703 ,690 ,693 ,714 ,757 ,830 ,892 ,894 ,868 ,847 ,834 ,845 ,861 ,883 ,921 ,952 ,970 ,940 ,909 ,873 ,853 ,827 
2025-01-10,795 ,758 ,737 ,727 ,724 ,743 ,796 ,872 ,915 ,921 ,903 ,879 ,864 ,869 ,883 ,904 ,935 ,965 ,982 ,957 ,932 ,899 ,864 ,833 
2025-01-11,816 ,780 ,757 ,743 ,736 ,753 ,784 ,836 ,852 ,851 ,837 ,818 ,804 ,825 ,843 ,861 ,890 ,922 ,954 ,936 ,905 ,883 ,863 ,845 
2025-01-12,797 ,753 ,724 ,710 ,705 ,719 ,738 ,779 ,797 ,807 ,789 ,769 ,762 ,778 ,800 ,834 ,863 ,898 ,925 ,909 ,887 ,862 ,845 ,827 
2025-01-13,755 ,719 ,698 ,694 ,704 ,717 ,781 ,855 ,886 ,883 ,857 ,824 ,789 ,812 ,835 ,862 ,894 ,928 ,943 ,912 ,887 ,855 ,832 ,805 
2025-01-14,772 ,735 ,710 ,698 ,693 ,719 ,754 ,798 ,845 ,842 ,797 ,756 ,742 ,761 ,785 ,821 ,872 ,916 ,949 ,925 ,900 ,879 ,853 ,827 
2025-01-15,813 ,760 ,724 ,717 ,712 ,737 ,779 ,854 ,896 ,900 ,878 ,852 ,814 ,832 ,834 ,852 ,899 ,953 ,980 ,971 ,938 ,901 ,887 ,867 
2025-01-16,823 ,776 ,744 ,731 ,727 ,748 ,787 ,850 ,889 ,883 ,843 ,805 ,779 ,769 ,776 ,805 ,861 ,910 ,948 ,925 ,904 ,877 ,852 ,830 
2025-01-17,789 ,751 ,724 ,706 ,713 ,736 ,773 ,819 ,858 ,857 ,816 ,767 ,727 ,744 ,744 ,770 ,838 ,922 ,954 ,957 ,929 ,889 ,869 ,844 
2025-01-18,811 ,768 ,742 ,725 ,725 ,744 ,777 ,806 ,811 ,776 ,732 ,705 ,683 ,698 ,723 ,760 ,798 ,854 ,887 ,882 ,868 ,855 ,838 ,828 
2025-01-19,778 ,742 ,714 ,700 ,697 ,709 ,725 ,761 ,772 ,748 ,722 ,703 ,686 ,684 ,700 ,735 ,782 ,828 ,858 ,836 ,823 ,818 ,808 ,791 
2025-01-20,747 ,724 ,704 ,691 ,698 ,718 ,759 ,813 ,854 ,805 ,759 ,721 ,713 ,731 ,757 ,789 ,844 ,887 ,910 ,897 ,878 ,865 ,840 ,823 
2025-01-21,782 ,745 ,718 ,702 ,706 ,727 ,765 ,804 ,812 ,786 ,728 ,671 ,640 ,652 ,677 ,724 ,788 ,851 ,879 ,868 ,857 ,843 ,821 ,799 
2025-01-22,788 ,751 ,724 ,707 ,705 ,726 ,756 ,791 ,795 ,776 ,746 ,717 ,700 ,720 ,738 ,773 ,816 ,864 ,903 ,893 ,873 ,848 ,831 ,812 
2025-01-23,756 ,722 ,699 ,688 ,688 ,707 ,747 ,781 ,803 ,778 ,732 ,691 ,658 ,670 ,691 ,727 ,785 ,851 ,899 ,890 ,871 ,856 ,832 ,812 
2025-01-24,772 ,736 ,711 ,699 ,704 ,728 ,773 ,825 ,845 ,829 ,785 ,753 ,736 ,750 ,766 ,791 ,822 ,845 ,886 ,873 ,863 ,844 ,819 ,785 
2025-01-25,756 ,728 ,708 ,699 ,703 ,722 ,739 ,749 ,732 ,703 ,670 ,645 ,620 ,631 ,664 ,719 ,776 ,822 ,841 ,834 ,814 ,799 ,786 ,766 
2025-01-26,703 ,680 ,657 ,648 ,653 ,666 ,674 ,678 ,661 ,596 ,563 ,535 ,524 ,549 ,577 ,645 ,707 ,763 ,814 ,799 ,788 ,774 ,757 ,739 
2025-01-27,705 ,672 ,650 ,639 ,644 ,666 ,689 ,712 ,693 ,649 ,617 ,589 ,571 ,583 ,603 ,626 ,676 ,736 ,808 ,796 ,779 ,761 ,734 ,719 
2025-01-28,695 ,665 ,644 ,634 ,639 ,659 ,692 ,704 ,697 ,673 ,648 ,622 ,609 ,625 ,644 ,668 ,724 ,794 ,850 ,835 ,810 ,788 ,761 ,743 
2025-01-29,700 ,670 ,649 ,639 ,644 ,664 ,679 ,678 ,656 ,629 ,610 ,589 ,572 ,585 ,607 ,655 ,727 ,794 ,835 ,819 ,792 ,773 ,755 ,737 
2025-01-30,679 ,650 ,629 ,619 ,624 ,644 ,680 ,704 ,698 ,680 ,648 ,622 ,592 ,598 ,627 ,662 ,712 ,779 ,826 ,816 ,794 ,777 ,760 ,735 
2025-01-31,684 ,661 ,641 ,627 ,651 ,704 ,760 ,799 ,812 ,781 ,738 ,709 ,679 ,680 ,698 ,741 ,786 ,818 ,852 ,845 ,833 ,818 ,802 ,786 
2025-02-01,738 ,702 ,679 ,660 ,668 ,684 ,715 ,753 ,759 ,753 ,740 ,734 ,722 ,724 ,728 ,738 ,753 ,790 ,843 ,838 ,825 ,807 ,790 ,777 
2025-02-02,739 ,707 ,680 ,667 ,685 ,713 ,739 ,754 ,755 ,738 ,716 ,692 ,681 ,677 ,692 ,718 ,757 ,799 ,853 ,850 ,836 ,814 ,796 ,770 
2025-02-03,730 ,709 ,690 ,677 ,677 ,698 ,755 ,843 ,877 ,838 ,814 ,796 ,787 ,811 ,815 ,826 ,856 ,899 ,949 ,941 ,924 ,911 ,889 ,862 
2025-02-04,825 ,782 ,758 ,749 ,757 ,783 ,830 ,888 ,941 ,956 ,943 ,919 ,900 ,910 ,946 ,974 ,999 ,"1,035 ","1,050 ","1,029 ",997 ,962 ,941 ,908 
2025-02-05,857 ,813 ,790 ,780 ,780 ,806 ,852 ,895 ,951 ,991 ,966 ,939 ,916 ,924 ,939 ,972 ,997 ,"1,023 ","1,059 ","1,017 ",982 ,950 ,922 ,881 
2025-02-06,826 ,786 ,763 ,755 ,755 ,774 ,817 ,857 ,905 ,909 ,907 ,883 ,854 ,853 ,870 ,890 ,928 ,965 ,"1,004 ",976 ,945 ,916 ,890 ,868 
2025-02-07,833 ,794 ,764 ,755 ,752 ,781 ,840 ,893 ,939 ,965 ,920 ,899 ,890 ,892 ,900 ,918 ,950 ,986 ,"1,020 ",998 ,973 ,953 ,933 ,914 
2025-02-08,855 ,814 ,787 ,765 ,762 ,780 ,816 ,851 ,865 ,855 ,849 ,836 ,816 ,817 ,829 ,845 ,875 ,922 ,970 ,953 ,945 ,924 ,905 ,887 
2025-02-09,830 ,790 ,762 ,750 ,754 ,765 ,794 ,819 ,821 ,817 ,813 ,795 ,788 ,788 ,797 ,819 ,848 ,891 ,959 ,946 ,926 ,902 ,877 ,855 
2025-02-10,795 ,757 ,729 ,716 ,723 ,743 ,789 ,837 ,886 ,895 ,869 ,854 ,823 ,822 ,829 ,849 ,886 ,937 ,994 ,981 ,960 ,924 ,882 ,851 
2025-02-11,823 ,785 ,759 ,749 ,751 ,761 ,795 ,833 ,854 ,815 ,758 ,713 ,677 ,670 ,690 ,730 ,784 ,840 ,900 ,894 ,874 ,840 ,823 ,806 
2025-02-12,824 ,790 ,767 ,758 ,745 ,754 ,784 ,831 ,887 ,901 ,904 ,889 ,856 ,849 ,861 ,879 ,900 ,925 ,950 ,935 ,906 ,890 ,876 ,852 
2025-02-13,812 ,775 ,751 ,740 ,751 ,768 ,806 ,832 ,824 ,798 ,780 ,730 ,703 ,700 ,727 ,759 ,814 ,842 ,906 ,916 ,885 ,862 ,839 ,817 
2025-02-14,785 ,743 ,716 ,699 ,693 ,711 ,746 ,791 ,812 ,783 ,719 ,680 ,659 ,670 ,698 ,738 ,782 ,845 ,894 ,900 ,868 ,844 ,812 ,788 
2025-02-15,765 ,730 ,706 ,689 ,691 ,702 ,730 ,736 ,745 ,749 ,743 ,739 ,723 ,709 ,709 ,721 ,742 ,776 ,820 ,863 ,853 ,834 ,807 ,798 
2025-02-16,749 ,712 ,687 ,673 ,673 ,687 ,711 ,739 ,742 ,734 ,713 ,692 ,674 ,677 ,689 ,721 ,751 ,796 ,840 ,863 ,848 ,828 ,808 ,782 
2025-02-17,732 ,702 ,679 ,661 ,676 ,717 ,796 ,871 ,894 ,876 ,852 ,825 ,802 ,806 ,820 ,842 ,867 ,915 ,957 ,943 ,920 ,897 ,876 ,858 
2025-02-18,814 ,772 ,748 ,734 ,727 ,745 ,787 ,837 ,848 ,821 ,773 ,725 ,678 ,662 ,690 ,750 ,817 ,890 ,944 ,932 ,914 ,890 ,867 ,849 
2025-02-19,791 ,751 ,726 ,709 ,711 ,744 ,786 ,831 ,815 ,770 ,728 ,696 ,684 ,689 ,709 ,753 ,814 ,888 ,948 ,932 ,915 ,891 ,859 ,840 
2025-02-20,803 ,765 ,745 ,731 ,723 ,741 ,783 ,846 ,872 ,857 ,815 ,756 ,708 ,713 ,731 ,768 ,832 ,904 ,977 ,968 ,937 ,909 ,878 ,855 
2025-02-21,822 ,782 ,757 ,742 ,737 ,754 ,793 ,839 ,874 ,861 ,812 ,756 ,713 ,689 ,708 ,743 ,796 ,876 ,957 ,972 ,948 ,916 ,895 ,874 
2025-02-22,821 ,782 ,761 ,738 ,739 ,751 ,777 ,798 ,814 ,807 ,775 ,731 ,693 ,684 ,705 ,750 ,796 ,855 ,904 ,897 ,880 ,860 ,843 ,824 
2025-02-23,790 ,761 ,738 ,721 ,708 ,722 ,750 ,797 ,818 ,827 ,815 ,798 ,782 ,786 ,798 ,811 ,835 ,864 ,919 ,907 ,897 ,879 ,860 ,840 
2025-02-24,788 ,756 ,734 ,724 ,726 ,756 ,808 ,837 ,867 ,866 ,835 ,804 ,763 ,759 ,787 ,817 ,858 ,908 ,979 ,948 ,922 ,901 ,882 ,858 
2025-02-25,839 ,797 ,767 ,752 ,755 ,772 ,813 ,846 ,851 ,822 ,774 ,739 ,705 ,724 ,748 ,779 ,833 ,872 ,926 ,915 ,897 ,882 ,866 ,850 
2025-02-26,759 ,723 ,698 ,687 ,691 ,705 ,740 ,759 ,754 ,727 ,693 ,657 ,626 ,639 ,661 ,694 ,737 ,795 ,885 ,879 ,860 ,841 ,829 ,813 
2025-02-27,774 ,750 ,728 ,714 ,717 ,734 ,753 ,769 ,759 ,732 ,713 ,687 ,679 ,685 ,699 ,730 ,779 ,843 ,894 ,902 ,883 ,859 ,830 ,820 
2025-02-28,752 ,728 ,709 ,695 ,697 ,711 ,736 ,765 ,770 ,755 ,730 ,713 ,707 ,713 ,732 ,754 ,781 ,821 ,872 ,859 ,842 ,826 ,801 ,776 
2025-03-01,711 ,691 ,671 ,661 ,679 ,703 ,723 ,738 ,743 ,742 ,717 ,693 ,687 ,699 ,719 ,735 ,757 ,780 ,812 ,827 ,809 ,783 ,763 ,737 
2025-03-02,702 ,687 ,669 ,656 ,669 ,693 ,712 ,719 ,725 ,719 ,707 ,700 ,701 ,701 ,713 ,736 ,758 ,785 ,802 ,788 ,775 ,763 ,743 ,725 
2025-03-03,687 ,641 ,616 ,601 ,616 ,638 ,687 ,747 ,778 ,783 ,776 ,762 ,751 ,748 ,752 ,767 ,789 ,823 ,857 ,836 ,826 ,807 ,784 ,758 
2025-03-04,704 ,677 ,662 ,655 ,670 ,690 ,718 ,757 ,788 ,790 ,784 ,773 ,759 ,764 ,767 ,784 ,802 ,830 ,855 ,849 ,840 ,824 ,811 ,790 
2025-03-05,749 ,707 ,680 ,665 ,665 ,685 ,720 ,767 ,788 ,797 ,782 ,752 ,730 ,752 ,766 ,780 ,803 ,828 ,859 ,847 ,820 ,798 ,776 ,752 
2025-03-06,729 ,691 ,666 ,655 ,656 ,675 ,714 ,746 ,761 ,754 ,721 ,678 ,635 ,628 ,648 ,681 ,735 ,792 ,851 ,883 ,861 ,821 ,785 ,759 
2025-03-07,738 ,699 ,671 ,660 ,663 ,683 ,723 ,760 ,790 ,796 ,767 ,730 ,712 ,732 ,764 ,800 ,831 ,858 ,879 ,863 ,842 ,816 ,792 ,767 
2025-03-08,703 ,678 ,661 ,649 ,653 ,669 ,691 ,703 ,696 ,678 ,654 ,649 ,663 ,694 ,714 ,724 ,740 ,757 ,776 ,780 ,770 ,759 ,752 ,738 
2025-03-09,682 ,660 ,644 ,633 ,640 ,650 ,664 ,672 ,671 ,636 ,603 ,585 ,591 ,618 ,634 ,660 ,690 ,709 ,727 ,732 ,722 ,714 ,704 ,697 
2025-03-10,656 ,624 ,601 ,582 ,595 ,619 ,667 ,725 ,765 ,766 ,728 ,701 ,692 ,702 ,702 ,712 ,737 ,755 ,773 ,798 ,775 ,736 ,716 ,684 
2025-03-11,768 ,730 ,703 ,689 ,690 ,711 ,737 ,767 ,782 ,785 ,778 ,770 ,760 ,769 ,780 ,793 ,808 ,818 ,832 ,825 ,815 ,805 ,791 ,776 
2025-03-12,678 ,644 ,620 ,608 ,610 ,643 ,691 ,734 ,742 ,732 ,717 ,717 ,718 ,729 ,739 ,757 ,781 ,813 ,837 ,826 ,805 ,777 ,744 ,715 
2025-03-13,679 ,645 ,622 ,610 ,612 ,632 ,670 ,709 ,723 ,726 ,712 ,683 ,639 ,620 ,615 ,623 ,663 ,713 ,779 ,815 ,803 ,778 ,756 ,736 
2025-03-14,678 ,644 ,615 ,604 ,606 ,623 ,663 ,700 ,706 ,686 ,655 ,623 ,595 ,591 ,599 ,626 ,676 ,717 ,771 ,800 ,789 ,764 ,744 ,727 
2025-03-15,673 ,641 ,619 ,606 ,616 ,632 ,655 ,696 ,712 ,708 ,705 ,702 ,698 ,706 ,713 ,724 ,736 ,753 ,785 ,815 ,803 ,786 ,771 ,749 
2025-03-16,708 ,680 ,662 ,652 ,657 ,673 ,693 ,719 ,722 ,729 ,728 ,724 ,720 ,724 ,735 ,763 ,798 ,831 ,862 ,903 ,880 ,862 ,836 ,807 
2025-03-17,765 ,745 ,726 ,713 ,705 ,728 ,757 ,767 ,779 ,753 ,718 ,675 ,640 ,623 ,637 ,662 ,695 ,737 ,791 ,827 ,806 ,787 ,767 ,760 
2025-03-18,768 ,738 ,721 ,700 ,702 ,717 ,745 ,763 ,754 ,736 ,695 ,661 ,652 ,665 ,697 ,734 ,773 ,830 ,876 ,847 ,819 ,790 ,756 ,731 
2025-03-19,794 ,750 ,721 ,700 ,705 ,729 ,773 ,782 ,776 ,757 ,736 ,689 ,626 ,632 ,654 ,684 ,714 ,761 ,813 ,863 ,850 ,837 ,821 ,802 
2025-03-20,793 ,748 ,707 ,687 ,689 ,708 ,732 ,750 ,746 ,713 ,663 ,628 ,605 ,622 ,642 ,680 ,730 ,775 ,819 ,836 ,825 ,803 ,786 ,756 
2025-03-21,757 ,719 ,690 ,670 ,665 ,678 ,705 ,729 ,719 ,691 ,647 ,607 ,582 ,593 ,625 ,664 ,711 ,772 ,842 ,832 ,812 ,795 ,781 ,758 
2025-03-22,687 ,653 ,635 ,628 ,632 ,642 ,667 ,680 ,657 ,611 ,543 ,514 ,505 ,508 ,522 ,546 ,598 ,661 ,715 ,738 ,731 ,718 ,699 ,684 
2025-03-23,618 ,590 ,570 ,565 ,558 ,568 ,599 ,665 ,643 ,584 ,518 ,489 ,480 ,481 ,495 ,541 ,595 ,651 ,734 ,739 ,733 ,712 ,689 ,673 
2025-03-24,605 ,581 ,562 ,553 ,556 ,571 ,608 ,687 ,687 ,666 ,638 ,618 ,599 ,577 ,576 ,597 ,634 ,681 ,762 ,758 ,742 ,730 ,710 ,681 
2025-03-25,708 ,669 ,648 ,634 ,636 ,654 ,684 ,688 ,681 ,645 ,596 ,559 ,543 ,548 ,565 ,593 ,629 ,679 ,740 ,777 ,753 ,733 ,719 ,697 
2025-03-26,632 ,599 ,581 ,569 ,579 ,594 ,621 ,638 ,627 ,597 ,565 ,544 ,533 ,551 ,570 ,602 ,648 ,684 ,740 ,761 ,758 ,743 ,720 ,699 
2025-03-27,620 ,590 ,575 ,567 ,576 ,589 ,607 ,612 ,613 ,600 ,583 ,575 ,578 ,599 ,621 ,635 ,661 ,716 ,774 ,827 ,806 ,771 ,742 ,718 
2025-03-28,655 ,633 ,616 ,606 ,611 ,639 ,666 ,677 ,666 ,634 ,605 ,594 ,566 ,555 ,561 ,590 ,632 ,672 ,710 ,771 ,760 ,747 ,729 ,713 
2025-03-29,676 ,644 ,624 ,614 ,618 ,633 ,645 ,649 ,640 ,606 ,565 ,531 ,514 ,525 ,559 ,606 ,663 ,715 ,744 ,760 ,747 ,732 ,714 ,697 
2025-03-30,658 ,625 ,606 ,601 ,605 ,618 ,634 ,633 ,617 ,593 ,554 ,525 ,506 ,513 ,542 ,578 ,620 ,661 ,727 ,762 ,744 ,722 ,703 ,681 
2025-03-31,611 ,574 ,549 ,533 ,539 ,559 ,614 ,658 ,667 ,644 ,601 ,562 ,527 ,530 ,547 ,581 ,619 ,695 ,756 ,809 ,788 ,769 ,749 ,719 
2025-04-01,646 ,611 ,582 ,579 ,589 ,611 ,635 ,643 ,624 ,582 ,543 ,521 ,510 ,525 ,545 ,573 ,621 ,683 ,738 ,781 ,768 ,748 ,730 ,708 
2025-04-02,740 ,700 ,666 ,652 ,664 ,688 ,715 ,717 ,695 ,643 ,580 ,535 ,509 ,521 ,556 ,598 ,657 ,721 ,774 ,844 ,830 ,808 ,795 ,772 
2025-04-03,734 ,699 ,674 ,666 ,669 ,690 ,709 ,710 ,690 ,656 ,603 ,559 ,545 ,569 ,605 ,636 ,669 ,709 ,765 ,845 ,843 ,824 ,807 ,784 
2025-04-04,727 ,694 ,672 ,664 ,667 ,687 ,704 ,687 ,657 ,618 ,579 ,547 ,533 ,553 ,579 ,605 ,645 ,697 ,758 ,802 ,789 ,779 ,765 ,749 
2025-04-05,707 ,674 ,654 ,645 ,640 ,657 ,674 ,690 ,692 ,657 ,622 ,598 ,591 ,615 ,641 ,654 ,664 ,676 ,697 ,760 ,748 ,734 ,720 ,711 
2025-04-06,679 ,649 ,633 ,625 ,635 ,651 ,666 ,664 ,633 ,590 ,545 ,508 ,487 ,492 ,519 ,557 ,586 ,633 ,720 ,752 ,735 ,713 ,687 ,666 
2025-04-07,649 ,634 ,619 ,612 ,618 ,643 ,678 ,672 ,639 ,606 ,567 ,542 ,525 ,540 ,571 ,611 ,660 ,695 ,736 ,739 ,725 ,715 ,703 ,688 
2025-04-08,732 ,700 ,678 ,671 ,678 ,700 ,711 ,697 ,666 ,621 ,585 ,553 ,533 ,539 ,560 ,593 ,636 ,692 ,747 ,766 ,752 ,734 ,720 ,709 
2025-04-09,664 ,640 ,624 ,614 ,610 ,629 ,652 ,651 ,615 ,569 ,531 ,502 ,498 ,518 ,551 ,581 ,621 ,666 ,728 ,760 ,763 ,750 ,725 ,693 
2025-04-10,658 ,625 ,605 ,599 ,603 ,622 ,643 ,664 ,652 ,638 ,624 ,616 ,606 ,607 ,609 ,630 ,647 ,672 ,717 ,768 ,790 ,778 ,761 ,739 
2025-04-11,664 ,638 ,620 ,612 ,616 ,634 ,645 ,639 ,611 ,575 ,546 ,523 ,510 ,531 ,562 ,591 ,624 ,668 ,714 ,755 ,743 ,729 ,708 ,688 
2025-04-12,694 ,664 ,645 ,636 ,631 ,640 ,652 ,654 ,636 ,621 ,608 ,610 ,618 ,636 ,648 ,673 ,683 ,702 ,729 ,762 ,781 ,764 ,750 ,734 
2025-04-13,698 ,669 ,653 ,648 ,648 ,664 ,671 ,654 ,602 ,555 ,512 ,483 ,473 ,480 ,521 ,569 ,618 ,677 ,734 ,763 ,777 ,769 ,756 ,736 
2025-04-14,675 ,649 ,633 ,625 ,636 ,651 ,673 ,658 ,615 ,574 ,533 ,503 ,499 ,521 ,554 ,595 ,629 ,657 ,710 ,761 ,743 ,723 ,712 ,698 
2025-04-15,667 ,636 ,620 ,617 ,621 ,633 ,637 ,614 ,588 ,559 ,536 ,512 ,499 ,517 ,539 ,564 ,604 ,645 ,687 ,748 ,737 ,725 ,713 ,697 
2025-04-16,714 ,683 ,666 ,657 ,652 ,662 ,678 ,658 ,625 ,585 ,547 ,523 ,514 ,533 ,574 ,618 ,657 ,692 ,733 ,786 ,777 ,764 ,744 ,726 
2025-04-17,672 ,643 ,623 ,616 ,614 ,632 ,649 ,648 ,634 ,609 ,580 ,551 ,543 ,555 ,573 ,595 ,627 ,660 ,709 ,750 ,738 ,731 ,716 ,697 
2025-04-18,629 ,605 ,578 ,559 ,556 ,565 ,582 ,587 ,593 ,593 ,580 ,556 ,549 ,564 ,590 ,610 ,640 ,668 ,699 ,761 ,751 ,736 ,724 ,701 
2025-04-19,634 ,605 ,583 ,567 ,573 ,586 ,603 ,625 ,605 ,569 ,548 ,542 ,526 ,539 ,565 ,592 ,620 ,656 ,691 ,736 ,719 ,702 ,687 ,669 
2025-04-20,624 ,586 ,578 ,573 ,578 ,592 ,594 ,591 ,584 ,556 ,520 ,496 ,486 ,504 ,527 ,547 ,600 ,649 ,714 ,746 ,729 ,714 ,693 ,670 
2025-04-21,630 ,595 ,572 ,558 ,551 ,562 ,594 ,614 ,610 ,580 ,536 ,508 ,496 ,513 ,541 ,584 ,632 ,682 ,739 ,757 ,741 ,719 ,703 ,693 
2025-04-22,650 ,614 ,593 ,579 ,583 ,593 ,609 ,632 ,653 ,661 ,657 ,657 ,657 ,663 ,666 ,676 ,687 ,712 ,744 ,759 ,753 ,744 ,731 ,717 
2025-04-23,605 ,578 ,559 ,547 ,546 ,565 ,586 ,619 ,649 ,665 ,667 ,658 ,639 ,638 ,649 ,670 ,703 ,723 ,736 ,742 ,734 ,716 ,692 ,665 
2025-04-24,634 ,606 ,592 ,585 ,582 ,589 ,600 ,618 ,617 ,607 ,588 ,570 ,569 ,580 ,601 ,631 ,663 ,689 ,714 ,725 ,721 ,712 ,699 ,688 
2025-04-25,638 ,610 ,592 ,584 ,584 ,596 ,607 ,616 ,621 ,606 ,579 ,545 ,536 ,549 ,564 ,596 ,642 ,678 ,708 ,742 ,745 ,739 ,722 ,700 
2025-04-26,641 ,621 ,605 ,599 ,612 ,630 ,637 ,612 ,577 ,542 ,510 ,492 ,488 ,499 ,523 ,558 ,596 ,635 ,682 ,714 ,708 ,693 ,673 ,660 
2025-04-27,605 ,580 ,565 ,558 ,563 ,571 ,583 ,601 ,601 ,593 ,557 ,539 ,531 ,541 ,556 ,583 ,599 ,633 ,670 ,688 ,691 ,676 ,654 ,630 
2025-04-28,609 ,583 ,565 ,558 ,566 ,591 ,623 ,624 ,610 ,578 ,540 ,521 ,512 ,517 ,544 ,574 ,609 ,651 ,694 ,719 ,720 ,710 ,690 ,667 
2025-04-29,628 ,591 ,576 ,573 ,585 ,600 ,612 ,606 ,605 ,591 ,556 ,536 ,514 ,530 ,548 ,577 ,602 ,634 ,674 ,745 ,755 ,742 ,732 ,707 
2025-04-30,654 ,628 ,604 ,591 ,603 ,617 ,625 ,610 ,583 ,573 ,557 ,533 ,511 ,520 ,538 ,566 ,619 ,652 ,686 ,752 ,763 ,749 ,736 ,710 
