날짜, 1시 , 2시 , 3시 , 4시 , 5시 , 6시 , 7시 , 8시 , 9시 , 10시 , 11시 , 12시 , 13시 , 14시 , 15시 , 16시 , 17시 , 18시 , 19시 , 20시 , 21시 , 22시 , 23시 , 24시 
2023-09-01,338.4,359.4,385.8,406.1,407.9,391.9,378.6,359.5,331.4,344.4,298.5,306.2,361.4,304.7,301.6,306.3,339.3,343,343.1,352.7,345.4,347.3,312.8,354.2
2023-09-02,337.5,316.5,270.8,293.2,333.6,349.2,350.3,417.8,381,371,434.1,412,432.7,483.3,441.5,397.4,316,276.8,278.1,268.4,300.7,339.2,289.2,326.9
2023-09-03,341.4,308.9,265.6,286.5,299,300.3,297.7,350.8,397.8,398.8,428,381.5,367,354.8,315.4,236.3,200.9,217.4,214.1,286.7,313.5,358.3,410.8,441.3
2023-09-04,356.3,333.7,358.3,376.7,388,375.8,384.4,372.3,357.2,370,386.5,377.2,368.3,345.7,313.4,308.2,270.2,272.8,282.2,285.7,301.5,358.5,296.2,279
2023-09-05,281.7,251.4,256.6,275.7,284,268.5,253.9,271.4,305.1,347.4,410.9,478.8,394.3,237.5,247.9,189.2,144.5,272.9,344.6,378.9,373.5,310.8,288.1,321.3
2023-09-06,302.5,343.7,291.7,291.4,308.5,303.7,257.6,249,331.7,391.6,423.2,458,482,456,410.6,342.3,267.2,244.8,221.3,249.8,301.3,334.6,336.4,311.9
2023-09-07,318.1,264.6,266.7,287,296.5,277.9,271.2,320.4,369.8,356.8,319.1,319.5,330.2,328.5,305.9,246.5,210.3,231,278.7,356.6,389.8,426.7,452.9,372.8
2023-09-08,407.2,346.3,281.5,306.5,309,299.4,288.2,345.7,401.2,432.5,448.6,401.1,448.4,467.4,418,347,293.7,232.9,277.4,285.1,316.2,358.1,331.5,318.7
2023-09-09,296.9,254.5,279.8,299.4,304.7,291.2,281.3,347.8,446.3,461.8,455.7,473.1,486,473.6,447.7,400.5,394.4,357.5,293,293.5,326.3,332.7,317.2,342.8
2023-09-10,337.7,311.3,290.6,309.2,314.1,319.3,367.1,372.9,386.5,359.9,352,352.8,333.8,363.6,388.9,381.6,380.3,342.6,278.4,265.6,290.9,338.1,322.4,345.5
2023-09-11,332.9,323.1,349.5,363.2,368.9,354.1,327.5,322.9,339,342.3,351.2,370.4,378.6,312.5,261.4,210.5,190.8,206.8,189.9,222.8,267.5,322,365.2,376.1
2023-09-12,341.9,320.5,323.6,341.2,345.8,333.3,303.7,308.6,305.4,304.9,270,236.2,245.7,222.5,174.5,211.7,275.2,275.7,259.4,254.9,295.4,350.4,348.5,367.5
2023-09-13,363,313.7,320.1,338.2,345.4,330.1,300.3,305.4,269.2,280.7,281.4,300.1,275.5,293.5,282.1,226.4,241.1,251.4,238.8,245.2,277.7,306.7,283.1,287.9
2023-09-14,265.7,247.5,259.4,290.6,299.2,282.3,289.6,288.4,351.9,282.3,257.3,279.2,279.7,325.3,318.1,356.4,335.2,337.7,337.6,342.2,356.6,336.1,355.1,368.2
2023-09-15,299,321.6,283.3,301.1,299.1,281.3,255.5,309.4,301.4,335.9,282.6,325.2,361.4,349.9,290.9,234.3,263.8,276.3,235.2,251.8,283.1,324.7,369.8,372.6
2023-09-16,391.6,353.8,324.2,345.4,356.6,340.8,330.8,322.9,300.7,269.9,305.9,397.8,263.6,253,284.8,431.3,414.9,320.6,267.5,273.9,309.9,349.7,352.1,308.7
2023-09-17,264.6,291.3,324.3,344,346.1,339.2,320.8,329.5,264.6,285,296.5,346.2,315.8,356.7,338.6,368.8,349.6,331.5,302.2,306.1,335.5,386.2,426.5,364.8
2023-09-18,337.2,338.1,341.9,354.7,359,346.4,315.3,331.2,313.5,295.6,304.3,322.1,350.6,338.4,286.8,232.2,213.7,286.6,301.4,312.5,343.3,348.9,384.1,331.7
2023-09-19,318.4,356.8,387.5,407.9,411.5,396.6,365.5,359,380.1,402.5,377.3,409.5,397.2,312.2,233.3,318,331.3,331.9,335.1,358.1,394.5,449.6,444,380.1
2023-09-20,363.4,352.6,382,387.5,392.9,383.9,349.7,303.6,244.5,220.6,292.5,318.4,355.4,315.1,286.4,217.9,252.1,303.8,306.2,344.5,369.1,288.7,273.6,290.1
2023-09-21,293.5,244.3,324,361.3,378.7,359.8,333.9,311.3,334.4,467.7,480.2,471.6,461.3,410.2,414.2,358.3,341.9,359.7,361.7,359.1,349.4,379.8,430.9,361.5
2023-09-22,335.8,334,347.8,369.7,378.9,377.5,337.1,315.4,294.1,307.6,333.6,349.3,381.6,263.3,279.8,325.5,352.7,304.2,277.5,278.5,299.1,300.7,261.2,297.4
2023-09-23,277.8,308.2,337.1,356.6,371.4,376.5,339,343.1,417.3,433,483.9,476.5,383.2,387.8,413.9,342.4,327.8,354.5,401.2,386.9,406.4,349.2,376.1,347.7
2023-09-24,359.7,385.7,419,441.7,437.9,442.6,420.4,413.6,418.6,475.1,510,485.6,512.7,526.6,424,373.6,334,351.9,377.1,375.4,377.9,393.9,419.9,388.8
2023-09-25,332.7,346.7,370.1,391.6,383.9,379.9,371,389.7,293.3,257.4,275.5,293.5,228.6,152.4,120,141.8,160.8,205.6,377.5,380.8,418,371.4,358.9,358.9
2023-09-26,356.7,314.4,308.5,327.7,328.4,314.8,290.8,306.2,392.6,357.4,366.4,413.6,421.4,378.3,305.7,298,311.1,298.3,316,330.1,355,390.9,417.4,446.4
2023-09-27,426.8,437.1,419.7,437.3,442.3,433.4,415.4,403.8,422.1,448.3,486.9,506.8,491.9,463.6,427.1,396.6,358.9,278.2,273.4,288.6,308.4,334.3,356.8,372.7
2023-09-28,370.8,392,417,439.6,439.1,439,414.7,408.7,431.9,474.6,314.3,344,459.4,436.4,429.9,390.9,302.3,209.4,261,267.9,281.1,325.8,364.5,308.7
2023-09-29,308,344,344.6,335.4,341.4,351,322.8,333.1,403.8,464.3,528.5,564.7,561.8,518.1,454.5,371.6,304.8,292.9,274.6,285.9,295.2,236.1,231.1,237.3
2023-09-30,247.3,281.5,299.6,323.4,339.5,350.2,337.7,332.5,325.4,267.8,231,277.1,296,269,270.6,350.8,335.7,371.5,330.5,335.5,323.3,363.5,408.3,372.8
2023-10-01,362.9,402.7,398.6,321.2,315.4,317.2,284.4,318,416,512,546.1,583.6,586.3,581.8,557.5,537.2,427.7,341.7,339.7,341.3,348.4,360.1,376.4,351.9
2023-10-02,329.1,335.1,322.3,334.8,330.3,365,351.5,319.5,355.8,451,535.4,542.3,538.5,509.9,481.4,399.9,319,278.9,257.5,275,288.2,312.5,329,321
2023-10-03,310.7,271.1,242,259.1,267.5,266.6,247.2,221,214.6,183.3,210.2,220.9,240.7,254.1,227.3,263.4,281.6,267.4,247.3,244.6,275.1,298.5,317.8,334.8
2023-10-04,321,280.1,304.2,320,315.2,314.1,311.1,375.6,446.1,504.1,549.3,492.9,419.8,507.6,493.9,465.6,419.1,417.7,420.5,451.2,449.4,451,404.3,395
2023-10-05,427.8,382.3,441.3,452.7,456.1,486.6,461.6,441.8,476.3,470.3,522.7,444,538.8,514.3,377.7,322.4,292.6,228.3,288.5,325.9,300.6,271.5,275.5,258.5
2023-10-06,213.1,239.7,255.7,258,244.7,238.3,222.3,208.8,252.3,196.1,304.6,237.1,272.6,266.8,109.2,114.7,141,189.7,276.1,274.9,251.6,255,250.9,264.7
2023-10-07,257.7,288.3,224.2,215,198.8,185.7,160.7,140.8,133.2,158.7,215.1,234.3,235.7,215.6,201.8,233,236.8,237.9,245.5,259.1,270,258.3,273.1,256.4
2023-10-08,187.7,218.3,243.5,242.4,230.9,251.9,239.5,239.2,208.6,202.6,247.5,252,226.2,232.8,201.3,212.9,247.4,309.5,284.9,281,294.6,282.1,300.5,255
2023-10-09,219.9,191,204.3,212,214.5,212.6,184.9,210.9,222.9,212,233.8,167,132.1,152.2,211.7,111.3,102.4,244,278.8,301,282.2,286.8,293.9,221.1
2023-10-10,207.1,214.2,240.6,283.6,268.8,273.1,237.9,255.6,219.4,229.1,220.5,216.9,218.5,196.9,141.2,94.4,65.5,208.5,279.7,284.4,286.4,287.3,255.7,188.9
2023-10-11,230,227.3,231.2,211,215.5,222.3,181.3,172.3,206.9,168.6,227.6,221.3,216.5,211.9,182.1,152.5,126.3,234.3,239.5,246.9,264.9,259.7,234.3,189.8
2023-10-12,223.5,214.9,193.5,217.3,220.9,211,177.7,186.7,242.3,197.9,237.8,243,232,221.6,182.8,187.4,174.5,205.8,248.6,264.2,275.8,278,243.9,189.9
2023-10-13,228.4,198.4,203.7,218.3,223.1,231.2,185.6,168.4,171,186.2,129.3,183.1,213.3,169.7,153,94.1,164.9,201.8,227.6,240.8,249.7,272.6,292.1,249.4
2023-10-14,209.8,218.4,201.7,209.1,211.8,203,187.4,208.2,183.8,176.1,228,244.4,185.5,165.8,200.8,210,303.5,265.5,245,266.6,276.7,234.8,230.1,191.8
2023-10-15,201.1,202.1,201.1,197,213.3,213.9,184.6,196.2,171.6,198.4,190.5,188.4,203.5,213.8,158.5,168.4,233.3,229.3,242,176.6,163.9,161,166,187
2023-10-16,207.3,169.2,188.6,196,219.2,228,215.7,183.2,184.5,238,259.2,296.7,297.9,295.2,287.5,260,244.2,269.4,357.2,310.3,268.4,275,294.5,302.3
2023-10-17,215,236.7,266.4,276.8,269.7,272.9,221.9,205.9,282.2,308.2,309.9,322.1,318.3,293.2,282.5,222.7,215.2,471.6,519.8,511,454.2,475.1,489.6,505.4
2023-10-18,548.9,528.9,476.4,445.4,440.7,420.3,389,390.6,406.9,406,411.8,475.8,510.4,475.8,414.1,366.7,292.8,313.8,340.3,354.3,400.6,369.9,360.7,364.9
2023-10-19,375.9,392.6,415.5,407.5,382.2,390.8,368.5,363.6,437.9,479.1,475.1,488.1,476.4,451.3,420.1,356.7,288.5,281.7,255.2,269.8,292.9,325,346.4,372.8
2023-10-20,341,408.2,488.8,522.4,539.5,554.9,522.2,463.2,471.1,486.4,443.4,492.3,595.9,617,646.8,610.9,529.4,437.6,487.3,512.1,511.6,487.3,444.2,459.3
2023-10-21,482.3,483.3,475.7,481.3,478.4,474.5,464.9,465.1,529.2,621.1,668.2,683.2,687.5,665.9,651.8,611.8,500.2,456.8,421.5,434.7,441.1,438.7,441.9,456.2
2023-10-22,467.7,402.1,425.3,440.9,431.2,421.4,395.8,415.2,511.9,599.7,606.3,637.1,658.3,604.6,549.4,456.8,356.8,369.6,352.7,363.9,365.3,378.9,400.3,421.7
2023-10-23,430.5,371.2,359.9,368.1,365.2,353.8,315,313.8,406.4,472.4,523.3,551.3,534.1,454,421.1,381.5,286.2,248,270.7,284,156.2,181.1,205.5,233.6
2023-10-24,269.1,293.8,396.4,478.6,475.7,457.1,424.7,414.1,436,444.9,426.5,392.5,387.7,387.2,377.8,339.2,282,289.8,299.1,313.6,336,339,345.1,365.5
2023-10-25,404.5,437.3,457.7,467.8,467.1,452.8,418.7,412.5,429.5,435.5,415.3,437.9,463.8,393.8,332,307.2,283.9,275.2,291.5,315.3,326,355.5,375.6,371.2
2023-10-26,405.8,435.2,428.4,356,354.7,341.4,304.3,284.2,342.6,388.9,404.8,429.3,421.7,384.4,367.8,351.9,328.5,280.7,285,330.6,355,379.7,398.5,383.7
2023-10-27,334.4,279.6,285.5,332,374.7,368.3,322.2,298.9,381.5,456.2,473.7,478.2,475.9,454.4,444.3,440.8,396.8,321.5,396.6,380.2,356,340.4,341.2,336.7
2023-10-28,341.8,375.3,395.8,394.9,398,394.3,372.8,360.3,438.7,471.5,508.5,478.5,485.5,509.5,489.5,450.7,330.5,327.7,319.3,302.6,308,314.5,327.9,334.8
2023-10-29,361,363.6,379,391.4,387.8,383.8,354.7,368.2,475.7,480,522.1,520.4,508.2,485.9,436.4,366.8,282,290.5,264.1,274.5,289.3,314.2,332.8,339.3
2023-10-30,360.8,375.6,382.2,395.1,392.3,374.8,341.1,325.9,409.9,446.2,435.3,452.9,449.4,406.5,380.2,396.4,337.4,251,232.4,241.6,261.6,289,314.9,341.9
2023-10-31,373.7,370.1,377.6,388.9,387.3,369.8,333.2,347.6,413.5,429.3,465.9,506.6,517.7,482.4,424.1,417.8,307.4,276.4,286.4,302.1,298,315.3,337,354.5
2023-11-01,374.7,407.5,424,438,439.9,431.9,395.7,375.5,451.9,496.6,527.7,561.2,585.5,545.9,488.9,406.5,302.5,219.1,221.1,231.4,251.3,283.4,314.7,343.5
2023-11-02,324.7,339,359,379,385.6,352.5,304.8,301.8,383.4,459.3,500.9,540.8,563.3,538,482.3,407.8,339.1,286.6,306.5,330.2,336.4,371.2,401.5,420.8
2023-11-03,377.2,370.9,388.6,399.8,378.1,366.5,321,297.5,370.2,437.3,457.3,479,476.2,432.8,396.9,329.9,228.5,236.2,264.7,284.5,299.9,328.7,361.9,366.8
2023-11-04,316.2,348.5,367.3,378.1,374.7,367.6,338.6,336.4,458.2,502.6,486.2,453.4,453,436.5,433.3,409.1,353.1,333.8,350.8,376.1,392.8,412,434.8,405
2023-11-05,397.8,427.3,459.4,494.6,495.8,495.6,475.9,444.9,439.2,422.1,464.9,445.2,472.5,510.3,519.1,509.6,461.2,375.2,403.6,410.8,413.1,458.9,491.2,478.3
2023-11-06,428.5,456.5,471,502.2,461.4,430.1,375,381.7,396.2,423.5,387.3,358.5,403.9,405.9,413.5,412.4,372.1,324.4,390.6,440.2,450.5,467,478.4,499.9
2023-11-07,531.7,536.9,453,423.1,448.6,450.9,406.9,367.4,440.5,546.4,565,570.1,568,531.8,489.9,424.5,301.7,283,291.8,288.2,305.4,338.8,352.6,364.7
2023-11-08,389.8,422.9,446.6,438.7,432,437.1,394.2,352.9,386.6,459.6,457.2,502.6,530.8,484.8,434.7,368.2,248.9,264.6,257.9,262.7,277.5,287.1,282.6,310.6
2023-11-09,350.5,385.1,408.7,424.7,423.9,411.4,375.4,344.5,389.7,420.4,421.9,420.6,353.5,257.8,279.3,286.9,283.1,265.2,278.4,254.9,273.2,296.2,323.6,351.3
2023-11-10,385.3,373.4,343.3,435,495.7,506,486,431.2,434.9,467.6,456.3,515.1,505.8,527.7,527.2,499.2,481,417.1,407.9,409.5,453.6,471.4,490.4,451.5
2023-11-11,392.8,438.7,444.2,451,449.4,412.3,400.9,409.7,473.6,591.9,639.4,637.6,636.8,643,583.2,523.7,456.2,479.4,531.6,557.2,548.2,570.2,475.4,491.7
2023-11-12,513.8,446.9,459.3,479.2,478.3,464.2,416,412.8,392.4,459.1,438.3,491.1,502.2,416.9,423.7,409.6,391.6,443.5,419,429.4,418.7,412.6,451.3,476.3
2023-11-13,472.9,403.1,414.7,436.3,419.5,425.3,384.2,384.1,428.7,469.3,503.2,529.2,509.3,419.9,368.9,309,238,273.8,265.6,286.9,293.3,315.1,331.7,354.6
2023-11-14,396.2,427.5,422.6,433.9,429.4,417.9,373.2,328.2,331.3,389.6,452.1,418.7,418.6,416.2,385.8,390,300.7,261.6,330.6,333.3,333,383.3,400.8,416.1
2023-11-15,460.7,502.1,528.8,550.1,547.5,538.4,497.9,464.8,516.3,504.3,453.7,512.5,506.5,461.8,462.9,402.9,348.4,323.6,380.6,400.3,404.4,410,425.9,421.4
2023-11-16,452.8,484.7,507.6,522.7,528.1,510,485,464,448.5,415.4,424.2,497.7,482,469.9,496.9,515.2,501.7,467.2,429.2,451.8,493.4,507.9,410.8,389.6
2023-11-17,415.3,384,398.9,468.3,455.7,412.2,351.5,281.7,241.6,340.3,426.8,490.4,387.8,304.3,316.7,278,313.6,328.6,327.6,328.2,328.4,386.7,407.6,418
2023-11-18,445.5,478.9,508,524.4,498.4,491.2,481.7,480.5,405.9,400.6,371.2,324.8,359.3,315,315.5,288.2,290.1,276.5,304.2,328.9,303.2,284.5,312.9,309.5
2023-11-19,361.6,386.3,392.4,389.9,378.7,386.3,333.3,360.3,427.3,416.9,471.3,548.4,586.9,596.3,559.1,469.4,330.1,298.8,328.1,406.7,416.4,423.6,415.6,438.2
2023-11-20,389.6,380.2,398.9,403.8,403.6,403,371.3,350.8,450.5,455.2,491.3,541.8,573.2,535.6,477.2,379,247.2,215.2,321.5,320.5,322.4,337.9,349.7,359.3
2023-11-21,384.9,369.3,320.5,331.3,330.6,314,296.7,280.1,338.1,420.4,408.1,463,480.1,423.1,402.8,370.2,448.7,362,340.3,350.5,363.6,387.4,380.9,305.2
2023-11-22,311.6,331.9,307.6,318.6,316.7,309.7,275.1,234.5,286.4,381.7,371.8,419.2,464,429.9,376.7,330,294.1,303.8,309.9,321.3,364.8,403.3,431.1,474
2023-11-23,468.2,426.7,443.5,440.3,406.9,393.7,347.8,311.1,315.4,386.9,492.9,524.9,521.1,512.4,505.3,445.3,405.5,467,497.1,458.2,499,476.9,436.6,437.1
2023-11-24,351.3,391.1,415.1,432.2,433.5,428.9,403.7,369.9,363.4,474.1,477.2,410.2,414.3,364.5,356.4,338.5,329.4,343.1,402.8,405.1,384.1,393.4,383.1,405.3
2023-11-25,455.1,496.8,525.9,523.2,536.5,539.7,503.3,467.5,446.8,499,452.3,521.1,521.5,475.8,389.3,339.6,307.4,316.8,315.3,316.7,323.3,337.4,352.5,366.7
2023-11-26,314.5,310.7,302.5,318.3,325.5,316.6,299.1,326.4,402.5,484.4,451.7,481.5,498.3,454.2,399.8,391.5,381.5,335.8,318.5,328.4,345.1,365.2,382.6,413.5
2023-11-27,461.3,504.9,527,526.9,517,513.3,487.9,438.2,411.2,392.4,410.5,486.1,544.3,562.1,562.6,484.6,415.8,345.2,317.2,297.4,310,341.5,346.2,370.4
2023-11-28,392.1,439.7,464.5,409.9,411.7,424.6,406.3,360,322.2,356.6,399.2,444.8,522.5,545.5,541.4,469.6,370.3,236.4,200.3,225.5,217.3,226.7,242.3,288.8
2023-11-29,325.1,343.6,363.6,377,380.2,360,314,270.1,296.3,404.7,366.7,429.1,439.1,393.8,332.1,273.2,257,283.1,364.9,402.4,370.4,403.6,430.1,421.1
2023-11-30,380.5,422.1,406.1,433.5,431.1,425.2,441.4,386.1,340.4,380.7,337.2,332.3,359.4,331.9,342.8,388.9,386.2,397.4,407.9,389,381.8,379.6,399.5,424.5
2023-12-01,444.2,447.5,473.9,502.6,499.4,507.8,466.9,440,412.7,389.9,414.3,268.9,314.2,306.2,254.3,251,244.6,251.7,410.1,422.4,405.8,382.5,402.1,410
2023-12-02,337.3,332.8,352.8,353.1,341.9,332.8,296.1,272.1,278.9,302,264.6,307.9,327.7,253.4,230.9,209.3,198.1,234.4,249,269.6,292.6,313.9,339.1,345.8
2023-12-03,372.3,381.7,404,430.2,445.4,446.1,417.8,371,330.2,336.8,371.8,470.9,521.2,515.5,463.8,462,432.6,330.6,302.1,309.3,313.4,330.3,341,328.2
2023-12-04,262.5,290.8,289.9,303.9,304.4,293.9,247.8,205.3,309.9,438.6,565.2,508.7,481.3,399.1,332.1,282.5,250.3,235.4,209.2,207.1,223,256.5,283.8,320.9
2023-12-05,355,381.5,400.7,411.2,415.4,410.2,378.2,332.2,347,460.3,487.6,542.4,575.8,547.9,507.1,395.1,261.1,196.5,269.3,267,261.7,268.3,280.4,303
2023-12-06,351.3,379.5,376.1,386,390.6,377.2,349,293.8,281.5,395.1,438.6,439.7,543.7,444.4,363.5,313.9,338.8,272.8,388.2,457.4,359.5,299.3,306.7,311.5
2023-12-07,360.3,400.1,436.6,433.4,438.9,410,355.8,291,288.3,413,511.5,559.6,591.8,556.4,503.2,416.1,303.1,276.1,246.1,258.1,262.8,296.4,329.1,367.6
2023-12-08,351.5,346.2,373.9,393.9,404.3,428.7,409.7,372.2,376.4,484.8,515.5,590.2,616.7,597.6,572.3,501.7,382.2,378.3,401.2,381.4,364,368.5,388.7,388.3
2023-12-09,409.3,419.5,414.6,455.7,437.2,420.6,353.4,350.3,399.9,397.8,415.6,438.7,502.3,488.8,420.6,386,402.1,332.3,328.5,342.6,341.3,348.7,369.6,384.2
2023-12-10,383.6,413.6,441.8,447.8,450.5,446,424,405.4,395.7,395,418.9,511.4,509.5,465.5,410.8,308.3,305.6,349.3,353.5,341.8,342.6,345.9,369.3,379.7
2023-12-11,429.8,451.5,491.4,518.3,510.7,534.3,510.6,463.7,441.4,428.3,442.2,424.3,396.8,333.9,349.5,380.9,370.7,334.3,343.4,369,422,407.3,405.8,419.6
2023-12-12,475.2,505.8,506.2,498.3,507.5,492.1,434,355.6,326.1,368.8,451.9,474.5,516.8,518.7,498.4,493.5,406.5,324.5,327.2,305.6,298,320.2,334.1,351.9
2023-12-13,372.5,396.5,409.5,427.2,427.4,418.3,389.2,329.6,294.3,326.7,365.9,393.6,435.7,455.1,399,369,227.3,249.1,310.2,323.1,355.5,369.4,367,358.3
2023-12-14,370.4,300,314.6,327.1,327.6,360.8,398.7,376.5,316.7,284.6,330.9,302.3,271.3,285.4,341.9,368.9,374.7,331.6,331,320.3,327.4,384.2,326.9,314.2
2023-12-15,326.5,355.6,383.7,407.8,414.7,421.7,375.2,328.6,314.7,313.1,303.8,264.4,249.8,285.6,392.1,505.4,490,457.6,479.2,541.5,531,521.2,428.3,454.3
2023-12-16,408.5,401,437.6,454.7,448.5,417.8,366.3,394.1,346.4,310.2,352.7,372.4,384.4,397,373.1,453.3,453.7,406.7,405.9,423.4,420.8,426.7,454.7,416.3
2023-12-17,346.4,399.3,419.1,437.6,445.4,451.1,427.2,410.4,436.1,418.8,392.5,413.4,442,453.1,391.5,389.2,323.2,268,317.4,333.8,345.1,336.7,339.4,337.3
2023-12-18,390.7,415.3,411.4,418.1,412.7,427.3,419.6,334.9,280.8,291.3,365.2,413.8,381.6,249.3,236.9,242.8,224.5,215.8,271.9,307.6,330.8,368,382.6,395.9
2023-12-19,434.2,465.3,485,469,469.4,422.2,376.7,306,234.7,213,263,276.6,318.9,338.6,407.9,395.4,343.1,297.9,354.2,433.1,435.5,401,368.1,390.5
2023-12-20,406.5,374.7,419.2,435.5,440.5,475.2,420.2,330.9,309.7,344.3,427.6,519.8,571.4,529.6,526.6,497,403.5,363.7,363,346.7,358.5,371.9,395.2,403.5
2023-12-21,418.9,410.7,431,471.1,498.4,502.4,451.6,381.4,290.8,240.9,220.8,285.6,341.7,345.5,327.5,278.3,272.9,314.3,356.3,349.6,352.9,356,362.1,379.4
2023-12-22,394.5,418.9,452.5,469.4,475.2,498.8,468.6,392.8,327,256,249.8,274.7,289.6,299.1,310.5,339.3,331.5,302.8,290.1,307.3,300.5,323.7,315.1,330.5
2023-12-23,352.1,389.9,389.9,422.3,402.2,389.5,368.8,397.2,412.6,406.4,434,504.5,519.8,490.5,476.5,461.8,386.1,309.6,346.7,351.5,276.7,283.7,304.4,240.3
2023-12-24,254.6,264.6,301.9,338.2,380.5,407.4,340.6,328.1,333.7,340.6,355.8,387.3,421.7,420,396.4,394.3,406.6,360.9,379.7,329.6,318,333.6,355.3,369.4
2023-12-25,385.6,396.7,401.4,431.2,455.2,464.9,449.5,431.5,450.4,483.9,510.9,506,501.6,493.7,530.1,471.1,440.7,345.7,330.4,326.8,337.7,328.1,329,348.8
2023-12-26,370.2,399.1,412.3,420,420.3,419,402.5,342.7,310.7,409.7,437.7,380.7,397.3,356.7,336.5,285.6,318.7,283.4,264.8,268.5,281,313.9,338.5,369.9
2023-12-27,408,424.7,385.5,410.1,416.5,408.6,333.5,284.4,287.7,415,534,575,540.3,526.5,458.6,358.5,322.5,332.4,309.9,312,378.4,318.6,283.6,318.9
2023-12-28,324.6,331.5,467.2,484.8,462.8,442.4,387.2,321.6,284,348.4,401.1,472.1,506.6,485.2,482.7,461.1,315.7,317.4,342.4,351.6,378.3,384.3,411.1,409.7
2023-12-29,454.8,460.2,491.8,509.4,498.1,501.1,461.2,274.5,215,268,374.5,440.5,501.5,433,379.1,461.9,420.2,265.2,246.7,283.3,289.6,294.9,307.8,326.3
2023-12-30,343.1,346.6,338.4,358.4,370,348.7,325.6,302.9,306.6,389.1,402.8,484.8,535.5,512.1,431.4,308.4,272.2,300.8,281.2,282.6,300,306.8,319.3,370
2023-12-31,356.4,348.8,432.1,453.6,437.6,470.4,475.7,450.9,407.2,496,549.1,486.3,458.2,426.8,408.4,383.2,354.5,404.2,425.2,408.3,422.2,427,292.6,317.3
2024-01-01,320,314.3,307.1,298.5,314.7,337.2,305.5,202.6,320.4,420.7,489.3,448.7,333.7,304.2,316.7,337.8,364,336.8,332.7,337.7,340.5,366,375.1,371.7
2024-01-02,392.7,419.9,437.5,454.1,463.2,444.7,389.6,324.4,297.1,444.9,441,510.3,508.2,363.9,290.9,276.8,334.9,284.1,267,263.8,281.8,300.3,311.7,337.1
2024-01-03,365.1,323.7,341.3,369.4,371,371.4,397.2,447.2,378.9,384.7,435.7,408.5,454.8,505.1,497.8,422.9,343.2,231.7,345.6,403.7,419.1,405.3,308.7,287.1
2024-01-04,309,303.6,312,309.7,308.9,286.6,228.7,160.4,176,332,345.6,384.3,389.2,360.7,287.6,224.5,263.4,280.8,246,242.4,262.5,289,305.8,308.2
2024-01-05,270.6,324.8,275.3,272.8,265.8,241.8,225.4,226.1,246.7,284.3,324.3,302,341.4,375.7,324.6,259.8,249.5,265.6,319.9,327.3,335.3,347.3,337.4,300
2024-01-06,339,295.9,296.5,334.5,366.8,380,335.5,329.4,345.3,384.7,445.9,482.1,497.9,482.7,477.1,405.6,325.5,212.6,247.4,268.7,277.2,312.9,292.6,288.8
2024-01-07,217.4,271.3,309.6,357.4,358.7,367.6,313.8,269.8,382.4,382,395.9,360.1,381.6,346.1,388.6,371.5,335.9,236.4,264.2,341.6,338.5,354.8,346.2,338.3
2024-01-08,280.2,262.6,272.5,283.4,286.5,298.5,265.2,228.4,203.2,366.1,421,368.7,303.7,234.2,195.8,215,298.3,287.8,290,294.1,301.3,303.7,264.1,275
2024-01-09,291.5,277.7,272.9,293.3,293.3,291.4,318.3,286.9,272.4,314.3,355.8,311.7,286.9,281.4,284.5,322.1,313.2,300.4,309.6,339,308.2,332.7,330.3,324.4
2024-01-10,327.1,332.8,348.3,397.6,442.5,455.8,414.3,362.6,339.7,381.6,353.8,433.5,495.4,453.1,449.4,398.2,307.2,283.6,403.1,415,422.3,416.9,343.9,315.4
2024-01-11,352.2,333.1,297.5,354.9,312.7,319.9,339.7,290.1,276.1,353.2,377.8,379.9,400.9,416.4,398.4,294.6,168.2,132.7,348.5,350.8,320.9,329,339.3,393.4
2024-01-12,415.9,367.1,393.3,415.9,440.4,444.4,399.1,337.4,320.2,407.9,470.5,520.7,550.3,560.3,556.3,480.9,406.6,320.8,296.2,408.3,455.2,447.3,476.2,448
2024-01-13,380,430.4,466.3,472.3,477.7,467,409.9,377.5,428.5,581.8,701.3,689.4,726.4,757.2,725.5,652.8,561.3,410.8,346.5,334.3,328.5,335.1,339.8,352.2
2024-01-14,398.3,436.2,492.7,513.7,502.5,497.1,475.3,472.1,517.8,595.8,707.8,776.1,788.8,766.7,740.3,658.5,551.5,475,475.5,437.9,482.9,545.2,559.2,537.7
2024-01-15,485.9,477.4,485.1,491.7,492,530.4,584,516.5,520.8,559.1,626.3,656.3,656.6,651.6,645.3,613.3,483.2,323.8,490.4,489.4,499.8,502.2,502.9,502.7
2024-01-16,514.1,529.3,479.2,487.9,488.5,483.7,419.2,344.6,361.6,524.7,616.7,671.6,705,691.1,633.5,586.3,488,400.4,374.2,373,390.1,416.4,422.8,433.5
2024-01-17,469.2,407.2,425.3,456.5,471.1,463.4,434.3,383.6,359,397.6,427.6,452.9,538.5,591.2,589.7,493.9,486,553.6,506.1,503.3,480.6,409,422.2,440.1
2024-01-18,464,409,436.1,434,429,436.5,475.7,432.5,380.9,392.8,414.9,483.6,319,229.8,253.2,257.9,268.8,312.7,491.5,431.8,397.9,408.8,410.2,418.7
2024-01-19,369.2,380.1,360.3,382.2,411.5,425.8,444.1,383,302.6,271.1,300.9,355.2,369.9,376.3,365.3,328.5,307.9,303.3,332.1,368,375.1,359.1,357.9,374.8
2024-01-20,419.3,335.5,373.5,386.2,397.6,398.5,366.5,341.5,293.8,242.5,259.2,258.5,269,262,387.2,382.4,375.6,362.9,385.6,402,418.3,389.2,348.1,351.9
2024-01-21,367.2,381.6,432.8,444.6,434.7,418.5,373.6,336.3,342.4,394,436.4,420.6,415.1,396.8,518.9,551.3,525,497.1,485.4,472.1,402.9,396.6,313.5,329.3
2024-01-22,360.9,397.2,420.4,419.6,415,520.1,473.3,397.6,357.1,396.5,396.3,372.5,401.4,369.7,394.2,421.1,396.7,321.5,314.8,348.8,396.8,429.6,418,436.2
2024-01-23,401.2,381.6,403.8,427.2,473.8,546.2,499.7,441.5,371.6,371.4,448.8,498.9,534.1,569.1,508.3,482.2,367.9,290.7,289.9,295.9,333,374.5,409.7,424
2024-01-24,396.2,326.1,337,348.5,349.5,356.6,454.6,437.6,360.6,322.6,331.7,366.7,433.4,456.2,481.1,492.9,458.5,342.2,316.5,343.6,370.5,402.3,415.8,425.6
2024-01-25,457.3,354.4,370.4,397.9,387.1,362.7,442.3,412.5,339.4,363.4,356,367.2,446.5,479.1,510.5,528.3,451.5,340.1,322.7,320.6,346,405.1,291.1,181.9
2024-01-26,357.8,328.6,453.4,347.6,356.3,371.5,318.3,240.3,206.4,228.9,299.2,349.2,393.4,511.8,613.5,614.8,496.6,334,244.6,276.1,280.8,308.6,308.9,263.3
2024-01-27,307.5,314.6,332.5,357.9,349.6,359.6,328.4,304.6,326.4,377.4,437.5,467.5,553.3,560.2,512.9,582,451.8,328.5,247,244.2,278.4,290.3,284,279.4
2024-01-28,306.4,334.8,292.7,330.4,329.3,329.7,310.2,316.4,349.3,429.4,409.7,490.7,518,522.4,501,672.8,585.3,367.2,259.2,296.5,291.5,248,231.7,224.8
2024-01-29,266.1,273.6,305.2,314.2,315.4,330.6,290.1,228.7,226.8,369.8,405.7,416,513.8,551.6,539.5,578.3,493.8,340.6,267.1,261.4,267.5,279.7,301.6,319
2024-01-30,333.4,365,392.8,413.4,432.3,428.4,397.1,347.8,272.7,292.4,313.5,287,324.9,368.1,370.4,307.2,295.3,284.8,279.1,314.7,346.2,387,358.4,371.6
2024-01-31,336.4,367.2,375,386.9,398.6,399.4,386.5,263.4,214,161.9,294.1,335.6,376.5,398.9,351.8,380.3,303.5,278.2,260,264.4,277.8,300.1,305.1,307.7
2024-02-01,337.2,356,382,412.5,430.7,429,396.4,364.5,332.1,319.9,313.8,318.5,310.6,298,292.8,270.7,280.3,307.1,343.6,374.3,312.5,309.7,327.8,332.7
2024-02-02,355.2,376.6,417.2,429.1,434,426.1,392.5,390.4,337.2,275.3,261.5,322.3,345.1,328.3,345,322,288.7,247.3,246,236.4,259.5,277.3,283.8,270.7
2024-02-03,308,340.4,337.7,369.8,375.8,362.8,344.8,323.3,303.6,269.6,225.2,251.3,266.5,283.3,312.7,302.2,286,276.4,286,304.4,334.5,353.9,339.6,361.3
2024-02-04,387.5,394.7,313,336.7,348.8,351,311.5,303.9,301.4,345.9,433,432.6,445,396,321.7,351.1,407.6,355.6,342.9,333.3,334,376.5,393.9,257.4
2024-02-05,305.3,339.1,329.3,332.4,307.5,325.5,309.8,382.8,305.3,361,464.6,385.2,356,389.4,453.4,411.4,395.5,320.1,243.3,224.2,223.2,225.3,259.1,259.6
2024-02-06,295,326.5,324.2,310.1,313.9,419.2,305.2,247.3,226.8,261.9,317.9,321.5,336.9,333.8,331.7,357.8,336.5,332.3,359.7,319.7,266.4,231.9,240,256.8
2024-02-07,296.4,309.1,329.3,349.8,367.5,348,423.2,368,355.1,461.9,463.8,546.6,612.7,591.2,557.8,424.5,391.4,382.1,297.7,268.6,276,316.4,333.1,342.1
2024-02-08,362.2,384.3,374.6,371.6,376.4,430,404.2,368.1,410,364.1,339.9,339.3,287.3,275.5,286.6,515.9,570.6,465.1,375.1,359,371,348,324.2,355.5
2024-02-09,352.8,332.4,353.9,337.6,365.7,374.1,342,294.7,360.9,449.8,454,495.6,512.3,531.6,554.2,541.7,611.9,489.4,398.6,386.7,363.8,352.5,356.1,373.9
2024-02-10,347,306.1,329.6,281.4,213,207.2,277.7,247.4,307.4,426.7,509.2,523.6,551.9,523,526.1,498.3,425.5,355.1,288.2,265.3,274.4,257.7,241.5,228.7
2024-02-11,241.3,276.5,317.5,334.6,332.6,362.3,360.3,327.4,404.3,450,484.6,536.7,551.9,556.5,591.8,638.2,568.6,448,360.9,308.9,304,277.4,262.9,261.5
2024-02-12,306.8,312.7,324.4,315,295.6,293.1,243.9,214.9,358.5,467.2,524,586.1,626.1,622.6,582.3,507.5,497,437.4,310,268.5,280.7,315.3,329.8,393.5
2024-02-13,425.7,386.3,353.8,381.8,369.5,362.4,378.3,310.2,342.5,452.8,459.9,534.4,590.5,599.1,559.8,592,595.5,460.8,370.4,365.6,384.8,387.4,403.8,297.3
2024-02-14,285.9,274.1,308.1,318.7,321.6,371,410.3,337.1,277.7,274.1,256.7,260.2,345.1,366.2,459.8,470.4,355.7,313.5,328.1,346.9,348.8,273.4,262.5,269
2024-02-15,244.6,260.3,270.3,300.2,292.7,265.1,224.2,205.2,262.4,352.6,325.8,386.1,465.1,448.7,411.4,370.3,353.6,292.4,254,234.3,270.3,286.5,293.1,303.9
2024-02-16,310.4,345,346.6,323.6,307,270.1,196.8,144.7,228,423.5,512.7,539.6,507.6,459.3,382.6,455.3,486,372,271.7,268.6,297.9,309.5,196.1,126.2
2024-02-17,173.2,206.8,205,214.7,212.3,196.2,173.8,315.6,452.7,439.1,463.8,547.9,609.1,616.7,601.2,598.3,590.6,494.2,350.1,285.4,298,296.8,250.1,315.2
2024-02-18,301.3,294.6,312.5,340.3,343.2,352.3,336.1,345.2,346.2,362.2,361.8,368.2,376.9,399.5,374.3,364.8,390,388.1,382.1,317.4,282.2,277.7,274.8,319.2
2024-02-19,313.4,314.4,332.3,350.8,346,329.8,320.3,268.4,229.2,266.2,244.4,289.6,282.3,301.3,246.1,346,344.8,397.3,438.5,443.4,391.7,305.3,219.5,275.6
2024-02-20,335.7,372.3,356.3,344.1,363,370.6,322.4,255.3,179.2,130.3,95.2,183.7,207.7,207,183.3,211.4,214.7,213.4,244.2,211.6,220.9,257.8,269.3,275.2
2024-02-21,261,223,249.9,268.7,262.1,361.9,312.8,258.5,209.9,305.6,250.7,247.7,354,361.9,258,375.6,381.3,353.5,359.8,300.3,295.6,256.9,206.3,220
2024-02-22,274.1,189.6,224.2,243.5,266.4,300.4,392.9,352.3,255.7,201.4,230.5,234.2,213.7,230.1,352.7,339.4,262,262.1,288.5,300.6,270.6,275.7,282.1,315.1
2024-02-23,324.9,308.7,318.1,332.1,321.4,322.6,304.5,367.9,306.1,274.4,311.6,357,306,258.7,278.1,285.1,232.8,210.9,214.1,216.8,264,297.8,328.7,348.8
2024-02-24,306,274.3,297,315.4,321.2,332,309.9,283.6,259.1,251.7,287.8,234.6,250.5,183.8,142.3,244.6,290.1,296.2,299.3,298.3,329.1,343.5,341.2,351.2
2024-02-25,332.5,307.4,315.2,377.9,389,397.1,369.2,351.7,329.3,372.6,398.3,395.1,290.7,309.7,309.2,363,501.4,480.1,379.3,345.5,336.7,321.3,299.8,288.9
2024-02-26,266.7,280.6,267.5,273,284.4,304.2,284.4,272.4,300.7,394,502.6,574.1,639.5,605.5,629.5,605.9,504.9,328.7,205.5,183.7,184.3,209.8,222.3,244.2
2024-02-27,303.8,380.1,369.3,382.5,386.7,382,357.1,337.1,440.2,462.9,444.5,392.8,413.6,439.8,474.6,594.6,502.7,400.9,291.2,237,247.2,261.3,266.3,277.2
2024-02-28,323.2,358.7,385.3,396.3,399.9,388,356.9,329.7,377,313.2,311.5,338.4,397.9,457.1,271.9,247.5,282.6,252.7,356.9,367.5,374.7,366.2,296.9,272.2
2024-02-29,311.8,338.8,351.8,376.7,441.6,515,487.9,438,272.3,242.1,249.4,321.1,359.2,345.4,367.9,406.6,349.7,368.4,342.7,264,251.4,258.3,283,343.3
2024-03-01,251.1,315.1,321.6,310.2,308.1,293.4,343.4,379.1,423.7,483.1,454.3,445.3,466.8,414.7,393.3,496.1,535.1,406.9,300.2,286.1,293.9,326.4,332.8,351.1
2024-03-02,374.4,386.6,286.2,283.1,275.7,264.8,330,294.6,351.3,524.7,491.4,391.3,466.6,458.6,502.8,551,466.8,328,197.7,146.7,158.3,180.9,209,228.2
2024-03-03,285.2,284.5,314,323.3,314.9,324.2,297.7,294.7,372.1,345.1,330.9,337.4,240.7,269.9,347.7,462.5,492.2,371.8,269.6,205.3,194.5,203.2,219,232.3
2024-03-04,278.3,297.7,311.7,318,308,291.6,253.2,236.7,331.2,414.5,505.6,478.9,257.8,143.2,134.4,139.9,257.5,271.8,299.7,310,302.3,289.6,307,334.9
2024-03-05,353.3,288.1,318.2,341,342.6,355.6,423.5,361.4,327.9,346.6,415.6,458.9,462.3,377.6,331.1,362.5,382.7,336.8,333.9,339.3,357.7,403.6,384.5,412.4
2024-03-06,369.6,328.7,333.9,345.5,339.9,403.4,413.7,356.9,286.1,279.3,312.2,371.1,406.2,439.5,514.8,472.4,441.1,379.6,301.6,252.6,261.6,286.9,326.1,356.6
2024-03-07,399.1,292.1,318.5,360.2,358.3,539.9,545.2,458.5,455.8,364.5,455.5,534.6,519.2,525.8,526.7,581.9,575.5,455,363.5,336.3,330.3,341,353.8,358.2
2024-03-08,400,438.9,460.2,408.2,460.4,503.2,370.9,353.9,386.1,381.3,467.8,585.9,623.1,632,628.4,628.5,702.4,548.7,452.6,405.7,395.1,416.6,372.4,318.7
2024-03-09,348.5,370.8,391.4,394.1,354.6,280.9,232.6,238.6,383,537.9,604.1,638.1,643.5,642.9,637.2,633.7,622,495.9,343.4,258.3,248.2,264.1,259.5,268.1
2024-03-10,300.8,318.6,360.4,311,268.6,311.8,262.4,316.9,461.1,541.4,613.7,643.5,634.3,621,610.1,666.7,619.7,549.8,392.6,294.7,280.5,285.5,269,206.6
2024-03-11,295.2,323.2,353.1,366.3,365.3,383.7,361.4,359.1,447.4,425,326.7,327.1,333.5,358,306.7,209.5,173.7,174.4,241.1,241.2,251.4,271.5,247.1,226.8
2024-03-12,348.8,400.2,304.6,318.4,303.1,318.1,235.3,232.5,359.2,446.3,519.4,523.6,382.5,346.4,355.3,339.1,300.4,378.9,351,272.1,257.5,295.8,353.7,358.4
2024-03-13,348.9,356.4,399.8,442.6,524.3,468.8,425.8,419.4,479.4,488.5,567.7,645,679.9,669,635.6,553,520.8,545.4,445,385.6,355.4,385.1,396.7,288
2024-03-14,333,298.3,230.4,236.3,294,406.7,432.5,422.4,507.1,446.4,392.3,523.4,544,520.8,440.2,510.8,544.8,437.2,295.7,212.5,212.5,226.9,243,220.4
2024-03-15,337.2,293.3,281.9,286.1,277.8,264.6,218.8,251.9,408.8,420.5,494.2,572.7,617.3,612.2,585.8,513.9,485,431.7,294.1,218.3,217.4,224.7,227.6,237.3
2024-03-16,271.2,302.8,322.3,367.1,371.1,356.5,335.5,399.7,522.6,492.8,574.4,620.6,574.7,526.4,404.7,450,433.7,374.1,377.9,349.5,335.7,337.2,343,258.9
2024-03-17,326,345.2,357.5,369.7,365.6,356.2,344.6,371.7,400.6,478.6,447.4,356,479.9,547.5,543.7,577.1,581.6,512.5,516.3,465.9,444.5,403.5,324.8,340.4
2024-03-18,373,394.8,406.6,372.7,355.6,387.1,382.7,365.1,364.6,425.3,500.3,575.5,612.2,593.6,660,603.6,537.6,366.4,264,235.3,241.2,248.7,261.3,290
2024-03-19,342.8,340.5,277.2,297.8,303,297,242.5,213.6,212.3,371.7,490,602.5,621.5,623.6,617.8,551.9,414.8,369.9,321.9,292.6,306.9,333.9,342.7,350.5
2024-03-20,375.1,274.5,273.8,257,244.4,376.8,359.4,360.3,413.1,500.2,598.2,608.8,606.7,593,592.7,586.2,581.8,488.2,334.9,246.8,227.2,209.5,214,215
2024-03-21,227.4,260.7,295.4,277.9,229,210.1,168.4,230.4,390,460.1,542.7,602.9,618.2,603.3,588.5,617.1,595.3,485.9,357.5,267.6,211.1,221.5,254.8,276.5
2024-03-22,323.7,352.4,375.2,251.6,260.8,271.8,267.1,453.7,503.6,570.9,596.5,587.5,578.4,582.6,521.1,388.6,375.8,405.2,413.1,434.7,444.4,397.5,352.5,296.4
2024-03-23,310.3,316.8,335.5,312.4,280.7,312.7,226.9,191,200.4,296.1,429.7,487.8,488.2,469.9,410,284.6,297.4,278.7,242.4,229.7,234.5,255.8,260.2,268.6
2024-03-24,313.6,322.8,355.7,368.3,378,397.7,369.3,346.1,329.3,311.6,316.3,345.3,371,412.4,406.2,384.9,367.2,380.2,343.1,313.9,306.1,299.1,288.3,292.4
2024-03-25,329.4,367.9,390.6,390.2,388.1,379.3,346.6,315.1,338.7,312.9,263.6,251.7,231.3,233.7,309.3,314.8,297.6,247,266.3,271.5,292.1,309.5,303.5,286.7
2024-03-26,331.8,387,357,391.8,343.9,363.3,522.8,450.4,351.3,405.1,432.3,460.8,551.9,619.6,613.9,662.9,645.4,523.7,345.8,225.2,221.1,223.3,235.9,250.7
2024-03-27,284.2,315,323.8,329.2,327.2,358.2,353.2,436.1,426.3,343.4,407.7,457.4,480.8,483,442.6,278.9,355.6,400,389.8,353,368.4,407.1,458.2,353.3
2024-03-28,374,378.3,403.9,441.7,359.6,349.1,382.5,398,406.4,398,346,338.9,318.5,314.7,323,302.2,335.5,361.9,397.3,319.1,362.3,394.8,379.5,372.1
2024-03-29,349.4,342,341.1,333.8,297.7,279.2,265.5,335.9,431.9,480.9,500.1,514.3,521.8,506.8,508.1,606.9,576.3,459.1,366.4,287.9,297.7,301,279.1,275.9
2024-03-30,316.4,326.7,351.9,368.8,387.5,324.1,377.7,400.6,450.3,532.3,529.5,537,549.5,554.4,533.9,681.3,668.3,520.9,442.2,374.7,361.5,370.2,376.7,390.3
2024-03-31,422.5,329,349,353.1,353.8,333.8,316.8,387.5,430.5,421.4,440.6,368.7,328,306.5,360.8,521,505.8,502.4,404.2,324.9,334.3,358.1,329.9,327
2024-04-01,357,396.6,438.4,446.6,433.5,418.8,383.4,460.3,490.7,460.4,525.1,541.8,540.9,520.8,519.8,537,618,482.4,370.6,335.6,329.3,345.1,382,414.5
2024-04-02,471.3,516.2,502.9,506.2,494.6,491.6,470.9,454.4,437.5,406,414.8,428.3,452,421.8,427.1,426,438.9,485.8,495,523.5,476.1,487,365.6,358.7
2024-04-03,391.2,450.2,387.5,424.4,443.8,433.3,463.9,444.2,414.3,355.9,401.2,405.7,383.1,350.3,384.4,402.7,423,403,375.1,379.1,406.8,436.2,441.4,435.6
2024-04-04,447.6,456.8,468.5,480.8,494.1,477.9,430,403.8,421.9,420.4,415.6,406.3,408.2,398.5,413.6,405,371.7,342.1,312.9,308.8,316.1,344.3,367.1,387.4
2024-04-05,434.4,430.9,445.4,460.8,460.5,454.5,426.9,462.8,513.9,480.1,381.1,445.7,497.5,438.5,458.4,558.1,606,516.8,417.9,346.4,312,306,317.1,354.3
2024-04-06,400,397.5,444,443.5,443.7,452,440.9,514.8,397.8,365.3,292.2,375.2,330.6,310.3,491.1,595.2,594.3,491.2,413.9,341.8,160.6,161.9,178.8,188.5
2024-04-07,230.9,253,261.1,277.3,280,267.1,268.2,387.8,348.4,357.7,374.5,377,347.1,312,348.9,401.5,504.6,358.3,256.2,189.6,156.8,160.8,165.6,199.4
2024-04-08,226.1,260.2,283.7,298.4,296.9,295.9,283.2,269.8,276.2,283.5,296.5,296.7,260.7,243.1,224.6,201.4,170,170.9,219.1,294,319,325.7,330.4,360.3
2024-04-09,356.5,305.9,315.1,312,302.3,306.2,400.7,471.9,460.6,475.7,485.5,451,474.4,448.3,456.2,566.9,565.5,472.6,415.6,365.4,368.8,368.1,369.7,385.6
2024-04-10,415.1,442.8,456,424.5,415.4,392.1,395.6,496.7,488.1,502.6,574.3,612.6,637.3,622.2,603.4,603.1,612.3,491.1,368.5,312.5,296.7,303,319.8,388.8
2024-04-11,415.2,360.3,341.9,362.9,370.2,421.3,465.6,460.7,415.9,419.9,492.2,419.2,483.6,423.8,380,364.2,407.9,462.7,437.6,515.6,537.7,531.9,475.9,482.6
2024-04-12,514.8,408.7,418.4,426.8,431,304,290,364.4,432.8,436.6,491.5,486.5,519.8,475.3,498.9,440,446,503,457.3,410.3,409.3,457.4,468.7,482.1
2024-04-13,431.8,467,477.7,446.1,352.9,336.1,337.6,399.5,445.8,477.6,523.9,557.3,598.2,613.5,573.1,503,484.4,500.5,406,337.5,318.8,336.6,211.1,246
2024-04-14,389.3,459.8,473.6,466.7,464.2,462.1,502.2,479.1,383.1,398.6,459.3,447,425.1,353.8,401.7,537.1,523.1,476.1,453.1,485.5,505.6,489.5,468.2,435.8
2024-04-15,480.6,493.4,501.6,530.8,490.8,488.8,467.3,377.8,400.9,466.2,451.7,372.9,391,403.7,379.3,402.2,538.4,463.4,420.1,403.6,371.6,388.8,399.9,420.4
2024-04-16,448.6,436.9,376.6,381.3,375.6,355.5,404.2,455.7,412.8,397.2,450.7,593,619.3,599.4,555.2,483.4,400.3,489.3,467.1,421.9,390.5,380.5,373.3,394.9
2024-04-17,418,344.2,338.2,335.4,333.3,322.6,321.4,412.8,426,341.6,366.2,377.3,359.9,326.4,341.3,373.4,343.1,304.3,264.6,232.4,230.6,244.1,257.6,290.7
2024-04-18,346.1,399,427.3,286.8,307.4,312.2,332.1,470.4,532,608.6,592.5,603.3,602.1,589,590,651.6,527.6,352.1,262.2,186.7,165.9,171.7,176.9,202.9
2024-04-19,245.1,315.1,318.4,363.3,385.4,404.3,405.8,480.3,433.4,450.1,431,489.2,465.5,523.7,452.4,505.7,545,413.1,358.3,323.4,327.8,352.4,366.7,377.4
2024-04-20,314.2,348.2,242.2,261.3,289.2,377.8,374.8,348.2,356,329,358.1,367.4,305.1,297,313.9,322.5,364,310.1,288.6,268.4,250.4,260.6,276.7,295.3
2024-04-21,329,350.1,357.9,358.7,360.8,349.1,327.9,334.1,342.6,390.2,390.7,376.7,392,384.8,361.7,345.3,329.1,304,271.3,236.3,248.7,261,263,268.4
2024-04-22,311.6,347.2,365.7,380,383.6,375.2,346.6,322,311.3,375.5,225.3,228.1,236.6,230.1,276.7,406.5,346.7,321.7,308.5,263.8,269.1,276.8,285,310.5
2024-04-23,352.6,383.1,403.5,420.8,428,430.6,408,410.2,420,393.3,323.6,337.1,366.2,308.8,246.3,280.3,222.7,231.1,246.3,221.3,222.5,236.7,253.1,276
2024-04-24,296.3,291.8,288.7,294.1,294.4,278.6,279.1,318.6,404.1,547.8,583.8,588.4,516.8,539,537.4,426.8,495.3,397.1,310.9,212.1,189.9,180.4,173.1,194.6
2024-04-25,246.3,270.6,301.2,354.9,360.1,380.8,367.4,384.6,421.6,454.7,479.1,570.8,590.8,568.6,549.6,488.8,359.1,345,323.8,283.5,267.4,283.6,281.9,281.5
2024-04-26,285.1,260.8,236.6,250.2,262.5,239.4,258.3,221,208.2,275,336.6,297,311.4,299.9,426.6,520.6,534.3,394.8,336.6,276.6,270.4,288.3,307.5,339.5
2024-04-27,369.2,337.3,360.4,379.5,382.7,376.8,376.6,444,432.7,541.3,618.2,618.4,613.3,613.6,603.6,589.5,526.7,410.1,317.2,262.8,240.4,240.5,248.1,264
2024-04-28,296.5,294,315.3,323.8,327.8,317.8,354.2,324.7,412.8,473,518.6,582.5,590.1,523.1,469.3,536.6,550.3,416.4,374,388.1,392.9,409.2,406.4,322.4
2024-04-29,344.5,331.9,315.9,312.1,303.6,410.5,366.5,344.4,278.2,296.9,348.3,246.3,223,215.6,201,310.2,302.8,379,402,392.5,407.6,442.7,437.5,421.8
2024-04-30,450.8,460.7,411.3,419.7,419.3,416.4,395.9,397.6,439.2,416.4,456.1,588.1,545.5,473.1,342.9,438.2,412.4,412.2,396.1,358.3,324.8,342.7,352,361.2
2024-05-01,343.5,318.1,335,337,350.8,357.1,344.4,349.8,333.9,368.2,391.3,416.8,404.9,410.6,426,467.2,338.4,334.9,317.4,242.5,227.7,233.6,228.5,245.2
2024-05-02,273.4,293.3,299.6,338.4,329.6,321.1,344.6,341.9,406.1,501.1,594.1,582.5,589.4,572.3,519.8,521.1,463.7,383.7,363.2,302.3,270.1,280.6,285.3,313.3
2024-05-03,366,400.4,317.9,313.4,313.5,310.6,328.6,375.4,366.1,468.5,560.8,582.8,574.7,571.2,504,551.8,530.1,457.4,344,269,250.5,268.3,283.1,300.6
2024-05-04,353.6,331.8,306.5,333.4,341.8,336.6,357.7,298.4,356,440.3,449.9,489.6,451.2,409,362.6,400.7,400.1,358.5,334.3,304.9,356.7,389,382.8,379.9
2024-05-05,367.5,411.7,445.3,476.2,495.7,467.5,429.2,434.1,395.5,377.5,387.2,379.3,398.6,384.8,370.1,376.5,358.8,382.4,357.2,360.2,334.5,297.7,265.6,259.4
2024-05-06,269.9,301.4,326.5,347.5,351.1,317.3,313.5,362.3,424,414.8,444.2,508.9,561.8,568.4,515.3,467.1,445.7,392.2,335.9,315.7,316.5,352,340.8,356.6
2024-05-07,342.1,323.7,320.5,325.7,341.9,313.4,334,434.6,546.9,597.1,595.9,594.9,602.3,589.6,598.2,585,631,488.5,373.2,307.9,324.5,304.6,283.1,307.2
2024-05-08,344.6,368.1,271.1,291.1,286.3,289.6,269,303.8,326.9,364.6,367.9,442.9,483.1,440.1,416.9,442.6,568.9,436.1,334.8,268.1,276.8,288.3,302.9,323.8
2024-05-09,335.1,340.1,358.4,253.5,254.4,250.8,320.8,482.3,458.6,534.4,588.8,605.6,618.9,597.7,573.8,571.8,518.9,383.1,317.2,247.7,226.6,231.5,241.3,265.7
2024-05-10,310.2,307.5,324,310.6,290.5,277.8,308.1,441.4,457.9,501.4,561,568.7,568.6,552.6,555.8,590.3,560.7,435.4,365.7,331,291,304.9,298.1,330.9
2024-05-11,351.4,322.8,359.1,387.7,374,378.9,417.7,482.7,546.5,468,521.9,540.4,554.3,479.4,379.1,434.8,419.4,403.6,339.8,320.4,314.5,303.8,324.8,346.3
2024-05-12,365.5,345.3,333.3,335.8,348.7,393.9,389.3,369.8,401.9,494.5,432.2,445,417.5,383.4,381.2,505.6,453.6,450.8,393.9,339.7,363.2,354,352.6,358.9
2024-05-13,350.8,314.7,349.7,344.4,329.4,308,320.2,369.7,432.6,498.2,554.5,557.8,538.2,562.5,536.9,531.6,469.4,336.7,242.1,225.1,209.4,214.6,215.3,235.1
2024-05-14,247.2,245.4,250.6,264.8,261.1,258.2,315.3,357.1,372,444.3,501.2,534.4,559.8,539.7,508.7,612.6,568.1,420.1,307.1,254.5,241.6,255,263.2,286.4
2024-05-15,301.5,313.5,332.4,280.8,216.1,281.9,334,376.9,453.4,536.1,565.4,573.6,571.8,564.3,541.8,641.8,583,458.3,448.3,378.1,333.7,331.9,342.4,372.7
2024-05-16,420.5,464.4,510.7,495.4,423.5,424,430,467,545.2,562.5,564.1,562.5,575.8,559.4,556.8,551.1,511.1,481.2,347.5,272.6,237.2,232.1,252.4,249.5
2024-05-17,191.1,246.5,303.3,320.3,326.3,296.3,370.4,409.2,422.7,454.6,428.7,541.6,545.9,534,494.8,498.4,507.5,400.6,313.6,275.4,277.7,286.8,309.8,315.5
2024-05-18,224.1,252.7,280.9,305.2,274.8,275.9,287,349.8,416.7,486,545.3,551.2,540.3,546.9,521,525.8,472.9,348.5,248.1,207.8,204.7,209.2,219.7,257.2
2024-05-19,288.3,309.3,329.9,337.2,336.7,339.8,364.7,368.4,429.7,507,553.5,564.8,562.6,550,535.6,479,425.9,349.1,244.1,195.6,180.8,193.4,208.7,233.8
2024-05-20,279.9,308.8,332.7,227.6,221.6,212.1,231.7,306.6,358.8,389.1,406.2,475,463.6,413.1,335.6,338.2,404.5,297.4,201.5,176.7,187,217.2,230.9,258.1
2024-05-21,295.1,290.1,214.7,223.7,224,221.4,237.9,299.7,360.3,414,468.6,507.3,504,449.4,417.3,348.7,407,288.3,242.6,220.2,215,230.6,237.7,266.9
2024-05-22,308.4,217.8,237.9,252.6,259.7,242.9,234.6,222,246.9,320.2,350.1,356,355.8,312.6,320.2,338.9,373.1,281.1,253.9,218.5,218.8,240,264.9,292.9
2024-05-23,334.5,371,398,407.4,411.4,402.1,403.8,408.1,414.4,432.3,447.4,445.3,470,470.2,438.6,391.3,432.7,336.8,250.4,217.4,236,270.4,308.8,326.1
2024-05-24,333.6,256.5,258.8,286.2,287.5,305.5,318.6,330.9,367,450.7,547.1,595.7,586.5,560.9,528.7,469.6,395,295.4,241.9,209.3,203.8,223.3,247.6,269
2024-05-25,294.5,210.7,235.2,251.7,255.6,250.1,266.3,328.5,388.5,436.1,514.2,583.1,574.7,570.8,518,537.1,498.6,384,277.7,224.3,220.2,239.7,263.2,282.6
2024-05-26,270.3,263.7,289,311,341.4,335.9,306.6,338.3,411.9,374.4,323,323.8,298,291.1,233.2,260.8,318.4,283.9,251.3,248.5,228.3,241.8,242.7,298.2
2024-05-27,345.7,308.1,299.2,333,335.8,345.8,402,411.8,406.2,375.8,420.1,523.3,419.3,383.3,243.3,288.6,315.9,291.9,297.1,310.3,295.3,319.5,338.4,331
2024-05-28,292.5,303.3,337.2,403.8,420.1,420.7,375.4,425,521.8,559,559.5,585.4,570.6,548.7,542.7,512.9,498.4,430.8,356,339.5,340.7,355.1,316.2,342.7
2024-05-29,263.5,293.5,317.8,330.8,328.8,324.9,341.2,314.1,344.2,412.5,436.4,441.1,463.7,429.2,402.3,497.2,459.6,398.1,303.7,265.6,264.8,288.9,311.4,344.6
2024-05-30,388.9,418.7,319.5,330.4,335.6,334.1,333.6,322.2,193.5,281.9,387.3,463.7,421,254.2,317.3,398.6,371.5,308.3,301.3,266.2,273.6,297.3,267.9,242.9
2024-05-31,282.2,319.4,340,353.4,349.9,340.1,311.9,282.1,259,277.9,242.4,327.9,306.3,325,308.1,386.7,480.2,393.2,365.1,360.8,390.6,300.2,306.2,352.1
2024-06-01,266.1,296.1,303.9,329,334.1,349,357.5,370.9,366.6,393.2,532.4,589.1,619.1,592.8,565.7,603.6,628.6,525.1,453.2,404.4,363,401.6,284.5,292.8
2024-06-02,341.9,394.5,411.7,447.4,440.5,436.4,525.4,505.8,490.5,535.8,597.4,658.5,642.1,593.6,584.6,465.8,498.5,404.2,337.6,298,289.1,377.1,459.2,449.2
2024-06-03,379.5,404.6,421.1,429.4,424.2,416.8,415.7,430.8,474.9,520,562.2,558.1,462.3,466.4,429.6,364.4,292.3,227.2,201.7,203.1,209.7,241.7,256.4,248.1
2024-06-04,280.5,310.6,297.7,307.2,319,309.9,310.2,345.2,382.9,428.3,499.1,532.7,583.4,605.2,569.6,430.2,372.7,258.3,187.4,151.1,148,164.5,182.1,220
2024-06-05,250.3,286.5,318.8,332.1,332.7,338.8,355.5,377.9,418,413.7,461.1,454.5,450.3,325.4,294.3,332.2,427.4,332.6,272.9,254.2,267.4,300.8,302.2,282.8
2024-06-06,272.1,247.3,266.8,282,279.9,282.4,270.3,260.4,269.5,292.2,270.4,230.1,266.5,303.2,307.1,274.9,343,311.6,271.3,246,245.2,294.3,291.1,310.1
2024-06-07,348.2,339.8,351.6,360.1,337.1,304.1,301.7,327.4,291.3,342.8,327.5,266.7,283.9,324.6,287.3,314.1,258.6,314.3,277.6,239.9,235.1,273.3,303.4,343.2
2024-06-08,334.4,302.8,310.2,338.1,324.5,296.4,281.3,275.3,265.5,254.5,308.4,366.6,364.4,362.6,361.3,370.1,367.9,300.7,255.5,233.2,246,276.1,307.2,342.2
2024-06-09,330.8,357.4,277.3,348.1,377.4,381.1,376.2,383.2,358.6,310.1,259.9,262.4,307.1,372,491.8,587.8,604.1,484.3,377.9,352.5,347.8,364.4,278.5,308.4
2024-06-10,302.9,323.7,344.9,354.9,357.3,347,361,352.8,413,453.1,496,452.5,489.4,472.6,446.1,393.2,488.9,401.8,317,279.1,275.6,314.5,340.4,326.1
2024-06-11,311.1,282.1,243.8,258.9,261.8,254,257.9,341.9,354.8,399.4,370.5,342.2,387.8,420.6,317.2,271.3,344,285.1,267.4,227.5,227.8,262.5,233.9,216.6
2024-06-12,263.6,299.7,325.4,342,339.5,331.2,329.5,354.3,372.2,355.1,376.5,357.7,285.3,209,223.3,348.1,323.7,327.3,237.7,196.2,200,239,259.7,290
2024-06-13,246.9,270,275.4,285.6,292.3,286.5,267.7,299.2,348.8,387.1,430.3,480.9,497.1,474.6,427.7,416.8,384.7,381.5,295.7,261.7,242.5,271.2,289,244.3
2024-06-14,290.4,298.7,235,251.7,258.5,261.7,360.7,354.7,345.5,398.2,382.8,413.6,423,361.3,329.4,323.8,406.1,387.8,378.6,339.7,344.9,323.4,290.8,334.6
2024-06-15,377.9,274,299.7,297.1,256.4,255.1,357.8,369.7,399.3,390,391.5,408.8,397.9,402.8,395.5,443.4,395.7,353.8,261.9,236.5,246.7,286.2,310,326
2024-06-16,312.4,317.9,303.7,345.6,360.6,366.5,330.5,359.8,416.2,428.5,450.4,436.4,450.8,505,505.8,474.6,409.9,343.1,289.4,277.4,269,282,328,309.5
2024-06-17,288.9,284.7,280.1,293.1,293.7,288.2,371.6,330.5,265.1,221.4,281.6,348.9,331.2,284.3,314.8,350.8,379.7,337.5,331.4,276.6,266.6,308.7,346.8,392.4
2024-06-18,343.9,361.8,380.6,405.7,401.6,408.1,422.8,455.6,585.9,654.4,677.7,677.6,695.4,654.9,592,564,452.9,402.9,320.9,318.1,343,370.9,284.8,298.9
2024-06-19,340.3,278.5,302.9,319.2,320.1,309.8,308.4,331.4,474.9,502.7,477.5,475.2,408.2,294,275.5,257.3,316.6,266.2,229.4,253,227.5,238.2,246.5,240.8
2024-06-20,270.1,255.4,281.5,260.6,229.2,235.5,246.4,195.2,255.3,204.2,207.7,231.1,232.5,198.7,211.9,256.7,349.9,229.1,221.6,250.6,258.8,263.5,294.8,288.1
2024-06-21,271,289.8,311.6,325.2,324.9,320.9,294.5,251.7,238.3,426.8,453.9,423.3,383,344.5,317.6,3.40282E+38,349.3,317.2,286.6,253.7,263,294.7,236,226.4
2024-06-22,276.8,264.5,251.3,282.8,303.4,320.6,302.4,321.1,349.9,317.4,297.3,248.8,216.7,290.2,347.3,377.7,356.9,349.9,340.6,349.5,347,362.8,279.6,309.6
2024-06-23,371.3,280.8,294.8,316.5,284.4,258.7,268.3,288.3,317.7,398.1,446.9,439.5,438.2,394.5,350.9,326.9,374.9,359.8,308.8,258.3,247.7,282.1,329.4,400.9
2024-06-24,322.3,348.1,360.6,377.8,387.6,387.8,367.6,328.3,245.5,245.8,276.6,346.1,394,407,466.1,345.4,295.7,312.2,305.3,294.4,312.5,339.9,269.7,295.9
2024-06-25,313.6,352.2,266.4,288.8,291.6,281.8,317.1,348.3,300.6,279.3,275.7,243.4,320,381.6,350.9,344,377.5,353.5,336.6,304.3,276.7,308.1,339,375.1
2024-06-26,357.5,340.7,311.1,325,330.4,324,319.2,301,272.8,292.9,388.2,458,488.7,441.7,515.1,504.3,416.4,338.4,291.3,270,273.1,302.2,329.4,307.8
2024-06-27,303.2,306,313,375.9,379.7,373.5,347.3,294.5,352.4,307,303.1,319.8,282.4,276.4,280.6,277.4,270.5,258.9,261.3,257.5,261.8,335,366.8,284.7
2024-06-28,281.4,283.2,302.4,313.4,316.9,312.4,289.6,370,406.1,377.7,375.9,383.9,356.5,319.8,416.4,378.6,316.5,298.2,300,309,300.7,317,346.7,338.6
2024-06-29,324.3,314,367.8,413.8,405.1,374.6,344.9,383.5,358.5,335.4,300.7,263.1,300.8,341.8,359.9,340,334.8,324,315.7,331.6,334.2,363.4,345.1,313.8
2024-06-30,365.4,370.9,371.1,389.6,395.1,386.5,391.7,379,339,291.6,231.5,310.8,304.7,310,310.1,298.9,406,373.7,355.6,324,309.9,317.9,343.9,277.7
2024-07-01,320.6,313.6,258.6,253.1,260,267.7,350.6,364.3,357.5,284.4,252.1,348,413,283,247.5,293.3,311.7,309.5,290.1,308,288.8,298.6,359.4,335.9
2024-07-02,358.8,355.3,385,409,411,406.8,370.7,339.2,285.3,273.5,272,303.6,322.1,353.2,356.8,323.5,283.6,240.7,213.5,213.2,241.4,280,301.4,325.1
2024-07-03,402.2,346,361.6,391.5,359.5,434.3,393.8,339.3,292,235.5,256.1,282.1,324.5,375.1,338.2,278.3,255,174.5,145.9,136.5,150,171.3,218.3,235
2024-07-04,285.7,258.1,258.4,281.1,284.2,271.3,252.1,226.9,213.7,234.7,380.4,408.4,402.8,355.3,330.4,290.5,274.5,219,203.7,251.5,294.7,331.1,342.4,350.3
2024-07-05,362.8,212.4,244.5,259.5,262.8,223.8,217.1,236,310.6,280.9,316.4,361.7,410.1,414.6,371.6,409.3,340.4,259.7,208.8,232,258,273.4,284.7,303.3
2024-07-06,374.6,281.5,327,371.3,389.6,395.2,410,423.4,396.5,416.6,433,473.3,482,450.3,392.3,325.3,336,303.9,255.6,265.5,259.7,272.9,312.3,339.8
2024-07-07,299.2,354,363.1,419.5,439.5,433.9,411.8,375.4,367.4,363.5,352.7,350.8,378.7,327.9,259.8,312.5,281.4,239.8,195,193.1,201.4,247.9,305.6,342.6
2024-07-08,308.2,245.7,273.8,298.1,323.3,304.2,279,357.3,322.9,292.3,300.5,371.7,349.2,365.9,370.3,381.8,282.4,281.6,279.8,280.6,308.1,343,370,371.9
2024-07-09,383.1,330.4,292.7,310.1,337.9,320,336.5,414.2,390.2,379.3,382.7,370.9,389.1,378.3,395.6,424.7,357.4,320.2,315.4,307.6,317.9,342.4,349.4,296.7
2024-07-10,333.5,346.9,369.5,397.9,400.8,383.3,439.6,364.1,284.9,195.2,158.5,298.4,302.8,272.6,290.9,291.2,282.1,284.7,288.9,308.1,298.2,322.6,385,443.5
2024-07-11,490.9,419.4,434.9,405.7,392.7,481,443.6,436.6,388.3,320.9,308.2,301.6,299.4,322,349.4,337.5,327.2,331.6,350.1,325.2,325.7,348.4,320.4,297.7
2024-07-12,298.6,350,376,392.3,395.7,381.2,419.7,513.1,448.6,471.8,450,303.1,273.3,341.8,405.6,409.9,389,352,311.6,284.2,287.3,324.6,300.9,286.1
2024-07-13,343,274.3,304.1,322.4,327.9,327.8,374.9,391.3,342.2,319.9,277,343.8,325.9,365,459,379.2,334.5,355.9,357.9,364.5,362.8,356.7,316.2,267.3
2024-07-14,268.9,290.2,313.3,338.7,348.3,355.2,439.3,413.8,388.1,336.7,328.2,339.4,370.2,302.7,314.2,400.5,375.5,332.3,295.8,279.4,284.2,318.3,354,294.4
2024-07-15,344.9,327.7,353.8,369.6,372.7,414.1,377.7,425.4,391.3,383.2,351,305.8,269.2,297.5,281.8,251.6,246,242.3,275.2,303.6,363.8,322.7,344.3,329.9
2024-07-16,310.1,337.3,388.4,392.3,403.5,347,324.7,369,341.8,331.4,329.4,359.1,285.8,321.3,350.4,406.9,342.9,303.8,263.3,276.9,315.3,342,336.6,346.4
2024-07-17,355.6,390.1,295.5,324.5,345,315.3,336.5,440.4,398.6,373.5,354.6,422.3,445.4,409.3,398.9,432.8,316.9,283.5,297.6,316.4,323,337.2,363.5,332.8
2024-07-18,341.8,335.5,383.2,401,392.3,367.5,425.4,371.4,328.5,268.4,279.6,235.3,196.3,259.9,246.2,309.4,238.4,208.5,163.2,156,170,211.6,290.9,365.5
2024-07-19,323.5,251,288.3,318.9,356.1,420.8,503.9,469.8,333.7,288,221.6,315.7,457,444.1,431.5,353.1,294.5,241.4,229.1,267.2,283.5,276.5,313.6,344.1
2024-07-20,317,313.7,332.2,364.6,383.8,385.4,377.2,346.6,337.4,314.3,333.3,338.8,374.5,398.3,402.1,510.2,445.2,370.6,294.9,258.1,280.7,315.1,331.3,388.7
2024-07-21,355.6,312.5,330,289.9,270.9,231.6,231.1,244.7,226.6,322.4,423.6,457.6,420.3,402.4,338.7,468.2,417,311.3,237.2,227.1,245.8,289.6,325.5,319
2024-07-22,300.2,310.5,332,321.3,327.3,312.1,394.3,355.5,344.3,318.7,340,380.2,403.5,382.5,347.3,280.8,298,281.5,271.8,299.2,303.9,331.1,378.9,486.4
2024-07-23,487.8,460.8,362.3,342,326.4,317,412.3,389.1,327.5,315.1,327.7,354.2,403.8,395.1,326,359.9,322,270.1,272.2,258.7,284.7,359.2,401.6,332.4
2024-07-24,367.2,280.7,316,361.7,368.3,443.9,407.9,374.7,354.3,317.9,288.7,303.4,325.1,409.7,420.1,403,346.9,300.1,250.8,251.8,267.7,330,356.3,387.8
2024-07-25,349.4,344,301.4,322.1,329.4,332.2,426,420.3,403.1,392.4,408.5,428.4,424.1,409.2,432.4,469.4,443.8,363.6,317.5,312.8,308.6,331.5,375.3,336.6
2024-07-26,371.6,370,387.3,407.8,436.4,418.8,430.1,475.7,382.4,319.4,436.7,449.9,508.1,488.2,539.8,479.1,406.3,356.9,389.2,374,387.9,397,458.8,413.5
2024-07-27,351.8,393.3,395,433.1,454.7,427.7,439.5,462.6,553.6,458.7,434.2,442.1,494.6,490,447.4,357.6,332.3,385.9,331.8,327.4,337.2,373.7,368.9,385.7
2024-07-28,320.2,359.7,346.3,380.1,399.1,382.5,366.1,440,453.8,433.2,427.6,432.7,405.6,394,521.1,469.8,413.9,301.3,248.3,284.2,304.6,309,358.5,339.4
2024-07-29,351.5,290.1,319.4,354.9,376.7,370.1,418.8,395.9,384.9,379.2,391.5,414.3,420.5,351.4,326.3,360.1,330,259.9,201.6,192.3,213.7,269.3,295.1,320.8
2024-07-30,371.7,351.7,365.9,387.4,394,387.8,362.1,349,334.9,329,331.2,333,346.8,335.7,386.7,347.7,305.2,257.5,205.6,185.5,205.8,263.1,278.9,332.8
2024-07-31,353.9,339.5,372.6,395.2,406.2,394.1,358.8,340.7,343.4,327.5,345.2,355.8,384.3,368.8,324.6,389.1,337.5,287.6,211.3,202.2,237.7,288.4,296.4,342.2
2024-08-01,353.2,342.2,265.8,286.7,294,287,311,337.7,328.1,290.7,279.9,328.5,335.4,280.4,335,308.2,273.8,256.7,194.7,183.8,205.5,264.8,281.7,325.5
2024-08-02,333,331.9,265.8,278.6,287.6,261.7,332.9,302.3,274.4,264.2,263.3,266.8,254.9,355.4,286.4,301.4,286,204.3,155.1,137.6,159.8,221.4,284.7,288.4
2024-08-03,356.3,392.3,329.8,355.2,360.6,353.1,336.5,330.1,327.9,307.6,360.3,338,299.3,318.7,352,367.5,346.9,245.2,174.9,159.3,176.3,227.3,287.7,310.4
2024-08-04,327.6,386.6,326.9,354.1,372.3,374.2,376.3,371.3,382.8,375.2,359.4,365.3,316.3,313.2,240.5,258,271.9,263.1,189.7,164,182.6,232.7,275.4,292.7
2024-08-05,345.1,349.5,335.2,360.4,372.8,361.5,431.7,403.1,355.4,335.5,317.7,303.4,262.2,170.6,188,269.7,242.9,191.6,184.5,154.6,178.8,240.5,276.5,318.2
2024-08-06,361.1,311.8,347.7,372.4,380,373.1,338.2,356.3,376.9,374.2,354.7,356.3,321.5,239.5,250.9,379.9,317.8,231,160,140.7,174.9,241.1,292.1,297.1
2024-08-07,283.4,339.3,375.4,397.9,428.3,422.3,396.1,418,394,378.1,387.1,413.8,432.6,398.5,357.5,332.2,291.4,225.2,151,136.1,172.3,235.8,302.9,368.6
2024-08-08,375.9,361,347.4,373,379,367.8,339.6,335.4,403.3,371.3,368.4,373.3,349.3,343.6,354.3,252.2,209.8,182.9,138.3,130.9,163.6,229.9,297.4,328.9
2024-08-09,346.7,303.1,340,363.7,370.6,357.8,338.4,405.9,382,355.2,347.2,349.1,333.8,302.4,276,235.1,251.1,189.5,156.1,144.2,178,239.4,244.5,278.1
2024-08-10,340.7,293,333.4,360.6,372.7,368.1,355,403.6,456.7,445.8,425.3,410.1,367.4,304.9,340.1,405.2,363.7,276,217.8,197.2,225.8,281.9,324.8,319.6
2024-08-11,321.9,343.5,281.3,306.7,319.1,337.3,379.7,386.7,392.9,379.4,357,340.7,309.8,286.5,396,361.5,342.4,309.7,237.5,224.2,246.2,280,285.4,341.5
2024-08-12,394.4,342.8,375,395.5,401.9,393.8,473,443.6,416.6,410.1,422.8,441.7,440.3,429.9,391.4,335.9,262.9,246.4,186.7,174.3,218.5,292,305.1,328.4
2024-08-13,345.6,346.2,325.8,294.1,303.7,294.1,321.9,347.6,315.3,335.5,355.6,344.6,480.1,490.5,436.6,380.8,301.8,282.2,232.2,227.2,244.4,282.6,282.8,338.8
2024-08-14,340.2,278.7,263.5,284.3,300.2,297.3,375.2,341.2,323.9,264.4,234.8,121.5,242.9,364,492.2,486.2,370.2,284.2,250.3,229.2,253.5,252.3,285.8,323.6
2024-08-15,396.7,342.4,395.5,401.3,407.1,402.2,392.1,382.2,370.7,367.7,377.5,413.3,400.5,360.1,305.6,326.3,407.9,352.1,300.5,289.1,312.1,349.9,369.6,365.8
2024-08-16,381.9,410.9,413.9,437.9,443.6,429.6,395.9,415.6,364.5,446.5,394.2,361.8,307.6,270.5,343.8,431.9,343.5,279,246.5,238.8,271.3,309.6,310.8,346.8
2024-08-17,358.8,358.2,288.3,313,321.2,312.1,396.9,386.5,419.1,428.2,483.5,376,316.7,393,422,424.3,376.2,273,231.9,200.5,219.5,276.3,322.4,358.5
2024-08-18,324.8,263.2,292.2,318.7,328.6,323.7,320.1,317.8,306.3,361.4,406.9,416.1,441.6,510.6,434.6,427.8,441.6,321.6,269.3,240.5,244.1,292,319.1,320.2
2024-08-19,328.7,273,305.9,327.2,332.8,320.2,398.1,358.1,325.8,314.1,429,424.9,389.1,354.5,314.7,284.1,238.3,182.9,200,190.6,222.1,288.3,348.1,366.9
2024-08-20,381.1,339.6,379.7,408.5,417.3,419.1,511.4,475.2,476.6,444.7,419.4,383.4,446,495,414.7,369.7,366.2,324.1,339.2,339.1,354.2,355,400.1,334.4
2024-08-21,393.2,324.9,355.3,391.9,409.9,408.8,382.1,429.6,382.8,330,363.8,365.3,392.5,432.5,434.9,353.5,289.1,237,188.3,193.1,225.4,262.4,318.4,365.2
2024-08-22,335.1,367.9,351.5,382.6,402.2,414.1,384.3,447.1,409.3,407,400.2,435.2,437.2,389.1,384.6,327.7,302,269,224.5,210.7,239.9,290.5,277.4,316.6
2024-08-23,311.4,339.8,375.1,401,415.1,403,370.3,334.1,285.6,278.2,376,382.4,374.6,318.4,296.6,258,235.9,233.9,215.3,208.6,246.6,305.9,317.7,368.5
2024-08-24,344.5,377.7,311.7,356.7,395.4,410.7,395.8,403.1,417.3,398.5,370.1,374.2,341.9,311.8,323.6,324.1,344.2,322.9,265.4,249,284.8,335.1,334.4,342.3
2024-08-25,354.9,353.3,287.1,310.9,320.1,312.9,307.9,422,452.7,450.6,430.3,412,352.9,383.6,376.7,424.8,384.5,327.9,277.3,261.6,295.8,342.4,336.8,328.9
2024-08-26,334.2,304.9,303.9,324.7,330.1,308.9,294,368.3,344,331.1,319.2,415.1,431.8,380.7,304.4,274.9,283.8,253.4,215.8,206.2,250.6,306,309,376.4
2024-08-27,442.1,494.1,500.9,422,428,415.8,383.7,346.2,303.8,379.6,383.1,368.9,378.2,340.7,280.4,266,273,236.7,241.8,246.4,308.7,391.3,395.4,346.6
2024-08-28,418.5,372,421.2,390.7,403.3,511,487.9,451,430.9,369.8,344,392.1,443.7,450.3,399.4,354.8,389.4,419.6,371.4,386.7,425.2,405.5,390.3,341.8
2024-08-29,371.8,407.2,417.1,416.8,444.1,443.2,429.2,432.4,478.5,427.3,506.6,416.2,443.6,494.8,427.6,468,378.6,276.9,245.6,253.6,280.4,310.2,328.5,334
2024-08-30,349.8,297.5,332.8,363.4,369.2,356.4,341.3,317.3,327,351.2,382.9,401.3,550.9,552.6,522.4,543.6,473.7,342.7,293,314.7,352.9,389.2,347.9,345.5
2024-08-31,331.5,350.9,379.5,408.7,423.3,379.3,345.2,392,482.9,510.4,479,471.9,467.3,476.8,459.1,399.7,416.4,336.6,260.3,254.9,281.3,317.8,366,312.7
2024-09-01,371.8,310.2,339.3,356.2,359.2,349.7,345.9,377.2,392.8,381.1,373.1,376.3,374,325.6,266.5,378.3,386.2,323.7,278.4,262.3,296.6,337.7,383.8,333.9
2024-09-02,333.8,325,356.7,373.5,373.1,359.1,387.6,531,538,479,462,485.9,531.5,485.9,441,356.4,365.8,307.1,301.6,293.1,330.7,396.5,431,434.5
2024-09-03,472.9,451.9,428.3,447.3,455.2,404.4,320.7,377.2,344.9,345.6,396.8,368.8,324.4,270.8,380.2,390.5,337.3,285.7,265.5,274.8,308.9,316.8,368.4,334.2
2024-09-04,407.5,331,371.2,382.5,388.1,368.1,437.4,420.1,422.7,451.1,457.6,457.7,478.5,461.3,425.5,390.5,346.3,293.6,242.7,243.1,269,314.6,367.4,432.8
2024-09-05,479,415.1,383.8,404.9,408.9,395.2,388.1,386.3,383.7,393.3,399.9,424,443,396.7,334.9,371.7,279.2,251.8,227,228.1,269.9,313.3,355,392.4
2024-09-06,351.3,316.5,320.8,342.6,349.9,338,307.7,387.4,381.3,395.2,404.1,417.5,411.4,324.5,217.3,282.6,276.7,254.6,227.2,222.6,265.4,280.9,327.5,357.6
2024-09-07,346.5,345.5,328.1,348.4,355.2,348.7,341.9,453.1,466.4,451.8,444.5,436.2,428,366.5,281.2,214.1,254.4,242.6,223.6,216.4,239.4,237,262.6,290.8
2024-09-08,352.4,294.4,276.5,296.6,303.6,293.8,282.3,339.7,367.3,334.8,294,336.8,335,302.5,252.8,223.7,254.6,268.2,239.6,229.8,262.2,317,326.8,322.3
2024-09-09,380.7,322.2,351.1,370,375.9,365.7,329.5,347.3,380.3,386.9,391.9,321.9,334.7,310.3,260.8,326.6,281.4,195.2,177.7,186.1,215.4,261.2,314,326.3
2024-09-10,385.5,345,273.6,268.6,244,230.6,210.5,319.4,342.8,351.5,347.4,343.8,335.5,299,297.4,298.3,271.1,209.7,225.3,251.9,281.8,334,306.4,312.9
2024-09-11,403.4,323.2,321.4,339.6,347.9,341.3,411.4,354.7,311.7,298.9,348.7,327.2,255.6,277.4,370.6,356.2,336.3,289.8,288.4,344,367,339.5,320.6,400
2024-09-12,411.9,374.9,417.9,442.5,439.7,433.9,348.9,325.9,320.7,355.2,414.1,423.1,383.5,454,400.2,332.6,323.8,235.6,200.7,225,254.1,313.7,338.3,380.5
2024-09-13,381.3,387.9,426.6,437.2,439.2,425,393.5,374,424.8,449,403.4,355.1,347.3,332.5,288.2,355.3,339.2,248.1,212.9,213.1,256.5,319.8,328.3,372.8
2024-09-14,338.7,334.5,318.3,339.8,344.1,334.3,320.7,438.3,465.4,486.8,458.3,473.5,451.9,433.2,397.4,373.5,390.5,310.1,250.5,247.8,299.6,337.4,336.6,333.1
2024-09-15,362.8,325.6,307.5,310.7,337.4,340,350.8,367.4,390.9,353.9,411.1,457.9,395.2,477.8,413.9,468.5,384.9,313.8,282.7,281.6,300.1,340.5,401.2,364.2
2024-09-16,372.3,387.8,352.7,345.6,326.2,299.8,391.3,346.1,307.4,296.2,304.7,295.4,302.5,339.8,391,382,373.8,298.3,250.4,262,277.3,321.9,328.7,388.5
2024-09-17,358.7,293.1,324.8,346.7,352.1,337.6,409.3,383.5,375.3,399.2,382.5,358.2,348.4,380.7,427.3,530.9,448,391.5,335.8,331.2,344.1,330.5,369.8,313.7
2024-09-18,370.2,309.4,341.6,359.2,365.6,357.4,335.2,333.7,350.4,355.1,365.6,354.2,303.4,324.1,330,358.1,317.9,3.40282E+38,3.40282E+38,267.5,279,324.7,352.3,378.4
2024-09-19,368.9,317.7,244.7,272.2,271.2,258.2,273,297.6,287.1,314.6,357.7,343,409.4,379.4,364.1,195.3,266.8,269.1,266.1,339,329.1,342.2,322.7,310.2
2024-09-20,383.8,343.6,380.8,387.6,392.4,327.9,401.5,385.4,298.4,349.6,364.5,387,470.8,480.4,426.2,389.3,301.7,270.6,281.6,303.3,359,328.4,305.3,354.3
2024-09-21,368.3,375.9,379.2,358.2,390.3,381.9,383.4,394.4,378.5,306.1,311,310.1,304.4,288.9,284.7,392.1,407.5,342.4,265.3,274.8,366.8,342.8,346.1,313
2024-09-22,320.1,336.5,344.3,350.8,365.5,368.1,412.8,403.1,383.7,357.3,330.7,324.2,408.4,405.7,410.3,362.7,392.1,453.7,459.4,413.3,366.6,353.9,316.9,304
2024-09-23,338.6,380.9,422.6,459.3,455.5,447.1,407.2,433.6,435.6,455,451.3,411.1,431.3,416.2,456.4,515.1,445.2,414.2,423.1,439.3,457.7,433.1,426,398.8
2024-09-24,394.4,426,448.7,457.2,457,445.2,401.3,391.1,412.9,407.8,386.8,424.7,474.3,463,537.7,500.9,470.8,336.1,307.3,307.3,324.6,354.9,280.8,312.4
2024-09-25,368.8,297.4,309.3,322.6,306.8,314,275,229.2,251.4,367.8,381.3,413.8,402.1,359.4,304.7,353.4,287.9,263.1,236.9,233.6,265.2,309,316.9,362.2
2024-09-26,352.5,339.9,365.5,373.1,378.7,371.8,346.1,335.3,354.2,377.3,387.9,439,466.4,425.4,362.7,392.8,306.9,236.2,264,282.8,302.9,334.5,329,388.5
2024-09-27,338,380.6,404.2,428.5,432.8,425.8,384.7,340.2,386.1,463.9,402.2,405.7,428.6,513.6,491.5,475.2,418.3,328,344.5,347.9,354.5,360.1,350.7,374.6
2024-09-28,368.4,344.9,372.2,391.1,403.6,415.4,397.3,430.4,506.3,452.4,461.2,463.4,460.5,431.7,436.1,542.3,510.9,403.6,360.4,361.8,370.3,402.4,326.8,363
2024-09-29,301.1,335.1,366.8,369.1,385.1,401.2,394.3,404.8,445,471.4,487,484.8,485,488.1,505.6,484.9,548.6,473.7,421.2,397.5,406.9,444.9,487.5,461.3
2024-09-30,452.3,432,420.6,437.2,450.2,438.3,402.3,372.5,393.8,423.8,430.7,403,409.7,369.4,341.1,308.7,332.1,295.2,363.4,358.2,328.2,369.3,398.2,361.6
2024-10-01,288.9,287.7,311.9,326.4,330.9,318.5,298.2,312.5,360.7,392.3,366.5,300,258.2,183.9,258.1,372.7,383.4,451.6,437.3,410.5,348.2,386.8,374.1,438.1
2024-10-02,461.8,409,412.8,416.5,412.8,421.4,413.4,430.7,408.6,401.7,463.8,444.5,451.1,425.6,422.8,421.9,350.3,352.8,326.2,290.3,301.2,279.5,243.6,236.4
2024-10-03,267,290.2,317.5,344.2,359.4,392.3,370.8,347.2,366.8,374.7,424.4,422.1,377.9,384.9,379.2,332.8,415.7,403.5,381.7,393,380.9,323.9,261.8,244.2
2024-10-04,239.9,265.4,271.7,279,296.3,296.1,338.5,313.5,324.2,354.7,388.4,458.9,492.2,477.8,439.4,464.3,398.3,267.5,228.7,246.5,269.9,297.1,221.9,260.3
2024-10-05,293.8,303.6,312,327.4,331.2,331.1,279.5,294.1,332.6,424.2,390.9,446.9,472.8,452.5,437.8,397.6,375.8,298.2,273.8,278.7,257.8,283,310.4,286.7
2024-10-06,263.5,265.6,267.1,263.5,258.9,276.5,303.8,352.6,367.5,362.3,351.5,347.9,290.7,345.2,266,273.6,368.6,349.6,328.5,330.6,288.4,225.4,240.2,259.6
2024-10-07,307.1,330.5,291.9,384.1,424.7,437,382.6,349,308,325.3,272.4,302.3,312.2,283.7,259,169.4,226.3,216.4,200.4,179.6,158.4,165.4,241.4,277.1
2024-10-08,273.7,323.9,301.9,301.7,287.1,300.4,275.8,257.9,333.9,389.8,427.2,501.8,530.7,490.5,533.6,452.4,400,307.7,318.9,340.3,237.2,293.3,319.1,316.6
2024-10-09,333.2,353.8,372.1,375.3,381,389.7,340.1,304.3,335,334.4,338.5,351.9,305.4,298.2,392.2,359.1,345.7,313,308.2,335.7,316.6,315.3,293.7,267.6
2024-10-10,303.8,351.4,354.9,363.8,387.7,381,343.5,413.4,394.4,405.2,417.7,360.1,434.3,371.1,356.3,333.5,315.2,271.7,315.1,313.9,322.6,343,328.8,354.2
2024-10-11,289.4,322.2,336.3,349.5,355.2,352.5,323.1,310.2,348,397.5,437.6,462.5,440.1,417.7,362.7,389.6,362,296.9,269,279.1,296.6,328.8,293.7,259.7
2024-10-12,302.2,303.3,328,342.6,346,338.6,313.9,308.5,337.5,361.2,403.3,438.8,435.4,429.5,368.7,428.7,360.6,306,305.4,348.6,388.1,348,312.6,278.4
2024-10-13,300.3,328.1,391.2,396.1,392.9,395.2,378.5,402.7,417.6,495,514.2,498.4,503.7,452.5,392.3,414,399.3,318,283.4,303.7,300.7,324.1,371.3,286.5
2024-10-14,304.7,325.4,285.3,301,301.3,292.3,267.7,335.5,304.9,278.4,267.5,395.3,423.8,395.8,323,332.3,311.5,281,269.6,304.1,292.2,264,242.7,267.9
2024-10-15,355.5,333.9,355,369.4,368.1,352.1,424.9,401.3,468.1,489.6,468.7,459.6,410.5,239.8,242,327.9,314.6,292.2,255.9,294.6,256.6,275.5,327.7,257.2
2024-10-16,275.8,267.5,245.6,247.4,256.4,321.4,349.8,330.7,296.9,304.9,348.3,347.6,324.2,351.3,262.9,402.2,419.2,362.3,329.1,266.5,289,310.5,267,297.5
2024-10-17,214.8,238.5,257.2,283.8,275.3,382,363.9,309.7,282.8,268.3,264.1,248.1,296.2,352.9,333.2,359.3,357.7,293.3,292.2,293,326.2,238.6,229.9,251.6
2024-10-18,298.3,207.8,224.2,240.1,247.9,320.6,347.2,289.5,251.2,298.6,306.3,287.5,273.1,319.3,313.3,369.1,315.4,252.6,232.6,247.8,260.1,287.3,248.4,293.6
2024-10-19,211.9,228.1,238.6,246,237.5,272,256.8,246.9,224.9,275,304.1,310.2,300.1,289.9,309.5,433.3,390.1,335.5,325.8,277.4,289.7,334.3,356.9,288.7
2024-10-20,296.7,312.9,326.8,337.7,342.5,351.6,333.7,332.4,327,311.3,312.4,332.8,334.3,305.4,331.9,447.9,397.2,358.9,331.7,258.8,240,236,241.7,250.7
2024-10-21,252.7,253.7,261,276.6,271.5,269.1,332.3,414.8,426,346.4,340.8,386.2,408.8,356.7,320,390.1,421.8,314.8,284.7,287.6,309.2,267.8,281.9,277.3
2024-10-22,266.5,295.2,245,275.7,280.1,248.4,210.9,267.6,341.6,273.1,243.4,215,161.7,233.8,228.7,236.5,251.7,258.6,283.8,253.1,282.5,310.6,252.7,271.6
2024-10-23,257.1,225.2,203.9,219.4,209.2,213.9,201,174.2,135.9,183,227.5,274,246.8,241.1,223.6,345.9,366.9,287.6,300.9,270.6,285.1,240.4,241.7,255.8
2024-10-24,323.3,250.1,266.2,263.5,253.2,263,344.7,368.1,324.3,310.6,255.2,238.6,243.5,240.6,217.8,422.6,421.4,310.9,298.3,283.8,273,293.8,298.4,305.6
2024-10-25,331.7,354.7,287.7,290.8,279.9,282.4,266,269.1,236.1,230.7,235.8,309.9,316.7,302.2,458.9,482.2,397.1,268.7,270.2,277.9,288.5,259.9,272.7,280.1
2024-10-26,228.9,257.6,269.1,282.8,278.2,271.8,245.3,300.2,307.4,290.2,317.7,308.9,300.2,329,291.2,343.8,309.8,262.8,263.5,275.3,285.5,257.9,259.6,268.9
2024-10-27,211.9,249.9,260.8,243.9,245.2,251.9,230.3,220.1,201.5,194.3,195.4,280.6,304.1,302.4,290,296.7,335.8,321.9,325.2,349.5,277.1,216.1,233.8,241.8
2024-10-28,249.8,263.8,298.7,299.5,313.2,286.7,336.8,256.6,274,227.1,266.2,213,271.6,295,322.5,348.2,337.1,263.6,256.5,257.4,268.3,254.7,268.1,310
2024-10-29,267.8,260.9,233.6,269.5,296.4,302.9,264.1,238.5,295.4,286.5,352.8,332.4,448.1,400.2,363.6,316.5,311.7,477.5,427.4,390.7,384.9,407.9,368.2,331.8
2024-10-30,372.2,395.7,413.3,442.3,493.6,519.2,465.3,432.9,467.7,441.3,512.9,597.1,633.2,582.7,495.2,390.3,325.2,397.5,456.9,436.2,404.3,361.3,381.7,419.7
2024-10-31,310.7,285.5,283,275.6,310.2,297.5,325.1,300,292.4,292,392,357.5,366.8,315.9,315.7,389.5,385.7,338.1,350.8,337.4,318.5,344,392.8,302.8
2024-11-01,339.5,390.1,378,390.2,420.5,422.3,382.8,373.1,370.7,355,350.4,339.5,321,313.9,329.1,342.8,346.9,324.7,379.7,325.6,305.6,348.5,372.7,381.8
2024-11-02,337.1,362.5,392.6,410.5,406.5,406.1,451.7,449.4,415.5,398.7,367.9,353.8,337.1,329.8,323.1,352.6,294,249.6,248.1,267.5,263.1,253.3,278.6,315.4
2024-11-03,303,344.9,364.7,384.7,382.8,385.1,345,346.1,442.4,506.4,538,563.2,552.3,526.7,481.1,465.3,359.3,333.6,312.9,322.6,321.2,341.8,293.6,246.3
2024-11-04,279,250.4,273.4,284.6,284.8,370.5,366.6,393.8,445.5,428.7,428.5,397.2,292.5,227.5,401.9,421.5,304.2,280.5,360.5,410.6,339.4,343.1,342.8,314.3
2024-11-05,289.7,312.8,344.7,342.8,359.9,355.7,386,392.9,430.9,441.1,492.3,502.4,519.3,523.9,529.4,512.5,434.1,357.7,392.3,385.9,379.5,399.4,413.6,415.4
2024-11-06,464.3,464.2,475.1,500.5,518.1,512.5,445.9,414.8,453.9,514.2,513.9,519.3,491.5,477.8,523.4,501,422.7,329.3,318.1,299.7,284.2,274.6,244.8,265.2
2024-11-07,293.5,317.3,315.8,307.4,286.2,289,237.5,210.2,278.3,398.8,459.8,504.9,472.9,400.4,455.5,390.4,299.4,284.9,306.6,315.1,331.3,354.9,248.2,292.2
2024-11-08,320.3,293.6,227.3,244.4,242.2,224.6,186.6,218.1,279.8,422.8,440.2,434.9,388.6,365,388.1,332.3,322.8,295,301.8,298.7,293.9,297.5,314.5,363
2024-11-09,310.9,348.4,374.6,379.2,330.4,332.6,318.9,315.6,366.5,347.2,441.3,362.1,314.9,312.5,380,365.8,352.3,308.7,311.6,340.5,297.8,312.3,320.7,200.8
2024-11-10,242.2,270.4,294.6,320.7,345,332.4,315.6,277.8,232.7,290,301.6,314.4,301.5,283.1,277.8,253.1,226.5,182.9,180.1,227.3,250.8,280.6,290.5,310.1
2024-11-11,337.5,316,291.4,313.6,457.7,455.5,420.1,394.3,452,457,482.7,518.2,543.2,504.1,440,448.6,352.7,252.9,254,268.1,283.1,303.6,318.7,220.6
2024-11-12,266,246.3,280.4,311,327.4,342.6,337.6,298.1,366.8,436.9,483.9,540.3,558.1,516.4,401.6,374.5,369,375.9,355.4,349.1,341.8,341.1,294.1,269.3
2024-11-13,264.5,282.2,280.8,282.1,270,265.8,247.2,236.8,290.7,438.3,418.2,430.5,433.4,396.5,364,321.7,342.1,269.8,267,285.5,278.6,291.5,317.1,217.3
2024-11-14,318,388.8,370.8,371.6,355,350,358.6,325.9,284.3,337.3,427.7,473.6,458.3,466.3,440.7,323.2,274.3,247.3,296,287.8,262.2,279.9,295.8,323.1
2024-11-15,370.9,331.8,326.9,339.1,399.4,441.4,408.2,364,323.4,321.9,366.2,414.1,378.7,350.2,348.9,327.4,391.3,380.7,412.3,423.2,367.4,328.6,354.2,381.1
2024-11-16,413.7,387.8,429.7,463.4,398.7,372,315.8,271.7,293.7,316.3,339.1,415.2,377.1,429.8,356.6,399.7,350.2,285.2,286.5,304.1,328.7,344.2,381.5,457.4
2024-11-17,395.6,365.4,416.3,456.3,496.9,525.8,521.1,529.1,604.9,640.8,628.1,611.6,636.9,631.7,632.7,587.9,578.1,544.7,515.1,432.7,459.9,471.9,502,516.9
2024-11-18,472.6,489.4,512.7,518.4,529.4,529.4,492.1,472.1,538.7,596.4,580.9,587.5,565.8,559.7,584.3,697.2,523.5,384.1,323.4,309.6,307.4,329.2,320.5,358.4
2024-11-19,391.1,414.1,414.6,460.1,457.8,464.1,414,377,377.4,448.5,460.8,444,397.8,360.6,429.4,378.7,333.6,264.1,264.3,249.9,284.1,293.2,276.5,289.9
2024-11-20,333.5,394.1,414.2,429.2,440.1,371.4,295.9,236.1,202.5,281.5,307.1,348.1,387.2,331.4,324.3,331.5,328.1,347.7,344.4,375.7,391.7,479.5,450.5,475.6
2024-11-21,457.2,483.1,482,468.2,461.4,457.7,409.8,369.4,354.4,486.6,561,579.5,596.5,554.6,560.4,507.3,462.4,397.3,375.9,392.2,394.9,366.6,366.9,390.7
2024-11-22,443.2,362.9,386,408.4,408.1,374.7,341.3,399.6,407.8,423,530.6,583.7,590.2,602.2,575.6,519,422.5,343.6,385.4,383.6,387.9,395.1,340.5,357.3
2024-11-23,403.9,403.6,427.9,416.4,410.5,423.3,397.1,362.7,417.4,507.9,547,568.1,597.5,588.7,665.8,605.4,485.5,374.3,358.2,356.3,358.9,369.8,378.9,398.2
2024-11-24,303.1,354.4,335.2,348.3,340.1,343.1,311.8,310.8,359.2,410.3,397.1,365.3,363.4,377.6,375.5,504.6,447.1,359.3,346.1,347.8,362.7,380.4,392.4,410.7
2024-11-25,398.2,425.5,351.3,361.5,367.6,374.6,346.3,324,287.8,340,392,411.4,423.8,391.1,313.3,272.6,309.7,301,321.5,322.3,365.1,453.6,405.6,413.8
2024-11-26,386.5,431.8,421.8,461.9,518.2,545.4,501,449.2,376.7,373.5,446.9,620.6,630,587.5,492.3,494.6,449.6,432.9,435.3,435,426.2,423.7,448.4,448.7
2024-11-27,376.7,416.7,427.1,448.2,472.4,481.5,412.3,336.4,289.1,337.5,373.4,448.2,478.4,485.6,401.5,438.9,451.1,422,444.1,456.1,476.1,485.9,475,499.4
2024-11-28,419.5,449.3,470.9,484.2,500.2,548,471.5,420.6,362.5,357,353.1,247.9,336.6,462.7,466.1,347.9,359,397.3,434.1,501.5,524.8,544.3,552.1,548.1
2024-11-29,452.7,489.4,504.4,523.6,524.3,534.5,462.5,410.6,392.4,373,405,437.2,437.5,402.9,377.4,452,447.6,473,497.2,494.6,512.4,493,523.3,512.9
2024-11-30,419.7,444.9,477.3,471.6,484,459.6,404.9,355.7,397.5,530.5,592,635.7,616.9,599.8,554.4,597.6,507,404.2,362.3,365.1,369.8,383.4,385.9,400.7
2024-12-01,439.6,406.7,368.6,380,378.5,407.5,384.5,382.4,407.4,433.4,487,476.2,453.8,414.8,485.8,601.3,481.2,389.1,357.7,363.1,375.9,401.9,418.7,410.8
2024-12-02,404,415.8,444.4,464.1,459.5,449,391.1,329.9,359,462.2,420.7,467.6,465.8,441.5,417.8,449.2,416.4,395.3,433.9,435.3,461.9,518.1,538.8,550.6
2024-12-03,545.8,482.8,491.2,501.4,563.2,661.4,579,511.3,403.8,363.2,397,446.3,445.1,464.4,519.6,495,475.8,461.6,433.8,439.2,421.3,452.9,431.4,377.6
2024-12-04,394,427.3,473.6,511.8,482.7,477.9,397.8,297.4,331.5,422.5,427.6,423.4,474.5,406.2,436.7,467.3,381.9,333.9,341.2,319.1,269,285.6,284.6,329.1
2024-12-05,332.8,382.8,423.3,451.8,434.7,418.7,368.1,322.8,309.9,376.6,391.9,497.2,481.4,546.7,540.9,432.9,348.3,309.5,346.9,378.7,381.4,366.9,369.1,410.3
2024-12-06,416.3,444.4,397.8,405,365.6,369.7,290.4,229.2,208.2,264.2,312,341.6,319.2,373.6,516.4,435.6,364.8,329.1,356,376.8,362.3,368.1,377,403.2
2024-12-07,449.9,478.2,502.1,543.1,528.1,484.7,440.8,415.4,441.2,509.8,495.4,547,542.4,485.8,435.7,318.1,370.7,454.8,483.8,501.6,487.9,520.2,535.4,469
2024-12-08,440.4,482.1,512.4,498.2,504.7,532.5,520.3,491.7,467.9,530.8,522.9,608.1,641.6,624.3,577.2,645.9,575.3,468.4,460.7,429.1,322.2,361.3,355.1,372.2
2024-12-09,382.2,392,395.1,419.4,414.1,422.9,404.7,338.1,314.9,316.1,327.2,372.2,417.1,437.2,425.7,425.7,358.2,295.7,322.7,332.1,356.2,373.4,389.1,400.6
2024-12-10,395.3,432.8,463.7,476.7,476.8,490.1,435.3,374.5,350.9,441.6,513.9,473.6,507.5,486.1,424.9,473.2,356.4,291.1,318.5,332.4,331.5,344.1,358.8,397.6
2024-12-11,479.4,494.3,507.6,530.2,525,547.3,504.1,430.3,382.5,379.4,386,481.3,511.7,470.6,457.2,514.4,448.2,373,390.4,380.1,421.3,334.8,365.9,365.1
2024-12-12,334,346.3,332.5,360.6,348.2,359,355.8,309.6,309.1,545.2,488,484.3,505.2,479.3,511.1,503.2,461.3,374.3,388.8,416.3,477.3,454.7,445.8,400
2024-12-13,417.4,343,403.1,413.3,385.1,385.5,476.4,422.7,432.2,382.1,390.8,371.3,456.2,524.5,526.1,543.3,485.1,426.4,460.9,472.2,456,469.8,398.8,400.2
2024-12-14,320.3,361.3,412.9,421.8,442.4,445.4,402.3,419.7,421.3,492.9,534.2,535.4,576.4,528.5,499.8,465.1,461.7,382.6,374.9,379.7,392.1,418.1,417.9,443.5
2024-12-15,436.7,427.5,420.6,439.9,454.8,453.3,427.8,396.9,409.3,418.6,459.7,452.7,438.9,458.4,444,439.4,448.6,378.1,349.3,344.4,346.9,388.4,403.2,418
2024-12-16,365.5,390.2,405.3,410.8,406.2,393.4,331.4,250.6,225.5,206.3,306.7,368.6,340.9,377.4,425.7,415.8,357.9,297.7,286,292.9,324.6,359.3,408.7,428.3
2024-12-17,388.1,345.3,339.5,331.4,333.7,347.7,440.8,368.6,336.1,400.9,413.7,411.8,428.4,412.1,416.8,398.3,364.6,338.9,373.6,404.4,404.6,401.9,410,402.7
2024-12-18,454.1,538.3,463,415.4,441.8,429.3,412.7,449.5,464.9,494.8,518.7,550.6,564.2,530.9,514,511.4,478.8,432.5,448.7,447.9,479.7,456.4,496.2,496.8
2024-12-19,403.1,442,479,495.6,482,460.8,462.9,433.1,424.4,400,419.9,473.5,481.5,478.6,410.2,334.3,327.1,225,257.2,310.5,325.3,339.7,348.2,370.6
2024-12-20,366.3,394.3,399.1,412.6,419,417.5,381.1,316.8,249.4,291.8,308.2,301.7,408,426,393.1,383.5,376.2,337.5,367,358.1,382.5,383.5,344.2,372.7
2024-12-21,386.2,365.1,370.8,411.6,458,448.1,436.8,439.4,391.4,423.1,455.1,487.2,486.9,477.1,441.3,555.4,496.2,451.3,461.9,463,456.7,492.2,505.9,385.2
2024-12-22,408.1,446.7,487.6,508.7,511.5,510.2,604.2,562.6,502.6,495.2,558.2,548.9,601.1,572.9,523.4,466.6,475.1,417,409.6,398.2,383.5,375.3,349,355.6
2024-12-23,373,383.2,403.1,455.6,435.4,469.1,439.9,337.4,333.3,426.8,405.9,354,356.8,345.4,353.5,399.9,388.9,286.5,293,320.9,313.3,328.2,341.1,382.2
2024-12-24,417.6,414.2,446,454.5,504.6,509.6,457.5,362.7,328.7,392.7,462.6,488.2,504.2,519.4,486.4,501.7,454.8,394.9,378.7,401.1,391.9,383,383.2,378.3
2024-12-25,428.6,352.5,362,370.3,385.9,399.9,364.9,324.9,359.3,465.8,488.3,484.2,426.9,340.8,439.6,449.7,390.5,351,353.4,371.2,349.5,362.4,370.3,346.5
2024-12-26,371,451.4,470.4,520,553.7,575.2,515.9,478,418.5,511.5,595.4,683.9,666.7,604,556.5,564.7,456.1,422.8,416.8,435.6,454.6,428.6,461,429.7
2024-12-27,422,462.8,497.1,523.5,527.8,519.2,446.7,436.7,406.8,417.3,378.4,401.7,475.7,484.2,499.5,432.1,409,323,331.4,351.9,367.6,402.2,430.1,401.3
2024-12-28,375.7,425.7,453,472.6,468.6,440.2,409.6,349.6,351.5,374.9,456.8,481.9,441.5,414.3,401.9,497.2,457.2,391.9,385,372.7,378.6,406.4,402.4,317.2
2024-12-29,336.3,361.9,364,368.7,377.6,361.7,373.1,354,337.3,370.7,448.6,506.8,560.6,623.9,605.5,493,392.6,327.5,293.8,316.1,325.6,324.4,310.7,323.1
2024-12-30,348.7,384.5,400.2,458.8,430.2,388.2,357.4,278.9,273.6,409.2,429.1,393.6,420.9,479.3,429.6,471.2,397.8,270.6,293.6,325.7,347,340.1,366.1,435.3
2024-12-31,508.4,496.5,497,528.8,560.2,583.2,547.2,474.2,470.9,559.8,599.8,646.6,644.2,617.5,632.1,543.7,500.7,403,304.3,299,298.4,271,283,333.2
2025-01-01,364.7,422.3,383.4,388.9,382.4,355,322.9,335.8,408.5,484.7,491.4,515,495.4,495.2,459.9,437,441.5,357.8,302.5,309.8,312.7,329.2,339.2,366.6
2025-01-02,379.5,394.9,421.5,441,450,437.3,387.6,318.6,280.5,344.9,407.1,436.1,490.3,491.8,445.5,423.4,388.6,310.1,325.1,390.8,406.8,411,394.8,372.2
2025-01-03,406.4,466,491.6,529.1,533.8,527.3,487.1,457.9,479.5,491.3,481.7,494.1,522.3,557.9,513.1,552.8,459.9,320.4,355.6,336.5,312.7,310.6,319.8,331.2
2025-01-04,390.8,412.7,426,447.7,467.1,459.5,415,374.7,408.3,471.5,496.9,504.1,522.2,483.4,482.9,450.2,423.1,289.5,281.4,268.2,263.2,272.4,275.2,295.7
2025-01-05,352.5,368,395,360.8,372.2,360.1,353.8,340.4,324.4,330.6,368.9,399.1,425.8,424.4,387.8,349,315.7,303.3,302.7,329.8,325.7,351.5,354.6,367.1
2025-01-06,411.8,425.8,454.8,461,479.2,497.5,541.2,483,459.4,485.5,387.8,397.2,427.2,536.9,529.8,577.4,497.3,382.6,385,409.3,417.1,442.8,452.8,471.2
2025-01-07,516.4,524.8,544.6,557.6,567.2,537,494.9,456.7,426.4,454.8,449.1,476.1,473.9,421.6,385.6,456,431.4,360.7,385,362,378.4,380.8,387.6,360.1
2025-01-08,335.9,361.1,411.5,428.7,418.1,412.3,333.1,262.3,164.2,216,353.9,373.4,353.9,323.6,332,320.5,308.2,230.8,319.7,345.8,405.6,447.2,457.7,385.9
2025-01-09,413.4,442,453.7,491,463.5,444.2,528,442.1,369.3,411,489.7,528.3,564.6,501,394.2,351.9,341.7,342.9,381,393.6,406.7,418.5,354.1,345.2
2025-01-10,354.1,370,388.2,403.9,425.8,410.7,418.1,317.6,228.2,237.8,263.1,343.6,410.1,425.5,531.4,437.4,356.9,289.2,299.3,323.9,363.3,388.1,356.8,375.3
2025-01-11,391.3,414.6,417,431.7,407.6,381.8,388,412.1,397.7,438.4,411.7,457.3,493.5,438.7,382.8,359.7,336.7,267.5,239.1,258.5,292.5,382.9,436.7,277.2
2025-01-12,364.3,438.3,453,500.6,511.8,490.4,434.6,382.4,367.7,469.4,486.7,494.9,483,379,394.7,460.3,405.5,245.5,251.7,259.3,299.5,354,405.5,456.5
2025-01-13,463.2,452.1,366.5,363.9,356.4,329.1,320.3,260,251.7,402.6,471.2,433.6,436.9,468.7,414.4,384.8,338.5,290.9,267.1,256.2,261.6,264.7,268.3,269.9
2025-01-14,336.7,358,400.4,419.6,418.4,405.7,355.9,321.4,314.1,459.8,444.1,429.3,463.8,477.6,418.1,437.8,387.1,356.8,364.5,360.4,389.7,457,390.5,465.7
2025-01-15,493.6,509.9,424.9,446.5,444.7,423.9,419.6,403.1,443.2,447.2,429.8,402.3,424.2,429.7,514.2,612.4,557,431.3,344.4,364.4,370.8,385.3,377.9,387.7
2025-01-16,395.6,361,362.6,368,376.6,358.5,329.8,312.6,338.7,372.3,396.7,410.1,517.4,428.5,464.2,317.1,393.5,285.6,321.7,385.1,444.8,366.3,326.2,345.3
2025-01-17,381.7,419,447.8,459.9,466.3,439.8,371.3,322,277.6,283.1,370.2,439.5,430,469.7,576.9,602.8,546.3,412.3,357.4,359.2,356.3,354.8,355.1,365.4
2025-01-18,408.3,380.9,335.3,355.7,355,346.6,304.6,279.3,343.5,418.9,352.5,440.3,471.9,417.4,531.8,574.8,518.7,402.9,364.4,344.6,341.4,353.5,366.6,372.6
2025-01-19,414.1,327.8,356.6,371.9,382.3,378.8,354.3,330.9,394.6,519.1,498.8,531.6,528.1,487.9,492.6,535.8,460.5,370.8,280.4,265.6,267.3,274.2,272.2,290.2
2025-01-20,341.7,388.5,415.7,431,422.4,418,392.6,324.7,326.2,413.6,411.3,497.5,529,512.5,526.6,469.6,557.9,475.9,453.3,449.3,450,375.9,316.9,332.6
2025-01-21,385.5,404,438.3,448.7,449.2,461,514.8,425.6,454.1,562,504.9,535.4,572.7,567.8,616.7,692.7,591.2,410.2,354.2,353.4,366.2,352.9,340.7,360.1
2025-01-22,407.8,392,354.2,367.9,393.5,389.8,313.8,254.2,268.7,379,348.6,340.7,385.8,423.9,533.4,508.2,470.1,379.4,351.2,344.3,359.6,373.7,389,406.5
2025-01-23,437.1,439.4,456.5,466.3,482,463.8,414.8,355.8,375.7,512.5,441.2,485.4,473.1,463.5,503.6,561,538,467.4,392,377.3,375.4,376.4,387.3,407.5
2025-01-24,467.4,510.3,547.2,587.8,488.9,420.1,379.7,346.6,357.6,430.7,400.3,468.3,479.6,513,479.4,456.6,499.7,477.4,459.9,414.8,418.1,448.5,477.2,492.9
2025-01-25,475.1,410.4,431,463.6,478.3,490.9,469.3,428,476.7,585.1,636.7,619.1,573.4,519.5,476.8,494.2,558.9,457.8,427,415.7,407.5,411.1,414,410.9
2025-01-26,434.1,425,351.4,357.4,333.7,304.8,269.8,247.7,278.4,309.4,369.2,364.8,392,444.1,379.6,462.8,462.1,342.7,311.3,301,307.5,312.9,311.3,348.7
2025-01-27,388.6,414.8,472.6,517.4,475.7,475.8,427.9,469.3,426,476.4,465.4,470.9,553.2,529.2,495.1,537.7,470.7,457.4,402.1,377,405.6,421.2,433.4,444.2
2025-01-28,450.6,453.8,501.3,510.6,511.8,505.7,468,437.5,424.4,449,415.1,458.6,498.6,549.8,482.7,474.8,492.8,414.7,367.3,378.9,396.3,417,429.9,441.9
2025-01-29,464.8,483.4,506.5,533.1,521,509.6,483.5,451.3,480.2,492.3,543.8,619.8,620.1,638.6,625.1,721.8,763.7,625.8,543.2,501.9,453.1,420,397.3,356.1
2025-01-30,366,383.5,403,410.5,413.9,424.4,395.9,370.7,472.2,516.6,517.9,568.2,574.5,592.8,534.6,600.2,576.3,501.4,369.7,338.5,339.4,363.2,376.5,387.8
2025-01-31,437.8,475.9,519.5,508.5,509.7,501.9,507.1,487.8,448.8,412.5,521,476.9,437.7,429,391,441.7,397.7,408.5,427.7,421.7,344.9,346.7,364.9,397.2
2025-02-01,381.2,414.3,424.9,430.9,466.4,502.2,491.1,502.1,435.3,312.5,265.4,275.1,359.3,430.4,421.9,379.5,402.6,424.7,428.8,420.5,408.6,354.7,313.6,339.8
2025-02-02,396.5,434,477.3,488.3,468.5,464.7,446.5,414,458.4,525.4,488.4,570.6,658.1,657.4,606.1,538.8,571,503.1,554,552.2,503,463.8,392.2,439.4
2025-02-03,451.4,428.9,483.9,512.7,522.1,501.9,516.1,491.6,475,487.5,519.7,604.7,607.2,564.8,523,553.6,506.7,444.7,420.4,431.6,484.5,493.8,495.5,318
2025-02-04,339.1,442.9,429.5,397.3,393.1,395,419.7,447.2,380.2,340.7,377.3,440.7,460.5,579,628.2,608.4,531.2,441.5,403.4,417.6,450.6,389.5,399.1,421.8
2025-02-05,416.8,434.7,489.3,500.6,485.7,492,461,434.8,395.5,440.9,380.6,423,471.6,457.7,474.2,456.2,508.4,375.1,362.1,382.1,381.7,393,361,365.7
2025-02-06,434.8,403.9,419.3,422.9,415.4,406.4,341.7,272.4,269.8,273.9,347.6,384.3,407.5,446.2,462.7,502.7,514.4,437.9,362.5,320.4,311.7,316.5,325.1,389.1
2025-02-07,445.6,374.3,337.1,349.5,344.9,368.4,324.9,346,378.9,352.4,353.6,362.4,392.4,387.5,377.2,349.8,357.5,293.5,311.1,364.2,387.4,391.1,398.7,386.9
2025-02-08,395.2,421.5,448.9,459.1,465.5,479,437.2,417.4,402.7,438.5,459.3,446.5,390.8,381.2,389.5,387,452.8,415.6,382.7,385.8,382.4,377.3,373.5,362.4
2025-02-09,358.7,352.8,397.4,421.1,453.9,443.7,405.5,387.4,404.9,456,391.4,387.4,431.1,414.8,420.6,399.9,435.1,357.9,288,256.4,246.1,254.7,262.1,282.6
2025-02-10,330.3,374.5,398.4,533.7,508.3,510.9,452.4,386.4,379.4,415.4,393.4,443.1,407.3,483.6,522.9,519.8,631.1,532.7,423.1,366.4,310.3,332.6,348.7,367
2025-02-11,392.5,365.1,324.3,329.1,328.2,315.8,261.6,246.9,331.4,461.9,475.3,525.4,590.3,580.4,557,642.1,652.9,472.6,382.4,412.9,424.4,443.2,460,367
2025-02-12,405.2,407.6,410.4,449.8,489,511.6,459.3,436.2,408.6,428.3,445.5,482.6,448.3,451.4,437.4,502.9,547.8,522.7,458.4,459.3,380.3,389,390.7,385.7
2025-02-13,407.4,445.3,441.5,459.7,460.3,439.4,399.8,309.1,373.1,493.4,580.4,591.5,651,643.3,613.1,637.7,636.9,518,415.3,360,400.3,410.1,406.9,426.3
2025-02-14,431.2,444.1,464.3,502.2,463.2,454.8,416.9,408.4,504.4,497.7,496.5,519.3,570.3,482.7,374,397,443.6,429.7,404.3,398.4,432.2,423.4,409.8,423.5
2025-02-15,474.8,386.3,403.8,427.6,436.6,425.6,403.8,379.2,340.2,303.1,338.4,377.1,405.8,386.1,487.5,426.8,385.8,377.3,366.2,374.7,435.6,468.7,481.7,491.1
2025-02-16,494.3,509.6,510.9,524.5,551.8,576,469.1,308.7,367.6,367.7,322.5,420.3,466.3,483.7,464.3,575.8,541.9,351.1,291.5,276.6,314.1,337.1,317.4,353.3
2025-02-17,404.9,471.7,518.9,449.7,420.6,367.6,310,300.3,361.6,599.1,604.1,619.9,624.1,653.5,649.1,579.4,523.6,468.3,420.6,436.9,440.6,448.7,441.8,455.5
2025-02-18,427.8,461.1,487.2,511.9,509.3,516.9,462.4,400.4,410.5,434.5,484.9,575.6,612.3,578.7,615.5,588,599,487.5,385.8,382.4,387.3,409.3,370.3,364.5
2025-02-19,430.4,436.8,455.6,483.8,477.1,439.7,390.9,357.4,345.7,426.2,463.8,528.9,610.4,609.7,604.4,589.7,585.7,477.8,355,340.7,337.7,335.5,330.9,333.4
2025-02-20,369.9,387.6,372.4,395.6,439,411.9,400.9,353.9,407.3,411,432.8,533.7,629.3,628.2,740.2,748.6,641.4,559.4,462.3,382.6,382.7,414.4,382,375.5
2025-02-21,377,391.3,406.4,435.6,432.8,454.2,415.4,344.3,348.4,443.5,531.2,595.5,620.6,649.1,641.9,635.1,587.9,483.5,382.1,350.4,331.3,313.7,283,277.4
2025-02-22,330.1,371,370,380.6,389.4,421.2,378.6,377.2,460.9,492.9,419.6,402.2,452.5,500.2,495.7,462.6,493.5,453.5,354.6,349.7,368.4,392.5,426.9,411.4
2025-02-23,397.8,454.7,478.3,487.8,475.2,493.2,433.9,402.3,444.3,455.7,407.1,439.2,517,557.7,568.4,581.8,516.5,433.5,351.3,386.4,389.9,391.5,409.7,403.3
2025-02-24,408,399.1,439.8,468.1,461.8,456.6,453.9,396.5,368.8,408.3,469.4,418.5,514.1,601.5,740.8,766.8,688.4,536.6,464.4,433.6,374.4,370.4,342.7,351
2025-02-25,373.4,411.4,429.1,439.3,432.1,415,359,333.3,437.2,460.7,436.5,308.2,268,321.6,359.7,249.5,281.7,259.8,236.8,244.6,278.4,297.2,307.9,326.9
2025-02-26,382.8,410.2,401.9,420.8,427.6,468.5,405.3,383.6,484.6,381.3,447.5,572.4,613.2,610.8,597.9,483.4,491.1,450.5,336.8,306,305.4,314.8,308.5,317.3
2025-02-27,332.8,346.4,368.5,385.1,378.6,356.6,319.5,324.4,432.5,298.5,310.3,337.5,352.4,322.4,262.8,347,287.1,256.3,261.1,270.2,338.3,376.6,330.9,281.1
2025-02-28,345.3,387,411.7,417.9,409.8,390.5,475.5,448.2,432.6,451.1,515.8,526.8,535.5,444.6,416.2,456.9,494.8,453.4,388.8,382,386.2,412.8,425.3,449.2
2025-03-01,479.8,474.7,487.3,511.1,524.8,521,505.1,485,472.3,502.1,455.2,534.8,404.2,374.1,408.8,541,491.1,480,481.9,465,482.4,504.8,544.8,554.1
2025-03-02,488.8,530.4,560.3,545.5,548.3,538.3,537.3,504.5,476.3,447.1,370.8,338.8,346.4,357.7,335.3,329.6,437.3,464.1,476.5,447,422,465.8,503.3,421.2
2025-03-03,418.9,348.7,354.5,324.5,354.1,425.6,483.7,520,437,380.4,395.7,423.3,433.4,395,353.4,452.6,447.4,392.9,384.5,397.8,406.7,396.1,417.2,406.6
2025-03-04,354.5,378.4,402.4,394.8,404,461.8,498.4,446.9,397.4,352.9,318.5,339.7,488.2,522.9,461.7,433.1,441,396.1,332,326.3,381.6,350.9,325.5,340.4
2025-03-05,397.2,435.1,465.2,453.9,447.2,431.8,379.9,322.4,304.1,314,407,405,410.5,347,297.2,244.3,399.7,245.2,304.9,306.8,340,373.2,369.9,393.7
2025-03-06,415.2,432.4,445.1,471,504.6,496.9,462.9,440.4,406.3,523.8,526.2,672.2,714.5,690.1,652.1,684.7,699.9,588.6,470.8,427.1,429.3,411.5,363.3,354
2025-03-07,341.7,327.4,315.3,324.3,330.1,331.3,281.4,269,397.6,436.4,359.5,408.8,483.5,482.6,382.6,446.4,388.6,329.3,291.8,280.4,300.5,323,328.8,351.8
2025-03-08,275.3,275.7,300.8,318.7,316.5,270.1,294,291.8,316.4,413.1,424,304.3,247.6,277.9,267.5,269.7,358.7,349.7,291.4,247.7,227.5,212.3,218.1,244.1
2025-03-09,284.9,297.9,321.9,327.5,341.3,348.8,332.6,390.2,522,529.5,649.1,586.3,587.9,568.8,549,509.3,551.8,448.5,317.7,246,237.9,256.8,264.5,283.9
2025-03-10,333.7,333.3,346.9,358.8,354.6,373.1,341.4,312.3,345.8,335.1,359,307.1,327.7,339.3,328.4,312,287.9,261.2,217.7,204.1,219.7,253.1,279,306
2025-03-11,335.1,348.2,366.8,376.6,379.5,361.8,324.2,289.2,341.9,404.4,435.2,480,422.8,457.8,513.5,523.9,495.8,410.8,331.7,269.4,276.5,302.5,310.6,332.3
2025-03-12,355.2,367.2,405.9,431,427,386.2,343.7,361.1,396.7,393.6,395.6,397,383,411.1,413.4,370.2,364.6,359.5,296.9,294.1,299.1,322.6,365.4,398.8
2025-03-13,466.4,531.7,536.2,527.6,535,543.1,499,373.4,299.2,308.9,355.3,400.6,503.9,635.3,548.4,490,617.9,594.5,540.6,509.8,515,521.9,478.8,480.4
2025-03-14,478.1,459.9,459.9,537.6,491.1,528.3,519.6,493.8,494.3,543.2,476,626.3,665.3,658.8,668.5,599.5,510,458.8,402.6,463.6,471.9,476.3,461.7,443.3
2025-03-15,362.3,448.1,485.4,495.9,461.2,447.4,413.5,366.7,332.1,342.7,395.8,402.9,458.4,401.1,387.2,426.7,366,346.2,385.8,407.6,389.4,392.3,343.4,277.1
2025-03-16,291.1,338.5,345.5,361.8,388,528.4,505.9,529.1,596.3,646.9,629.3,546.9,460.6,524.2,621.1,629.2,584.9,509.5,443.9,406.9,403.2,391.7,380.9,410.8
2025-03-17,479.6,478.1,497.1,518.1,520.9,521.4,460.6,451,499.8,528.5,514.3,584.9,603.4,590.9,594.7,574.9,652.5,470.8,251.5,165.2,191.5,207.8,228.1,232.5
2025-03-18,327.2,331.8,373.4,368.1,334.6,392.6,352,352.4,483.4,467.8,442.4,545.3,469.3,542.3,513.4,512.1,457.1,322.6,308.1,292.7,309.4,331.5,330.3,343.7
2025-03-19,338.2,349.5,351.7,371,349.4,286.2,180.1,225.1,314.4,346.9,398.9,403.6,508,540.7,568.7,680.7,592.5,517.3,343.9,253.9,266.6,255.7,233.1,227.7
2025-03-20,264.6,298.4,262.9,277.7,276.9,280.6,247.4,305.3,441.5,405.3,489,593.8,618,635.1,582,709.5,656.5,522.6,347,299.3,302.8,304.7,316.7,291.1
2025-03-21,281,362.6,406.3,419.8,422.5,427.8,411.4,415.2,490,444,484,457.5,479.9,474.7,481.2,480.4,575.3,491.7,332.5,281.9,324.6,324.5,313.1,340.2
2025-03-22,365.8,355.6,370.1,408.3,411.6,405.1,387,377.6,483.1,471.6,425.9,478,497.5,505.4,512.7,520.8,488.8,439.7,293.7,248.4,249.6,281.4,311.4,357.5
2025-03-23,323.6,339.3,366.6,332.3,301.2,283,242.1,328,402.3,467.7,468.7,501.4,516.7,503.6,481.5,542.7,521.5,434.8,388.5,309.9,246.8,254.1,282,313.3
2025-03-24,301.4,344.1,378.7,435.7,428.4,326.7,286.9,307.4,446.5,471.3,495.7,498.3,505.2,491.9,484.7,525.5,571.5,530.2,440.9,475.7,531.7,448.8,436.3,438.2
2025-03-25,460.7,303.7,296.2,272.4,266,269.3,252.7,289.1,405.8,411.1,463,464.4,482.2,504.3,498,549.6,662.4,568.2,433.8,345,308.1,298.6,294.8,315.7
2025-03-26,350.3,364.4,373.9,379.3,366.2,349.7,315.6,369.1,415.1,417.5,419.2,474.6,504.7,482,517.2,506.7,470.4,437.9,419.5,397.9,417.8,403,395.6,437.8
2025-03-27,451.7,443.3,412.8,449,415.7,445.5,424.7,421.4,420.5,354.7,360.3,277.3,300.6,288.9,226.4,316.1,458.7,471,452.3,362.6,297.4,326.5,336.7,358.1
2025-03-28,316.9,304.7,341.1,351.8,344.2,336.5,327,307.5,336.6,442.4,398.7,384.5,438.3,373.8,380.7,447.2,444.8,408.8,320.6,280.6,241.1,211,226.2,220.3
2025-03-29,230.5,269.3,264,358.5,376.4,391.9,373.8,372.3,482.7,512.9,534.9,435.1,383.4,436.9,429.5,380.9,421,402.5,342.7,312.5,332.8,324.9,308.7,306.3
2025-03-30,328.8,353.5,384,384.5,360.9,322.7,305.7,415.4,509.8,564.6,519.1,532.4,479.6,428.7,469.4,524.8,418.5,343.4,237.7,191.3,190,210.1,206.5,213.5
2025-03-31,227,250,281.1,282.2,267.5,263.1,234.4,263.6,401.8,413.3,487.1,550.9,461.3,526.1,550,540.6,415.1,424.7,331,280.9,307.3,296.4,312.7,338.1
2025-04-01,311,240.2,222.6,236.1,229,211.2,184.8,210.2,260.1,297.8,393.8,545.3,566.9,515.4,544.7,538.5,643.5,507.6,321.1,202.4,213,265.4,275.3,297.8
2025-04-02,321.7,323.9,286.4,272.4,263.2,258.9,223.9,330.8,374.9,391.6,461.8,532.6,580.5,225.3,543.4,559.3,485.3,454,310.8,209.5,245.3,252,271.8,300
2025-04-03,341.2,367.4,396.2,405.8,446.1,385.2,353.7,398.7,471.5,456.8,451.9,504.2,503.9,427.1,379.7,423.9,413.1,408.6,285.6,219.6,246.3,266.2,271.9,272.7
2025-04-04,310.5,285.9,301.6,306.1,273.2,254.5,231.9,306.8,422.5,378.5,433.3,387.1,351.8,350.7,414,404.2,478.4,426.5,343.8,280.7,266.7,315.5,348.7,373.5
2025-04-05,304.7,336.7,335.2,359.6,428.2,457,421,366.4,471.8,498.1,529.7,428.8,270.2,314.5,497.1,672.2,609.6,497.4,381.1,326.3,311.6,346.8,346.1,366.1
2025-04-06,394.3,294.7,261.6,263.9,260.4,282.5,270.9,404.3,509.5,609.9,534.4,578.1,598.3,593.2,588.4,654.8,696.5,577.8,416.5,308.2,311.2,304.8,330.4,345.6
2025-04-07,283.6,313.7,330.5,339.6,346.2,323.4,308,397.7,468.4,499.2,604.2,585.2,623.2,618.9,622.6,543.8,451.1,470.6,374.6,338.5,341.9,351.2,391.4,420.6
2025-04-08,437.9,463.8,486.2,488.9,471.5,470.9,463,432.3,537.2,655,655.5,555.2,568,555.3,560.3,508.4,507.2,434,368.6,346,348.9,342.3,330,358.7
2025-04-09,363.4,341.1,339.3,354.9,354.5,337.9,317.1,414.2,464.9,550.7,542.7,567,505.2,524.2,501.2,452.9,470,428.6,389.9,348.4,367.3,414.6,411,356.1
2025-04-10,340.9,322,316.3,308.1,305.8,364.6,381.8,369.2,409.7,525.2,499.8,553.6,592.5,582.8,551,570,587.6,556.5,454.8,388.9,377.4,360.9,346.8,366.5
2025-04-11,410.2,448.2,439.7,430,408.6,393.3,379.3,485.5,486.5,482,539.8,610.2,640,613.4,551.3,464.1,413,339.7,286,295.3,325.8,327.6,347.5,382.2
2025-04-12,437.4,469,470.9,388.9,415.6,441.2,452.8,344.1,366.2,553.6,473.3,404.7,357.1,405.7,468.8,488.1,442.3,383,395.1,396.1,351.9,319.3,343.8,364
2025-04-13,477.8,556.4,562.3,588.6,575.5,476.5,426.7,541.5,611.1,597,541.3,452.8,595.8,560.1,608.8,668.6,674.3,619,483.3,318,231,226.4,314.1,350.2
2025-04-14,400.2,466,498.3,472.4,479.8,457.4,447.5,474.1,535.1,594.7,724.9,775.9,788.7,767.8,759.1,813.6,640.3,452,389.4,358,374.3,366.8,387.1,435.7
2025-04-15,437.6,448.5,476,473.9,470.5,427.2,345.9,399.7,483.5,552.6,599.1,626.6,670.7,663.4,632.9,693.4,619.8,430.9,293.7,246.6,256.7,281.7,284.6,311.4
2025-04-16,373.6,420.4,344,384.6,416.2,406.3,388.1,411.5,495.2,566.2,665,717.4,718.7,740,684.8,600.3,524,537,481.9,461.8,460,446.5,451.2,460.3
2025-04-17,410.3,432.8,445.9,465.9,484.4,483.2,443.1,439.6,500.6,575.6,601.7,621.2,643.7,607.6,570.5,524.6,485.8,388,369.2,391.8,436.8,459,474.1,443.8
2025-04-18,405.2,413.6,441.1,472.9,483.7,495.3,482.2,453.9,432.3,489.9,536.4,587.2,572.1,518.8,469.8,439.8,546.3,513.6,451.1,435.7,410.4,431.3,503.5,457.7
2025-04-19,315.6,347,366.2,541.6,510.3,520.4,483.4,510.2,594.7,662.7,671.2,690.5,738.1,708.2,633.1,622.9,532.8,515.3,597.5,556.4,556.1,586,482.9,464.5
2025-04-20,436.4,431,426.4,453.5,442.7,440.6,416.3,430.8,483.5,456.3,395.4,361.5,318.1,390.4,510.6,508.7,410.6,352.5,313.8,278,268.5,284.7,303.9,306.1
2025-04-21,324.3,362.9,376.1,391.9,387.8,375.7,356.8,350.2,355.9,386.1,380.2,408.1,447.5,439.6,421.5,430.3,428.6,380.7,327.3,292.9,301.6,344.9,361.1,446.9
2025-04-22,454,487.3,519.3,552,556,597.5,595.7,539.1,469.3,423.3,380.4,409.7,461.4,422.6,366.1,497.3,429.6,396.1,359.8,346.9,402.8,412.8,380.6,309.7
2025-04-23,356.3,378.2,383.1,385.9,360.9,353.2,336.1,410.4,370.4,359.8,434.4,530.2,533.3,488,521.3,427.7,394.7,373.8,361.2,296.4,285.9,299.2,305.7,332.2
2025-04-24,376.6,302.8,328.8,329.5,319.1,301.5,299.1,404.6,536.5,556.2,614.1,663.6,648.8,687.7,622.2,683.3,583.5,489.1,419.3,379.5,406.5,442.6,416.8,410.5
2025-04-25,388,410.3,440.1,434.4,405.4,387.1,368.1,421.2,419.2,487.6,539,523.9,636.7,678.6,710.8,703,738.9,618.2,484.1,394.1,366.2,363,349.4,352.5
2025-04-26,368.4,382.3,417.8,427.1,431.9,436.4,413.2,458.9,546.6,644.3,603.2,646.6,647.3,637.1,621.2,648.7,639.8,513.2,392.3,314.2,290.8,293.8,299.2,322.7
2025-04-27,356.4,386.1,407.2,427.9,430.9,419.9,448.1,535.1,503.5,608.4,627.4,650.3,648.8,550.7,361.9,318.8,420.4,367.3,329.9,319.4,321.8,336.4,352.5,419.7
2025-04-28,378.2,337.4,365.2,380.2,411.6,453.4,399.9,391.1,408.1,473.3,575.2,621.4,637.5,620.1,633.5,682.7,711.7,588.4,460,359.8,352.5,351.1,369.9,361.9
2025-04-29,407,447.6,482.9,490.6,498,500,490.2,486.2,494.2,545.7,616.2,657.8,593.5,632.1,603.9,563,599.5,449.9,339.9,264.6,265.1,264.9,277.1,307.8
2025-04-30,330.6,371.3,389.8,395.1,384.4,378.4,400.3,404.4,522.1,547.4,560.8,595.8,651.1,681.8,705.3,622.6,610.4,516.8,436.7,406.4,382.4,368.8,378,413.4
