�Ͻ�,��ձ��(��),�ְ����(��),�������(��)
2015-01-01,3.3,5.4,1.7
2015-01-02,6.1,8.5,3.9
2015-01-03,6.8,9.6,3.5
2015-01-04,11.5,15,7.7
2015-01-05,12.9,17.5,6.8
2015-01-06,7.8,17.2,3.9
2015-01-07,4.7,5.8,3.4
2015-01-08,6.3,7.6,5.1
2015-01-09,8,10,6.5
2015-01-10,8.6,11,6.5
2015-01-11,8.5,12.1,5.4
2015-01-12,4.9,7.9,3.8
2015-01-13,9.7,13.7,4.2
2015-01-14,9.3,10.7,8.7
2015-01-15,8.4,10.9,5.9
2015-01-16,7.7,9.4,5.3
2015-01-17,5,8,2.7
2015-01-18,6,10.1,1.2
2015-01-19,8.5,11,5.9
2015-01-20,6.9,9.7,3.7
2015-01-21,9.2,10.6,7.8
2015-01-22,7.6,9,6.5
2015-01-23,6.9,9.9,5.4
2015-01-24,8,11,5
2015-01-25,11.6,15.8,6.9
2015-01-26,10.3,13.6,7.4
2015-01-27,5.6,7.6,3.3
2015-01-28,4.5,6.4,3.2
2015-01-29,6.8,8.1,4.8
2015-01-30,5,6.7,3.6
2015-01-31,3.4,5.1,2.7
2015-02-01,4.1,7.7,0.6
2015-02-02,6,9.3,4.3
2015-02-03,6.2,9.6,2.8
2015-02-04,6.8,7.4,6
2015-02-05,5.5,6.9,3.1
2015-02-06,6.1,7.8,5
2015-02-07,8,9.7,5.8
2015-02-08,1.7,8.8,-0.7
2015-02-09,1.8,3.6,-0.3
2015-02-10,7.1,9.4,2.5
2015-02-11,8.9,12.3,5.8
2015-02-12,7,10,4.6
2015-02-13,4.7,8.1,3.3
2015-02-14,8.4,14.4,3.1
2015-02-15,12.5,14.9,9
2015-02-16,11.8,14.4,9.8
2015-02-17,8.3,10,7.3
2015-02-18,6.5,7.4,5.5
2015-02-19,5.7,8.9,4
2015-02-20,9.3,14.9,3.1
2015-02-21,11.9,17.3,9
2015-02-22,8.7,10.8,6.5
2015-02-23,6.9,9.8,5.4
2015-02-24,7.9,10.9,5.9
2015-02-25,10.3,12.7,6.8
2015-02-26,8.8,11.6,4.9
2015-02-27,4.2,5.4,3.7
2015-02-28,7.9,9.8,4.1
2015-03-01,7.3,9.2,5.9
2015-03-02,7,10.1,3.4
2015-03-03,8.4,10.1,6.8
2015-03-04,4,6.8,3.2
2015-03-05,5.4,7.1,2.8
2015-03-06,8,9.3,6.3
2015-03-07,9.3,12.1,6.3
2015-03-08,10.7,16.1,4
2015-03-09,7.6,11.6,2
2015-03-10,2.9,4.1,0.2
2015-03-11,7,9.7,3.3
2015-03-12,8.3,11.3,6.2
2015-03-13,11.5,17.7,4.7
2015-03-14,10.3,12.2,8.7
2015-03-15,10.8,14,7.8
2015-03-16,13.5,17.1,9.9
2015-03-17,15.7,19.6,11.1
2015-03-18,17.1,20.6,13.9
2015-03-19,12.8,14.8,11.5
2015-03-20,12.9,16.5,11.3
2015-03-21,13.8,17.5,10.9
2015-03-22,12.3,16.5,9
2015-03-23,9.1,11.7,6.7
2015-03-24,8.5,12,6
2015-03-25,8.6,12.9,4.3
2015-03-26,9.8,14.5,5.1
2015-03-27,10.9,13.9,7.5
2015-03-28,12.8,15.7,10.2
2015-03-29,13.5,16.7,10.3
2015-03-30,14,17.9,10.7
2015-03-31,18.1,22.2,14.9
2015-04-01,15.4,19,14
2015-04-02,20.2,27.7,14
2015-04-03,12.6,22.1,10
2015-04-04,14.4,17.4,10
2015-04-05,13.2,14.4,12.3
2015-04-06,12.1,13.3,10
2015-04-07,10.3,12.6,8.7
2015-04-08,11,14.4,8.8
2015-04-09,12.1,14.5,9.3
2015-04-10,12.8,15.2,10.6
2015-04-11,13.5,17.6,9.5
2015-04-12,13.5,18.4,11.7
2015-04-13,12.1,14.5,8.9
2015-04-14,10.1,14.2,7
2015-04-15,15.6,20.3,10.1
2015-04-16,17.3,24.9,13.1
2015-04-17,14.1,18,10.1
2015-04-18,17.9,24.1,13
2015-04-19,18.5,23.9,15.5
2015-04-20,12.9,15.5,12
2015-04-21,14.2,17.5,12.5
2015-04-22,15.5,21.2,11.1
2015-04-23,15.5,19.2,11.8
2015-04-24,17.3,22,13.4
2015-04-25,17.2,23.6,13.6
2015-04-26,18.8,23.1,14.1
2015-04-27,19.5,23.1,14.9
2015-04-28,20.7,25.3,17.9
2015-04-29,17.7,22.1,15.4
2015-04-30,16.4,18.2,15.3
2015-05-01,18,21.4,15.5
2015-05-02,18.3,23.2,14.5
2015-05-03,18.1,22,14.8
2015-05-04,16.5,21.7,13.3
2015-05-05,14.8,18.5,11
2015-05-06,15.3,17.8,13.2
2015-05-07,17.2,21.7,13.2
2015-05-08,17.7,20.8,14.5
2015-05-09,17.5,20.7,15
2015-05-10,18,23,14.7
2015-05-11,19.8,23.1,15.9
2015-05-12,18.5,21.6,14
2015-05-13,23,27.3,19.2
2015-05-14,23.8,29.4,19.4
2015-05-15,19.7,23,17.3
2015-05-16,19,22.1,16.6
2015-05-17,19.3,26.4,16.1
2015-05-18,16.2,19,14.9
2015-05-19,16.3,19.3,14.8
2015-05-20,17.4,22.1,14.7
2015-05-21,18.4,22.8,14.1
2015-05-22,19.8,24.1,17
2015-05-23,18.8,21.7,17.4
2015-05-24,20.2,23.5,17.7
2015-05-25,20.1,23.6,17.1
2015-05-26,19.2,23.7,15.7
2015-05-27,20.5,23.4,17.4
2015-05-28,22.6,27.6,18
2015-05-29,21.3,25.3,19
2015-05-30,18.9,20.9,17.8
2015-05-31,19.7,23,17.6
2015-06-01,20.6,24.8,17.6
2015-06-02,20.2,21.8,18.5
2015-06-03,21.4,25.5,18.5
2015-06-04,20.6,23.9,17.6
2015-06-05,17.2,22.2,15.4
2015-06-06,19.9,26.3,15.3
2015-06-07,21.7,26,18
2015-06-08,20.9,24,18.5
2015-06-09,21.2,24.2,18.5
2015-06-10,22.9,28.9,18.1
2015-06-11,22.6,26.5,20.2
2015-06-12,26,30.6,21.9
2015-06-13,24.1,28.7,21.5
2015-06-14,22.9,25.4,20.9
2015-06-15,22.8,25.3,20.9
2015-06-16,22.2,25.3,21.1
2015-06-17,20.6,21.6,19.6
2015-06-18,22,25.6,19.7
2015-06-19,22.9,25.8,19.9
2015-06-20,22,24.2,19.4
2015-06-21,22.1,24.6,20.5
2015-06-22,21.7,24.3,20.5
2015-06-23,23.5,26.9,20.9
2015-06-24,22.1,23.2,21.1
2015-06-25,23.6,25.9,21.5
2015-06-26,23.5,27.8,21.2
2015-06-27,21.2,22.2,20.5
2015-06-28,22,25.9,19.8
2015-06-29,22.3,25.8,19.2
2015-06-30,21.9,26.4,19.6
2015-07-01,22.9,26.3,20.5
2015-07-02,22.9,25.5,19.6
2015-07-03,23.9,26,21.6
2015-07-04,22.5,24.4,21.3
2015-07-05,22,24.2,20.5
2015-07-06,21.4,23.5,20.3
2015-07-07,20.7,22.3,19.1
2015-07-08,25.8,31.6,19.9
2015-07-09,24.9,29,22.8
2015-07-10,23.6,25.2,22.1
2015-07-11,24.3,26.4,23
2015-07-12,26.5,28.7,23.8
2015-07-13,27.8,33,23.4
2015-07-14,26.5,29.9,24.1
2015-07-15,25.2,27.9,22.4
2015-07-16,24.8,28.6,22.1
2015-07-17,24.2,26.7,21.6
2015-07-18,25,29.2,22.8
2015-07-19,25.6,29.8,22.7
2015-07-20,24.3,27.1,22.8
2015-07-21,24.3,27.4,22.8
2015-07-22,26.5,28.2,23.7
2015-07-23,30.4,34.1,27.7
2015-07-24,29.5,32.5,27.2
2015-07-25,29.1,33.8,26.3
2015-07-26,27.5,29.7,25.6
2015-07-27,27.8,31.1,25.9
2015-07-28,27.6,30.9,25.9
2015-07-29,30.5,36.7,25.8
2015-07-30,28.1,30.4,26.5
2015-07-31,28.1,33.6,25.4
2015-08-01,27.9,30.5,24.8
2015-08-02,28.6,32,24.7
2015-08-03,28,30.6,24.9
2015-08-04,28.4,31.6,25.5
2015-08-05,28.1,30.7,25.7
2015-08-06,29.2,35.5,25.9
2015-08-07,29.7,33.8,26.9
2015-08-08,27.5,30.3,26.2
2015-08-09,27.8,30.3,25
2015-08-10,28,30.3,26.2
2015-08-11,27.2,30,23.7
2015-08-12,25.2,26.4,23.9
2015-08-13,27,30.2,25.2
2015-08-14,26.5,29.4,25.1
2015-08-15,27.2,31.8,23.7
2015-08-16,25.5,28.1,22.8
2015-08-17,25.2,27.9,22.9
2015-08-18,26.1,27.9,24.5
2015-08-19,25.9,28.8,24.6
2015-08-20,26,29.3,24.3
2015-08-21,26,28.8,24.5
2015-08-22,25.2,26.6,23.8
2015-08-23,25.4,27.6,23.6
2015-08-24,24.5,25.9,22.2
2015-08-25,22.8,25.2,20.4
2015-08-26,24.8,27.6,22.8
2015-08-27,25.5,28.6,21.6
2015-08-28,25.7,28.4,22.1
2015-08-29,24.8,27.5,23
2015-08-30,24.7,27.3,22.6
2015-08-31,24.9,28,23.3
2015-09-01,24.8,26.9,23.2
2015-09-02,25.4,28.4,22.7
2015-09-03,26.1,28.6,24.1
2015-09-04,25.1,28.3,22.6
2015-09-05,23.3,25.6,21.2
2015-09-06,23.2,26.1,20.7
2015-09-07,23.1,25.1,21.5
2015-09-08,22.5,24.5,19.7
2015-09-09,22.5,25.7,20
2015-09-10,23.2,26.2,19.6
2015-09-11,23.9,27.2,19.5
2015-09-12,22.4,24.1,20.9
2015-09-13,22.5,25.1,19.6
2015-09-14,22.6,26.6,19.5
2015-09-15,22.3,25,20.6
2015-09-16,21.1,22.2,20
2015-09-17,22.5,25,19.9
2015-09-18,22.7,25,20.7
2015-09-19,22.4,25.8,19.9
2015-09-20,22.6,25.1,18.4
2015-09-21,23.3,26.8,20.4
2015-09-22,23.9,27.8,20.6
2015-09-23,22.3,24.3,20.7
2015-09-24,22.9,24.8,20.9
2015-09-25,23.2,25.5,21.5
2015-09-26,23.3,25.9,20.5
2015-09-27,22.9,25.8,20.8
2015-09-28,23.6,27.5,20.8
2015-09-29,24,27.3,22.5
2015-09-30,20.9,23.3,18.6
2015-10-01,23.6,27.5,19.1
2015-10-02,19.4,22.5,17.5
2015-10-03,21.1,24.7,18
2015-10-04,21.3,24.8,19.1
2015-10-05,20.9,24.3,18
2015-10-06,20.3,23.1,17.1
2015-10-07,20.9,23.8,17.3
2015-10-08,20.8,23.7,19.4
2015-10-09,19.2,22.5,15.6
2015-10-10,19.9,25.8,15.7
2015-10-11,18.3,20.7,16.2
2015-10-12,18.7,20.9,15.5
2015-10-13,18.9,21.6,15.9
2015-10-14,18.8,23,15
2015-10-15,19.2,23.8,15.8
2015-10-16,18.6,22.4,15.8
2015-10-17,19.1,22.3,15.8
2015-10-18,19.1,22.7,16.1
2015-10-19,19.6,24.2,15.3
2015-10-20,19.5,22.3,17
2015-10-21,20.1,23.7,18.1
2015-10-22,20.4,24.1,17.7
2015-10-23,19.2,21.9,17.1
2015-10-24,19.5,22.9,15.9
2015-10-25,19,22.7,16.7
2015-10-26,19.1,23.2,15.7
2015-10-27,17.9,22.5,16.2
2015-10-28,16.8,19.9,15.2
2015-10-29,17.2,19.7,13.4
2015-10-30,14.5,18.3,12.3
2015-10-31,13.1,16.1,11.7
2015-11-01,13,15.1,10.6
2015-11-02,14.2,18.5,10.6
2015-11-03,14.8,18.2,12
2015-11-04,17.4,23.8,11.8
2015-11-05,19,21.5,16
2015-11-06,19.7,23.3,16.8
2015-11-07,20.2,21.4,18.6
2015-11-08,18.8,21.3,17.3
2015-11-09,15.9,17.7,14.5
2015-11-10,14.2,16.2,11.9
2015-11-11,15.1,17.8,11.5
2015-11-12,17.5,20.6,15.1
2015-11-13,17.5,19.2,16
2015-11-14,17.1,18.4,16.3
2015-11-15,16,19,13.1
2015-11-16,17.7,22.1,12.9
2015-11-17,17.5,18.5,16.9
2015-11-18,16.2,17.6,14.5
2015-11-19,15.2,16.4,14.3
2015-11-20,15.5,17.6,14.2
2015-11-21,15.7,17.8,13.9
2015-11-22,16.9,19.8,13.5
2015-11-23,16.5,18.2,14.5
2015-11-24,13.6,15.1,11.9
2015-11-25,10.9,13.4,7.1
2015-11-26,6,8.4,3.1
2015-11-27,7.9,9.5,4.7
2015-11-28,10.5,14.3,8.1
2015-11-29,12.1,16.1,8.1
2015-11-30,12.9,16.7,9.5
2015-12-01,11.3,16.1,7.2
2015-12-02,13.1,20.1,10.2
2015-12-03,9.2,10.8,7.2
2015-12-04,9,9.6,7.9
2015-12-05,10.2,11,8.8
2015-12-06,9.2,10.3,7.4
2015-12-07,9.4,11.8,7.5
2015-12-08,9.2,11.9,7.5
2015-12-09,13.7,19.2,7.5
2015-12-10,15.2,16.6,13.4
2015-12-11,11.5,13.5,10.1
2015-12-12,12.2,13.8,10
2015-12-13,14.1,17,12.1
2015-12-14,14,15.8,12.9
2015-12-15,11,13.2,9.2
2015-12-16,7,9.6,3.1
2015-12-17,4.8,6.1,2.3
2015-12-18,7.1,8.1,5.6
2015-12-19,7.8,11,5.6
2015-12-20,9.6,11.7,5.9
2015-12-21,10.8,13.6,7.4
2015-12-22,12.3,16.9,7.5
2015-12-23,12.8,15.4,11
2015-12-24,9.8,11.1,8.4
2015-12-25,8,9.8,6.3
2015-12-26,11.3,13.5,7.1
2015-12-27,6.7,11.2,4.5
2015-12-28,5.8,6.7,4.7
2015-12-29,6.9,7.8,5.7
2015-12-30,8.4,11,6.6
2015-12-31,9,10.7,7.7
2016-01-01,8.2,10.8,5.2
2016-01-02,12.5,16.8,7.8
2016-01-03,13,16.2,10.5
2016-01-04,11.7,12.9,10.9
2016-01-05,8.5,11.1,6.6
2016-01-06,7.3,8.7,5.7
2016-01-07,7,8.2,6.3
2016-01-08,6,7.5,4.4
2016-01-09,7,8.3,5.6
2016-01-10,8.1,10.9,6.4
2016-01-11,6.1,7.7,4.3
2016-01-12,4.9,6.1,4.1
2016-01-13,4.6,5.7,2.5
2016-01-14,6.4,7.9,5
2016-01-15,7.1,11,4.5
2016-01-16,7.5,11.1,4.2
2016-01-17,8.9,10.4,7.4
2016-01-18,4.1,8.9,-0.3
2016-01-19,1.5,3.1,-0.4
2016-01-20,2.4,3.6,1.5
2016-01-21,2.9,3.9,2.2
2016-01-22,2.8,4.3,1.6
2016-01-23,-0.5,3.4,-4.1
2016-01-24,-3,0.3,-5.8
2016-01-25,1.9,4.1,-1.1
2016-01-26,5.5,7.2,3.8
2016-01-27,7.2,9.6,4.5
2016-01-28,8.6,11.5,5.8
2016-01-29,8.6,10,7.7
2016-01-30,7.9,9,6.5
2016-01-31,4.6,6.5,3.1
2016-02-01,2.7,3.6,1.6
2016-02-02,2.8,4.7,2
2016-02-03,4.8,6.8,2.3
2016-02-04,6.9,9.4,5.2
2016-02-05,6,8.5,4.6
2016-02-06,4.2,5.8,3
2016-02-07,4.3,7.2,2.6
2016-02-08,8.2,11.2,4.7
2016-02-09,8.4,11.6,5.2
2016-02-10,9.9,16.7,4.5
2016-02-11,14.9,19.5,9.2
2016-02-12,17.4,20.5,15.7
2016-02-13,14.8,19.7,9
2016-02-14,4.3,9.2,2.4
2016-02-15,2.1,3.7,-0.4
2016-02-16,5.7,7.9,2.9
2016-02-17,5.8,8.1,3.8
2016-02-18,8,13.9,2.6
2016-02-19,10.4,12.5,8.3
2016-02-20,8.3,11.1,5.3
2016-02-21,5.7,8.7,4.2
2016-02-22,6,8.7,4.9
2016-02-23,7.2,10.8,3.7
2016-02-24,3.1,4.8,2.3
2016-02-25,4.3,7.8,2.1
2016-02-26,9.2,13.5,3.3
2016-02-27,12,14.6,10
2016-02-28,11.4,19.5,6.3
2016-02-29,3.5,6.6,0.4
2016-03-01,3.6,6.9,1
2016-03-02,7.9,13.6,2.1
2016-03-03,12.3,16,6.1
2016-03-04,16.6,22.5,12.6
2016-03-05,18.1,22,14.2
2016-03-06,12.1,15.8,10
2016-03-07,14.1,18.6,10.4
2016-03-08,10.1,14.3,6.5
2016-03-09,6.1,8.5,4.3
2016-03-10,4.4,6.7,2.9
2016-03-11,4.8,7.7,2.9
2016-03-12,6.4,8.4,2.9
2016-03-13,8.4,11,6.1
2016-03-14,7.6,9.6,6.4
2016-03-15,8.3,11.6,3.7
2016-03-16,12,16.1,8
2016-03-17,15,21.3,8.5
2016-03-18,15.3,20,13.2
2016-03-19,12.4,15.2,9.8
2016-03-20,11.1,13.9,7.3
2016-03-21,12.4,15.5,9.7
2016-03-22,11.2,15.1,7.9
2016-03-23,9.8,14.5,7.3
2016-03-24,9.1,12.1,7
2016-03-25,8.9,12.1,7.4
2016-03-26,8.7,11.3,6.7
2016-03-27,10.2,13.9,6.6
2016-03-28,13.1,17.2,6.9
2016-03-29,14.7,17.8,10.2
2016-03-30,14.7,17.4,12.4
2016-03-31,13.9,16.1,13.2
2016-04-01,14.4,18.8,9.8
2016-04-02,16.3,21.6,11.1
2016-04-03,15.6,17.2,14.5
2016-04-04,13.3,15,12.8
2016-04-05,13.8,16.4,12.6
2016-04-06,15.1,18.6,11.6
2016-04-07,14.9,21.6,12.6
2016-04-08,13.3,16.6,11.5
2016-04-09,14.6,20,11.1
2016-04-10,15.3,18.8,12.2
2016-04-11,14.6,18.8,12.5
2016-04-12,16.5,21.1,12.2
2016-04-13,15.9,19.6,13
2016-04-14,15.1,22.3,12.8
2016-04-15,16.2,21.2,11
2016-04-16,20.1,24.5,14.2
2016-04-17,13.5,16.4,12.4
2016-04-18,14.6,17.3,12.6
2016-04-19,14.9,17.2,13.2
2016-04-20,18,21.7,12.3
2016-04-21,16.7,22.4,13.4
2016-04-22,16.7,22.3,11.5
2016-04-23,16.6,20.2,14.7
2016-04-24,16.9,20.7,14.3
2016-04-25,16.8,19.8,13.7
2016-04-26,18.2,24.2,14
2016-04-27,14.3,16,13.1
2016-04-28,13.9,15.9,12.7
2016-04-29,14.9,19,11.3
2016-04-30,17,22.1,11.8
2016-05-01,18.4,22.4,14.2
2016-05-02,21.3,25.7,16.5
2016-05-03,18.4,24.3,15
2016-05-04,20.8,25.7,16.3
2016-05-05,18.8,23.1,15.6
2016-05-06,18.6,23.1,15.8
2016-05-07,17.7,21.2,13.8
2016-05-08,18.1,23.8,14.9
2016-05-09,15.4,16.6,14.7
2016-05-10,14.6,15.8,13.3
2016-05-11,15.7,18.9,13.4
2016-05-12,17.1,21.3,14.1
2016-05-13,16.7,19.6,14.8
2016-05-14,18.3,22,15.9
2016-05-15,21.5,30.4,14.2
2016-05-16,15.6,19.5,11.8
2016-05-17,19.5,24,14.5
2016-05-18,19.6,24,15.3
2016-05-19,19.8,24.8,16.8
2016-05-20,19.9,24,15.4
2016-05-21,20.8,23.8,18.2
2016-05-22,21,23.3,18.7
2016-05-23,23.1,28,19.6
2016-05-24,18.6,22.5,16.6
2016-05-25,19,22.3,15.7
2016-05-26,20.7,23.6,17.7
2016-05-27,19.3,23,17.5
2016-05-28,18.6,22.2,17.1
2016-05-29,17.5,19.8,16.4
2016-05-30,20.3,24.9,15.7
2016-05-31,20.7,25.3,17.2
2016-06-01,20,22.3,17.9
2016-06-02,20,23.4,16.7
2016-06-03,22.8,28.8,17.1
2016-06-04,18.6,23.8,17.1
2016-06-05,19.8,21.8,17.2
2016-06-06,18.6,20.1,17.8
2016-06-07,20,23.9,18.8
2016-06-08,20,22.1,18.8
2016-06-09,20.8,23.9,19.4
2016-06-10,23.2,27.1,19.1
2016-06-11,24,29.3,20.3
2016-06-12,22.5,24.7,20.2
2016-06-13,21.8,24.8,20.2
2016-06-14,21.8,25.1,19.8
2016-06-15,23.3,26.5,19.8
2016-06-16,21.8,24,20.5
2016-06-17,22.4,25.9,19.7
2016-06-18,22.9,25.3,19.9
2016-06-19,24.8,28.2,23
2016-06-20,23.9,26.5,22.3
2016-06-21,23.9,26.3,21.4
2016-06-22,23.8,27,21.3
2016-06-23,24.8,29.2,21.4
2016-06-24,24.9,30.2,22.2
2016-06-25,23.5,27.6,21.7
2016-06-26,24,27.1,21.9
2016-06-27,20.4,22.5,18.3
2016-06-28,21,23.4,19.1
2016-06-29,22.2,25.1,20.1
2016-06-30,24.9,28.4,21.4
2016-07-01,27.3,29.6,23.4
2016-07-02,25.2,29.6,22.5
2016-07-03,23.7,28.8,22.3
2016-07-04,29.1,34,24.5
2016-07-05,30.8,34.4,26.2
2016-07-06,28.1,32.5,25.1
2016-07-07,26.9,32.5,24.1
2016-07-08,25.6,27.2,24
2016-07-09,25,28.4,22.7
2016-07-10,24.2,25.7,22.5
2016-07-11,23.9,25.1,22.9
2016-07-12,24.6,27.2,22.5
2016-07-13,26.6,30.1,25.1
2016-07-14,25.9,29.1,23.9
2016-07-15,26.7,30.8,22.8
2016-07-16,26.3,30.9,24.3
2016-07-17,25.6,28.8,24.1
2016-07-18,25.4,27.7,23.6
2016-07-19,28,31.9,25
2016-07-20,28,31.7,26.2
2016-07-21,28.5,31.3,26
2016-07-22,28.4,31.6,25.9
2016-07-23,28.5,32.4,25.9
2016-07-24,28.5,30.9,26
2016-07-25,28.6,31.3,26.1
2016-07-26,29.1,31.9,27
2016-07-27,29.8,33.1,27.4
2016-07-28,30.1,35.5,28.2
2016-07-29,30.1,32.6,28.2
2016-07-30,30.4,34,28.4
2016-07-31,29.6,31.9,27.8
2016-08-01,29.6,32.6,27.3
2016-08-02,29.2,31.8,27.3
2016-08-03,27.8,29.5,25.7
2016-08-04,28.8,33.2,26.6
2016-08-05,28.4,31.2,26.5
2016-08-06,28.7,32.5,26.4
2016-08-07,29,33.9,25.9
2016-08-08,29.1,32.2,26.9
2016-08-09,29.3,31.4,27.1
2016-08-10,29.1,31.9,27.6
2016-08-11,30.2,33.1,26.9
2016-08-12,30.5,34.4,27.8
2016-08-13,30.5,33.8,27.8
2016-08-14,30.6,33.9,27.8
2016-08-15,30.5,33.8,28
2016-08-16,30,33.1,27.2
2016-08-17,29,33.2,25.5
2016-08-18,29.6,31.9,27.1
2016-08-19,28.7,31.4,26.9
2016-08-20,28.8,31.8,26.6
2016-08-21,28.7,31.3,26.3
2016-08-22,29.4,31.6,27.9
2016-08-23,29,31.2,27.1
2016-08-24,28,29.8,26.4
2016-08-25,28.1,30.6,26.5
2016-08-26,28.2,31.7,26
2016-08-27,24.7,26.3,22.4
2016-08-28,22.8,25.3,19.9
2016-08-29,24.1,27.3,22.2
2016-08-30,25.3,28,22.9
2016-08-31,26.4,29.8,23.5
2016-09-01,27.1,33,21.7
2016-09-02,23.2,24.5,21.9
2016-09-03,24.5,26.7,22.6
2016-09-04,26.3,28.8,24.1
2016-09-05,26.1,29.2,24.5
2016-09-06,24.9,27.1,23.1
2016-09-07,24.5,26.7,23.2
2016-09-08,25,27.8,21.7
2016-09-09,25.1,28.1,23.1
2016-09-10,24.1,26.6,21.9
2016-09-11,24.7,26.9,22.9
2016-09-12,23,24.9,20.8
2016-09-13,24.4,27,21.4
2016-09-14,23.6,26.3,22.4
2016-09-15,24.2,27,22.4
2016-09-16,24.8,26.4,22.9
2016-09-17,26.8,30.2,24.7
2016-09-18,24.1,27,21.6
2016-09-19,22,22.9,20.7
2016-09-20,22.4,24.6,20.7
2016-09-21,22,24.6,19.6
2016-09-22,22,24.8,19.8
2016-09-23,22,24.9,18.9
2016-09-24,22.8,25,20.6
2016-09-25,23.4,25.1,20.6
2016-09-26,24.2,25.6,23.5
2016-09-27,25,28.2,22.9
2016-09-28,23.1,24.7,22.2
2016-09-29,21.6,22.7,20.5
2016-09-30,21.1,22.2,20.4
2016-10-01,22.7,25.3,21.5
2016-10-02,26.5,32.1,21.7
2016-10-03,25.7,29.3,23.6
2016-10-04,23.8,26.5,21.8
2016-10-05,22.6,26.5,20.4
2016-10-06,21.9,24.7,19.9
2016-10-07,22.8,25,21.3
2016-10-08,21.8,26.6,17.3
2016-10-09,17.5,19.5,15.8
2016-10-10,18.5,21.4,15.6
2016-10-11,19,20.8,17.5
2016-10-12,19.6,21.9,17.4
2016-10-13,19.9,22.3,18.2
2016-10-14,20.6,24,18.7
2016-10-15,20.5,24.5,17.9
2016-10-16,21.8,23.6,19.8
2016-10-17,21.6,24.4,19.4
2016-10-18,20.7,22.3,19.2
2016-10-19,21.1,23,19.9
2016-10-20,20.3,21.3,18.3
2016-10-21,19.6,21.3,18.7
2016-10-22,18.8,19.3,18.3
2016-10-23,19.1,21.9,17.4
2016-10-24,19,21.7,17.2
2016-10-25,19.8,25.9,17
2016-10-26,17.3,20.8,15.1
2016-10-27,19.4,23.2,15.5
2016-10-28,18.7,21.7,16.6
2016-10-29,14.8,17,13
2016-10-30,14.1,16.6,12.2
2016-10-31,14.7,16.8,13.5
2016-11-01,10.9,13.7,9.8
2016-11-02,11.5,14,9.3
2016-11-03,13.7,17.7,10.6
2016-11-04,14.5,19.5,10.8
2016-11-05,16.8,22.9,11.6
2016-11-06,17.4,21.3,13.3
2016-11-07,18.1,21.7,15.8
2016-11-08,12.6,17.7,10.5
2016-11-09,10.6,12.3,7.8
2016-11-10,13.1,15.2,10.9
2016-11-11,14.5,18.3,11.3
2016-11-12,15.5,20.2,9.7
2016-11-13,17.4,21.9,14.5
2016-11-14,18.7,23.2,16.7
2016-11-15,13.8,16.8,10.3
2016-11-16,13,16.6,8.4
2016-11-17,15.8,19.6,11.8
2016-11-18,19.3,22.6,15.5
2016-11-19,17.9,20.4,17.3
2016-11-20,16.7,17.8,15.2
2016-11-21,17.4,19.4,15.9
2016-11-22,11.4,16.9,8.3
2016-11-23,8.4,10.6,7.5
2016-11-24,7.5,8.8,6.7
2016-11-25,9.3,11.7,7.4
2016-11-26,10.6,13.7,7.2
2016-11-27,11.6,12.9,10.3
2016-11-28,10.1,11.7,8.6
2016-11-29,9.8,12,8
2016-11-30,13,16.4,10.1
2016-12-01,11.8,13.9,8.5
2016-12-02,8.5,11.6,6.2
2016-12-03,9.5,14.1,5.9
2016-12-04,12,14.5,8.1
2016-12-05,13.2,16,10.8
2016-12-06,7.4,10.9,4.7
2016-12-07,10,13.9,4.7
2016-12-08,11.1,14.9,6.7
2016-12-09,10.3,14.4,7.1
2016-12-10,7.9,10.3,6.6
2016-12-11,8.3,11.3,3.3
2016-12-12,12.8,16.4,7.9
2016-12-13,12,14.4,9
2016-12-14,6.8,9.1,5.7
2016-12-15,5.3,6.4,3.7
2016-12-16,5.1,6.4,3.1
2016-12-17,7.8,11.7,4.4
2016-12-18,11.6,16.8,5.5
2016-12-19,14.7,16.9,12.1
2016-12-20,13.3,14.9,11.5
2016-12-21,18.5,22.3,13.9
2016-12-22,11.1,21.6,9
2016-12-23,7.4,9.2,6.1
2016-12-24,6.9,8,5.9
2016-12-25,10,14.5,5.8
2016-12-26,12.1,16.7,8.5
2016-12-27,6.2,9.1,3.8
2016-12-28,5.5,7.9,3.9
2016-12-29,5.4,7.6,4
2016-12-30,5,7.7,3.6
2016-12-31,7,10,3.4
2017-01-01,9.9,13,6
2017-01-02,11.3,13.8,9.8
2017-01-03,9.1,11.7,6.9
2017-01-04,8.9,12.2,6
2017-01-05,11.1,13.5,8.4
2017-01-06,11.5,13.6,10.4
2017-01-07,11.3,12.4,9.9
2017-01-08,10.9,12.6,9.9
2017-01-09,8.1,10,6.4
2017-01-10,6.4,7.2,5.6
2017-01-11,4.6,5.6,3.5
2017-01-12,7.4,10.1,5.1
2017-01-13,6.5,10,3.1
2017-01-14,3.3,4.6,1.3
2017-01-15,2.8,5,0.7
2017-01-16,4.3,6.2,2.3
2017-01-17,5.1,8.9,1.7
2017-01-18,6.5,7.8,4.6
2017-01-19,6.2,8.5,5.1
2017-01-20,3.9,7.3,1.1
2017-01-21,4.6,6.8,2.5
2017-01-22,3.6,6.6,1.5
2017-01-23,2.1,3.6,0.7
2017-01-24,3.5,5.2,2.3
2017-01-25,3.7,6.6,1.7
2017-01-26,5.4,8.9,0.7
2017-01-27,6.8,11.3,2.1
2017-01-28,7.1,12.3,1.1
2017-01-29,11.8,14.8,8.2
2017-01-30,3.9,9.7,1.7
2017-01-31,3.2,5.6,1.4
2017-02-01,4.1,6.2,2.5
2017-02-02,4.2,7.8,1.3
2017-02-03,6.2,9.7,1.9
2017-02-04,10.1,12.4,8
2017-02-05,9.1,11.4,7.4
2017-02-06,5.3,7.7,4.3
2017-02-07,5.6,8.7,4
2017-02-08,5.4,7.5,3.6
2017-02-09,2.7,4.6,0.3
2017-02-10,1.6,3.1,-1.1
2017-02-11,3,4,-0.4
2017-02-12,4.8,8,3.1
2017-02-13,6.8,10.5,1.3
2017-02-14,7.1,9.9,5.1
2017-02-15,6.9,11,2.4
2017-02-16,13.4,18.9,5
2017-02-17,9.5,17.4,4.3
2017-02-18,4.6,7.5,3
2017-02-19,10.1,17.5,0.9
2017-02-20,8,17.9,2.6
2017-02-21,7.6,12.7,2.3
2017-02-22,10.6,14.4,6.7
2017-02-23,5,6.8,3.1
2017-02-24,5.1,7.6,3.1
2017-02-25,8.2,10.7,4.8
2017-02-26,8.3,11.6,5.7
2017-02-27,7.1,10.7,3.7
2017-02-28,8.7,13.3,3.9
2017-03-01,10.7,15.8,7
2017-03-02,5.7,8.4,4.7
2017-03-03,7.4,10.8,3
2017-03-04,10.4,14.4,6.8
2017-03-05,10,13.8,7.7
2017-03-06,6.3,9.3,4.3
2017-03-07,5,8.6,3.4
2017-03-08,6.1,8.3,3.3
2017-03-09,9.8,13.1,6.8
2017-03-10,10.2,13.9,7.3
2017-03-11,11.1,14.9,6.1
2017-03-12,13,17.8,8
2017-03-13,10.4,12.9,9
2017-03-14,8.9,12,6.7
2017-03-15,8.3,12.4,6.1
2017-03-16,8.7,12.1,5.3
2017-03-17,9.4,13.2,5
2017-03-18,10.7,14.6,7.1
2017-03-19,12.7,15.7,7.4
2017-03-20,11.8,13.8,9.9
2017-03-21,9.3,11.4,7.4
2017-03-22,9.2,12,5.3
2017-03-23,10,13.5,8
2017-03-24,11.3,14.7,7.4
2017-03-25,9.9,11.5,8.3
2017-03-26,8.7,11.3,6.8
2017-03-27,10.2,12.7,8.2
2017-03-28,11.7,14.8,6.9
2017-03-29,14.4,17.9,11
2017-03-30,12.8,15,11.1
2017-03-31,10.7,12.9,9.4
2017-04-01,10.6,13.4,9.1
2017-04-02,12,16.1,8.8
2017-04-03,13.6,17.8,8.5
2017-04-04,14.5,18.2,10.5
2017-04-05,18.6,23.1,14.7
2017-04-06,16.6,20.2,14.1
2017-04-07,14.8,18.8,11.4
2017-04-08,14.4,18.4,11.3
2017-04-09,13.6,15.8,10.8
2017-04-10,13.4,14.6,12.3
2017-04-11,12.3,15.9,10.6
2017-04-12,13.5,17.2,11.4
2017-04-13,16,20.2,11.7
2017-04-14,18.3,24.1,11.6
2017-04-15,18.9,22.1,15.5
2017-04-16,16.6,21.8,14
2017-04-17,16.7,22,12.2
2017-04-18,16.2,25,12.3
2017-04-19,14.9,18,12.1
2017-04-20,15,18.2,13.3
2017-04-21,14.3,17.3,12.3
2017-04-22,13.9,17.4,11
2017-04-23,14.4,17.6,10.2
2017-04-24,17.2,22,12
2017-04-25,18.3,21.3,15.7
2017-04-26,15.6,18.4,13.6
2017-04-27,14.5,17.8,12.2
2017-04-28,18.4,21.8,14.1
2017-04-29,19.6,24.1,15.5
2017-04-30,24.5,27.6,20.2
2017-05-01,18.2,23.1,15.1
2017-05-02,18.1,21.5,16.5
2017-05-03,19.7,25.3,15.5
2017-05-04,20.8,26.9,16.7
2017-05-05,20.5,25.1,17.1
2017-05-06,16.7,20.3,15.2
2017-05-07,20,24.4,14.7
2017-05-08,18.6,22.1,16.5
2017-05-09,16.3,19.4,14.2
2017-05-10,15.8,18.6,14.2
2017-05-11,23.7,28.1,15.1
2017-05-12,17.9,20.7,15.6
2017-05-13,18.7,23.1,15.1
2017-05-14,17.2,23.2,13.7
2017-05-15,17.5,21.3,14.5
2017-05-16,17.8,20.3,15
2017-05-17,18.9,21.4,15.6
2017-05-18,20,23.6,16
2017-05-19,20.2,24.3,16.9
2017-05-20,20.2,23.7,17.7
2017-05-21,21.8,27.8,17.8
2017-05-22,22,27.5,17.6
2017-05-23,20.9,26.6,18.1
2017-05-24,20,23.2,18.2
2017-05-25,20,25.1,16.3
2017-05-26,17.5,21.4,14.8
2017-05-27,17.8,21.5,13.6
2017-05-28,20.6,23.3,16.8
2017-05-29,22.8,27.1,18.3
2017-05-30,22.6,26.8,19.4
2017-05-31,21.9,26.3,18.5
2017-06-01,21.2,25.4,18.3
2017-06-02,20.2,25.6,17.2
2017-06-03,20.4,24.1,17.5
2017-06-04,20.3,23,16.7
2017-06-05,21.9,27.1,19.4
2017-06-06,20.9,24.9,18.9
2017-06-07,19.9,25.1,17.9
2017-06-08,20.4,24.8,17.5
2017-06-09,23.4,26.9,18.9
2017-06-10,22.9,25.7,20.4
2017-06-11,21.6,26.2,19.9
2017-06-12,20.5,23.3,18.9
2017-06-13,19.1,21.3,17.7
2017-06-14,20.1,24.8,17.3
2017-06-15,21.9,26.2,17.8
2017-06-16,22.2,24.7,20.5
2017-06-17,21.7,25.1,19.3
2017-06-18,23,28,20.2
2017-06-19,23.4,26,20.9
2017-06-20,22.3,24.4,19.6
2017-06-21,22.3,25.8,19.7
2017-06-22,23.1,26.6,20.8
2017-06-23,23.1,25.8,21.2
2017-06-24,22.5,24.5,21.2
2017-06-25,23.4,25.8,21.1
2017-06-26,23.4,26.4,21.6
2017-06-27,23.2,25.5,21.6
2017-06-28,24.1,26.4,21
2017-06-29,22.1,23.2,21
2017-06-30,24,26.8,21.9
2017-07-01,26.6,28.9,23.1
2017-07-02,30.3,34.7,24.8
2017-07-03,28.9,33.4,26.1
2017-07-04,28.9,33.9,25.5
2017-07-05,28.2,31.9,26.1
2017-07-06,27.9,32.9,26
2017-07-07,29.2,31.6,25.6
2017-07-08,28.2,32,24
2017-07-09,28.2,30.2,26.1
2017-07-10,30.3,34.1,27.5
2017-07-11,26,28.3,24.2
2017-07-12,26.8,29.3,24.6
2017-07-13,27.4,30.8,24.8
2017-07-14,28.8,30.7,26
2017-07-15,29.2,32.5,27.4
2017-07-16,30,35.5,27.1
2017-07-17,30.8,34.5,28.1
2017-07-18,29.2,31.3,26.7
2017-07-19,29.1,32.3,26.3
2017-07-20,31.1,34.8,27.9
2017-07-21,32.1,37,28.6
2017-07-22,30.1,34.2,27.9
2017-07-23,31,33.9,28.2
2017-07-24,31.8,34.9,29.4
2017-07-25,30.7,34.4,27.9
2017-07-26,26.8,28.8,25.5
2017-07-27,28.3,31.9,26.1
2017-07-28,28.7,32,25.2
2017-07-29,29.2,32,27.6
2017-07-30,30.6,34,27.7
2017-07-31,30.6,36.3,28.2
2017-08-01,31,35.7,28.3
2017-08-02,29.6,32.9,28.2
2017-08-03,30.5,35.3,26.8
2017-08-04,29.7,32.5,28.1
2017-08-05,29.9,32.7,28.4
2017-08-06,30.2,33.1,28.7
2017-08-07,30.9,34,28.6
2017-08-08,29.5,32.8,24.7
2017-08-09,29.2,31.8,26
2017-08-10,28.7,32,27.2
2017-08-11,28.8,31.6,26.5
2017-08-12,28.7,32.7,26.6
2017-08-13,27.7,30,26.8
2017-08-14,28.7,32.5,25.2
2017-08-15,28.9,32.8,27.3
2017-08-16,28.3,31.2,26.2
2017-08-17,27.7,30.6,25.2
2017-08-18,27.2,29.7,24.6
2017-08-19,27.6,33,25.3
2017-08-20,28.9,33.3,25.9
2017-08-21,28,31.7,23.9
2017-08-22,30,32.8,26.8
2017-08-23,30.7,33.1,28
2017-08-24,31.5,35.7,28.5
2017-08-25,29.6,32.5,27.9
2017-08-26,27.2,29.8,24.4
2017-08-27,26.6,29.7,22.7
2017-08-28,28.8,33.5,24.6
2017-08-29,26.6,28.9,23.3
2017-08-30,24.2,26.7,22.1
2017-08-31,24.3,27.4,22.7
2017-09-01,25.1,27.6,23.3
2017-09-02,23.5,25.8,21.9
2017-09-03,24.4,26.8,21.9
2017-09-04,24.5,26,23.6
2017-09-05,25.9,28.5,23
2017-09-06,27.9,32.1,24.5
2017-09-07,22.7,24.6,20.3
2017-09-08,23.7,27.1,21.2
2017-09-09,24.7,27.9,21
2017-09-10,25.9,30.3,22.2
2017-09-11,25.3,29.1,22.6
2017-09-12,24.5,27.6,22.3
2017-09-13,23.9,27.3,19.7
2017-09-14,24.2,26.7,21.8
2017-09-15,23.7,25,23
2017-09-16,23.3,23.5,22.7
2017-09-17,23.3,26.3,21.6
2017-09-18,23.5,26.9,20.5
2017-09-19,24.9,29.9,21.8
2017-09-20,23.9,26.2,21.5
2017-09-21,21.9,24.6,19
2017-09-22,23.6,28.1,21.6
2017-09-23,22.5,26.6,20.6
2017-09-24,23.7,29.2,20.4
2017-09-25,24.9,28.5,21.9
2017-09-26,25.8,29.6,23.9
2017-09-27,23.5,25.6,21.4
2017-09-28,22.9,26.2,21
2017-09-29,20.8,24.2,18.5
2017-09-30,22.6,28.2,18
2017-10-01,23.2,27,19.9
2017-10-02,22.6,26.2,21.1
2017-10-03,21.4,24,19.4
2017-10-04,20.9,23.1,19.1
2017-10-05,20.7,22.5,17.1
2017-10-06,20.7,23.1,17
2017-10-07,21.3,22.9,20.4
2017-10-08,22.8,25.2,19.7
2017-10-09,23.4,25.9,19.7
2017-10-10,24.2,27.4,21.7
2017-10-11,20.9,25.7,18.1
2017-10-12,17.5,18.7,15.7
2017-10-13,17.6,19.8,15.2
2017-10-14,18.6,20.4,17.1
2017-10-15,18.1,20.1,16
2017-10-16,18,20.3,16.7
2017-10-17,19.7,20.7,17.2
2017-10-18,19.5,20.4,19
2017-10-19,18.6,20.3,16.4
2017-10-20,19.2,22.1,16
2017-10-21,19.7,22,17.9
2017-10-22,19.8,21.4,18.7
2017-10-23,17.9,20.4,15.5
2017-10-24,17.5,21,14.3
2017-10-25,16.3,19.6,13.6
2017-10-26,17.2,21,12.9
2017-10-27,18.4,21,15.6
2017-10-28,19.7,20.5,17.8
2017-10-29,16.8,20.5,13.3
2017-10-30,13.2,16.2,10.6
2017-10-31,13.4,17.6,9.8
2017-11-01,14.1,18.5,10.8
2017-11-02,15.6,19.6,12.2
2017-11-03,16.1,21.2,12.9
2017-11-04,11.7,13.8,8.9
2017-11-05,11.8,15.5,8.7
2017-11-06,15.8,19.8,10.1
2017-11-07,19.8,23.8,15.7
2017-11-08,17,20.5,12.5
2017-11-09,14.4,19,10.1
2017-11-10,17.2,24.2,12.8
2017-11-11,12.2,14.5,10.5
2017-11-12,11.7,14.9,8
2017-11-13,13.2,17.1,9.4
2017-11-14,14.8,17.3,12.1
2017-11-15,12.6,15.3,11.1
2017-11-16,11,13.7,8.8
2017-11-17,12.8,15.8,8.9
2017-11-18,7.9,14.4,5.9
2017-11-19,8,9.8,6.5
2017-11-20,9.7,13.1,7.6
2017-11-21,9.7,13.5,6
2017-11-22,12.3,15.3,10.1
2017-11-23,9.7,11.2,8.9
2017-11-24,10.3,13,8.3
2017-11-25,12,16.2,7.7
2017-11-26,14.1,17.2,10.9
2017-11-27,9.4,11.8,7.4
2017-11-28,12.5,16.1,7
2017-11-29,12.1,14.5,9.2
2017-11-30,7.4,9.7,5
2017-12-01,6,8.2,3.9
2017-12-02,6.7,10.8,2.9
2017-12-03,10,14.3,5.4
2017-12-04,8.9,12.3,5.8
2017-12-05,5.4,7.5,2.4
2017-12-06,8.3,11.3,5.7
2017-12-07,9.7,13.2,7.3
2017-12-08,5.7,7.5,3.8
2017-12-09,8.8,11.7,6.3
2017-12-10,10.6,13.3,8.1
2017-12-11,6.2,9.3,3.5
2017-12-12,3.2,4.6,2.2
2017-12-13,3.3,4.8,2.5
2017-12-14,5.1,7.7,0.7
2017-12-15,6.9,9.3,4.3
2017-12-16,5.8,9.4,1.6
2017-12-17,3.9,5.6,2.1
2017-12-18,7.2,8.8,4.5
2017-12-19,6.3,9.5,3.8
2017-12-20,6.1,8.4,4.2
2017-12-21,7.4,9.8,6.1
2017-12-22,8.3,12.3,4.6
2017-12-23,11.4,15.1,7.9
2017-12-24,11.3,14.6,7.9
2017-12-25,6,8,5.4
2017-12-26,7,9.4,4.2
2017-12-27,4,5.9,2.4
2017-12-28,5.4,7.2,2.3
2017-12-29,8.5,11.7,4
2017-12-30,10.5,12.5,9.5
2017-12-31,7.8,9.8,6.7
2018-01-01,6.4,8.8,4
2018-01-02,7,10.1,3
2018-01-03,5,8.4,3.5
2018-01-04,3.9,4.6,2.4
2018-01-05,5.1,6.5,1.9
2018-01-06,6.2,8.7,4.8
2018-01-07,8.5,11.5,4.4
2018-01-08,8.7,11.3,6.1
2018-01-09,4.9,7,2.8
2018-01-10,2.4,5.9,-0.5
2018-01-11,0,1.7,-2.2
2018-01-12,0.7,2.3,-2.3
2018-01-13,4.5,6.9,1.4
2018-01-14,7.8,12.9,3.1
2018-01-15,10.8,14.4,7.8
2018-01-16,12.1,14.4,8.7
2018-01-17,9.5,11.5,8.5
2018-01-18,8.9,10.8,6.3
2018-01-19,6.8,9.4,4.3
2018-01-20,6.1,9.9,2.8
2018-01-21,8.5,11.4,3.9
2018-01-22,9,10.9,7.1
2018-01-23,2.1,7.6,0
2018-01-24,-1.2,1.2,-2.4
2018-01-25,-1.9,-1.2,-2.6
2018-01-26,-1.3,-0.4,-2.1
2018-01-27,0.9,3.6,-1.6
2018-01-28,2.6,4.6,0.5
2018-01-29,1.8,4,-0.1
2018-01-30,2.2,4.1,-0.2
2018-01-31,3.8,5,2.1
2018-02-01,4.5,6.8,3.2
2018-02-02,3.8,6.1,1.6
2018-02-03,1.4,4.9,-0.7
2018-02-04,-0.4,0.8,-2.3
2018-02-05,0.2,2.6,-1.7
2018-02-06,-0.6,0.8,-2.5
2018-02-07,0.6,1.9,-1.3
2018-02-08,2.5,6.8,-0.7
2018-02-09,6,11.2,1.4
2018-02-10,5.8,7.9,2.7
2018-02-11,2.5,5.4,1
2018-02-12,2.7,4.1,-0.1
2018-02-13,4.9,8.3,2.7
2018-02-14,9.8,15.4,2.5
2018-02-15,7.1,10.5,4.6
2018-02-16,6.1,9.7,3.9
2018-02-17,4.4,7.5,2.8
2018-02-18,6.7,10.2,1.7
2018-02-19,8.3,10.5,5.5
2018-02-20,8.4,11.9,4.6
2018-02-21,5.5,7.5,4.2
2018-02-22,5,7.6,3.2
2018-02-23,8.7,13.1,3.3
2018-02-24,9.4,13.3,5.3
2018-02-25,9.8,13.2,6.7
2018-02-26,8.1,11.9,4.2
2018-02-27,10.6,15,5.8
2018-02-28,11,17.5,6.9
2018-03-01,6.8,10.5,3.3
2018-03-02,5.7,9.1,2.8
2018-03-03,12,19.2,6
2018-03-04,17.2,23.2,10.9
2018-03-05,10.4,21.7,8.2
2018-03-06,9.6,11.3,8.2
2018-03-07,10,11.6,8.4
2018-03-08,6.8,8.6,5.1
2018-03-09,5.6,7.8,4.2
2018-03-10,8.1,11.5,4.3
2018-03-11,8.7,12.1,5.1
2018-03-12,11.2,15.3,7
2018-03-13,14.7,19.2,9.6
2018-03-14,16.9,20.3,12.5
2018-03-15,17.1,21.7,12
2018-03-16,9.5,12.1,8.8
2018-03-17,10,13.8,7.3
2018-03-18,15.2,22.3,7.8
2018-03-19,12.6,16.2,10.1
2018-03-20,8.3,10.2,6.5
2018-03-21,5.4,6.6,4.2
2018-03-22,7.3,10.4,5.3
2018-03-23,8.6,11.9,4.6
2018-03-24,12.2,16.5,7.7
2018-03-25,13.2,16.9,9.6
2018-03-26,13.7,17,9.7
2018-03-27,14.8,19.1,10.3
2018-03-28,15.1,19.1,9.5
2018-03-29,15.6,19.3,12
2018-03-30,15.5,18.9,13.5
2018-03-31,17,21,13.3
2018-04-01,18,21.3,15.2
2018-04-02,18,21.3,15.3
2018-04-03,17.7,21.5,15.3
2018-04-04,17.6,20.6,15.8
2018-04-05,17.9,21.3,14.4
2018-04-06,11,18.2,8.1
2018-04-07,7.8,9.8,5.3
2018-04-08,12.5,16.4,7
2018-04-09,14.3,16.3,12.6
2018-04-10,18.8,22.3,12.5
2018-04-11,17.2,21.2,13.6
2018-04-12,17,23.5,13.1
2018-04-13,16.4,19.5,14.3
2018-04-14,15.2,22.9,10.2
2018-04-15,11.9,15.7,9.6
2018-04-16,12.2,14.6,8.5
2018-04-17,14.5,16.6,12.3
2018-04-18,13.6,17.3,10.7
2018-04-19,15.2,20.3,9.2
2018-04-20,16.6,20.3,12.1
2018-04-21,17.4,19.5,13.2
2018-04-22,20.4,25.2,17.3
2018-04-23,18.5,21.8,16.1
2018-04-24,14.7,16.4,13.6
2018-04-25,14.6,17.8,12.6
2018-04-26,15.5,19.4,12.1
2018-04-27,16.6,21.2,13.5
2018-04-28,16.4,19.3,13.1
2018-04-29,17.3,19.3,14.4
2018-04-30,20.7,26.1,17.4
2018-05-01,20.7,26,16.5
2018-05-02,17.6,24.5,13.4
2018-05-03,15.2,19,12.7
2018-05-04,16.2,20.3,12.3
2018-05-05,19.6,22.7,13.7
2018-05-06,20.3,23.6,17.2
2018-05-07,16.8,18.1,15.5
2018-05-08,16,18.3,14.2
2018-05-09,15.7,18.1,13.8
2018-05-10,15.9,18.3,13.9
2018-05-11,17.9,22.8,12
2018-05-12,22.2,24.4,18.4
2018-05-13,17.1,21.7,14.9
2018-05-14,19,23.2,14.9
2018-05-15,21.8,26.3,17.9
2018-05-16,24.8,31.1,21.3
2018-05-17,25.7,30.1,22.1
2018-05-18,21.8,27.8,16.3
2018-05-19,16.6,17.9,15.5
2018-05-20,16.5,18.6,15.1
2018-05-21,17.7,20.3,15.7
2018-05-22,20.7,26.4,16.8
2018-05-23,17.8,22.7,16.1
2018-05-24,19.2,24.4,14.1
2018-05-25,19.9,24,18
2018-05-26,18.4,23.9,14.8
2018-05-27,19.3,23,16.7
2018-05-28,20.1,24,17.7
2018-05-29,21,26.8,19.1
2018-05-30,21.1,24.6,18.6
2018-05-31,18.8,21.8,16.8
2018-06-01,20.1,23.2,16.2
2018-06-02,22.1,25.5,19.2
2018-06-03,21.6,24.1,20.3
2018-06-04,22.8,26.7,19.5
2018-06-05,19.8,22.9,19.1
2018-06-06,20.7,23.8,18.8
2018-06-07,21.3,24.4,18.9
2018-06-08,20.9,24.6,18.9
2018-06-09,22.2,26.9,18.9
2018-06-10,19.9,21.1,18.4
2018-06-11,19.4,22.4,18
2018-06-12,21.1,24.5,18.7
2018-06-13,21.9,28.8,17.7
2018-06-14,22.1,25.6,19.5
2018-06-15,21.1,23.8,19
2018-06-16,20.3,23,18.3
2018-06-17,20.8,24.5,18.9
2018-06-18,22,24.1,19.5
2018-06-19,22,24.3,19.7
2018-06-20,21.9,25.3,19.7
2018-06-21,22.7,26.8,20.2
2018-06-22,22.8,25.6,20.1
2018-06-23,22.7,25.1,19.8
2018-06-24,23.9,27,20.6
2018-06-25,24,27.5,20.6
2018-06-26,28.2,32.3,23.6
2018-06-27,26.3,29,24.3
2018-06-28,25.7,28.5,23.4
2018-06-29,25.2,28.9,23.2
2018-06-30,24,26.8,22
2018-07-01,27.3,30.4,22.7
2018-07-02,27.3,31.4,24.1
2018-07-03,24.1,25.5,22.8
2018-07-04,26,29.8,24.2
2018-07-05,24.8,26.5,23.6
2018-07-06,22.7,24,21.7
2018-07-07,21.3,22.3,19.9
2018-07-08,20.9,22.5,19.6
2018-07-09,24.6,28.5,21.1
2018-07-10,28.3,33.1,24.7
2018-07-11,30,35,27.4
2018-07-12,28,30.4,26
2018-07-13,26.7,29.2,25.2
2018-07-14,26.9,29.5,24.8
2018-07-15,27,29.8,24.4
2018-07-16,27,29.5,24.5
2018-07-17,27.3,30.1,24.8
2018-07-18,27.7,30.6,24.6
2018-07-19,27.8,31,24.7
2018-07-20,28.8,31.6,25.8
2018-07-21,28.9,33.9,25
2018-07-22,29.2,30.8,28.2
2018-07-23,29.9,34.1,27
2018-07-24,29.2,31.7,27.5
2018-07-25,29.1,31.9,27.5
2018-07-26,29.1,31.8,27.5
2018-07-27,29.3,32.5,27.1
2018-07-28,29.1,31.1,27.4
2018-07-29,29.4,32.5,27.2
2018-07-30,28.9,31.1,27.6
2018-07-31,28.7,31.6,25.8
2018-08-01,29.2,32.3,26.3
2018-08-02,29,32.1,26.7
2018-08-03,30,34.1,28.1
2018-08-04,29.5,32,27.8
2018-08-05,29.9,33.3,27.4
2018-08-06,30.1,32.8,28.1
2018-08-07,29.7,31.9,27.9
2018-08-08,29.3,31.8,26.9
2018-08-09,29.6,32.6,27.5
2018-08-10,29.9,33.2,27.5
2018-08-11,28.8,32.4,27.8
2018-08-12,29.8,33.3,26.1
2018-08-13,31.1,34.4,28.7
2018-08-14,31.2,35.3,28.6
2018-08-15,29.7,33.5,27.8
2018-08-16,27.5,28.8,25.2
2018-08-17,26.2,28.4,24.4
2018-08-18,26.7,30.7,24.4
2018-08-19,28.3,33.2,24.8
2018-08-20,29.2,32.8,27
2018-08-21,28.1,30.6,24.8
2018-08-22,27.8,30.5,25.9
2018-08-23,26.5,29.2,25.6
2018-08-24,27.2,30,24.9
2018-08-25,26.4,31.2,24.7
2018-08-26,28.3,31.8,26
2018-08-27,28.4,32,26.1
2018-08-28,27.8,30.4,25.9
2018-08-29,28.5,33.9,25.1
2018-08-30,28.9,34.5,25.8
2018-08-31,30,33.3,25.6
2018-09-01,25.8,28.9,23.3
2018-09-02,24.9,29.2,22.7
2018-09-03,27,31.2,24.1
2018-09-04,26.2,29.1,23.5
2018-09-05,26.6,30.8,23.2
2018-09-06,26.2,29.2,24.5
2018-09-07,24.3,27.4,21
2018-09-08,22.3,24.9,19.4
2018-09-09,23,26.3,19.1
2018-09-10,23,26.2,20.2
2018-09-11,22.3,23.8,21.4
2018-09-12,23,24.8,21.4
2018-09-13,23.5,24.3,21.6
2018-09-14,25.3,27.8,23
2018-09-15,25.2,28,23.5
2018-09-16,25.5,28.5,23
2018-09-17,24.6,28.3,23.4
2018-09-18,25,28.1,23.4
2018-09-19,23.3,25.4,21.3
2018-09-20,25.2,27.7,22.3
2018-09-21,24.5,28.2,23.4
2018-09-22,24.2,27.6,22.3
2018-09-23,24.4,29.6,21.2
2018-09-24,21.9,23.7,19.2
2018-09-25,21.5,24.1,19.3
2018-09-26,22.2,24.9,20.8
2018-09-27,21.2,23.6,18.5
2018-09-28,21.7,24.3,19.4
2018-09-29,20.7,22.3,18.5
2018-09-30,21.9,25.2,20.2
2018-10-01,21.3,23.5,19.7
2018-10-02,20.7,23.6,17.6
2018-10-03,19.2,22.3,16.5
2018-10-04,20.4,21.9,17.8
2018-10-05,21.6,24.5,20.6
2018-10-06,21.1,24.7,19.6
2018-10-07,20.6,23.9,17.9
2018-10-08,19.2,22.3,16.6
2018-10-09,20.3,22.3,17.5
2018-10-10,18.3,20.5,16.3
2018-10-11,16.3,18.5,15.1
2018-10-12,15.6,18,13.2
2018-10-13,15.4,19,11.8
2018-10-14,17.6,20.4,13.2
2018-10-15,18.7,20.6,16.2
2018-10-16,16.1,19.3,14
2018-10-17,16.8,20.6,13.1
2018-10-18,16.6,19.3,15.2
2018-10-19,16.1,19.5,12.9
2018-10-20,16.3,20.5,12.5
2018-10-21,17.1,20.7,13.7
2018-10-22,17.4,20.6,14.5
2018-10-23,18.5,21.9,16.4
2018-10-24,16.8,19.7,13.8
2018-10-25,17.4,22.8,11.6
2018-10-26,18.5,21.8,16.3
2018-10-27,15.6,17.9,14.5
2018-10-28,17.5,21.1,13.1
2018-10-29,18,22,15.2
2018-10-30,14.8,17.4,13.2
2018-10-31,14.1,18,11.6
2018-11-01,13.4,16.3,11.2
2018-11-02,14.4,18.5,9.6
2018-11-03,15.2,18.5,11.4
2018-11-04,15.2,19.6,12.3
2018-11-05,15,18.8,10.5
2018-11-06,16.5,19.9,12.9
2018-11-07,17.4,18.8,16.1
2018-11-08,17.7,20.5,15.1
2018-11-09,14.6,17.2,11.3
2018-11-10,13.6,17.8,9.7
2018-11-11,14.6,18.3,10.5
2018-11-12,13.8,15.5,13
2018-11-13,13.8,16.3,12.5
2018-11-14,13.3,16.3,10.2
2018-11-15,16,20.1,11.2
2018-11-16,14.9,17.4,13.5
2018-11-17,12.6,15.4,9.7
2018-11-18,12.3,15.1,9.6
2018-11-19,13.2,15.7,11.8
2018-11-20,12.6,15.6,10.1
2018-11-21,13.3,16.7,9.9
2018-11-22,10.2,13.5,8.4
2018-11-23,10,12.3,7.3
2018-11-24,14,19.2,8.8
2018-11-25,13,16,10.6
2018-11-26,14.5,18.2,10.4
2018-11-27,13.8,17,11.5
2018-11-28,13,16.3,10
2018-11-29,12.8,17.8,8.5
2018-11-30,13.1,16.9,10
2018-12-01,13.7,16.3,11.3
2018-12-02,17.6,20.5,13.6
2018-12-03,18.9,22.9,17.1
2018-12-04,13.8,17.6,10.8
2018-12-05,9.9,11.7,8
2018-12-06,9.5,12.6,8.1
2018-12-07,4.8,10.3,2.7
2018-12-08,4.2,6.6,2.6
2018-12-09,3.9,4.8,2.8
2018-12-10,7.6,10.2,4.7
2018-12-11,9,10.1,7.2
2018-12-12,6.5,9.1,5.8
2018-12-13,8,9.7,6
2018-12-14,5.6,7,4.4
2018-12-15,6,9.6,2
2018-12-16,9.1,10.8,6.5
2018-12-17,10.3,11.8,9.7
2018-12-18,9.7,12,8
2018-12-19,13.9,18,8.5
2018-12-20,12.5,16.1,11.7
2018-12-21,14.6,16.8,12.7
2018-12-22,13,16.2,11.5
2018-12-23,9.6,12.2,7.4
2018-12-24,6.4,9,4.6
2018-12-25,7.8,10.8,3.8
2018-12-26,8.5,9.7,6.8
2018-12-27,2.5,6.8,1.4
2018-12-28,1.9,3.2,0.2
2018-12-29,3.1,4.1,1.7
2018-12-30,3.1,4.1,1.9
2018-12-31,4.6,5.8,3.5
2019-01-01,5.6,7,4.8
2019-01-02,5.1,6.1,4.5
2019-01-03,5.1,8,3.5
2019-01-04,5.8,10,2.6
2019-01-05,7,9,5.2
2019-01-06,5.7,7.7,4.5
2019-01-07,5.9,8.8,3.1
2019-01-08,6.6,8.8,4.5
2019-01-09,4.5,5.8,2.2
2019-01-10,6.9,7.8,5.6
2019-01-11,7.9,9.4,5.9
2019-01-12,8.9,10.9,8.1
2019-01-13,7.9,10,6.6
2019-01-14,7.3,9.7,5.5
2019-01-15,7,9.9,3.6
2019-01-16,3.1,4,2
2019-01-17,5.6,6.5,3.9
2019-01-18,6.4,9.8,3.9
2019-01-19,8.9,12.6,3.6
2019-01-20,6.7,11.6,3.9
2019-01-21,6.2,8.1,3.9
2019-01-22,8.3,10.9,5.8
2019-01-23,8.6,11.9,6.7
2019-01-24,6.2,9.6,3.4
2019-01-25,5.7,10.1,3.6
2019-01-26,4.3,5.8,2.9
2019-01-27,5.6,8.5,2.4
2019-01-28,7.7,10.8,4.8
2019-01-29,6.3,9.2,2.8
2019-01-30,8.2,10.1,6.8
2019-01-31,4.9,8.2,3.3
2019-02-01,5,6.8,3.4
2019-02-02,9.3,12,5
2019-02-03,13.3,18.4,8.6
2019-02-04,6.9,9.5,4.9
2019-02-05,9.3,13.6,4
2019-02-06,11.8,15.5,9.1
2019-02-07,6.5,12.1,1.9
2019-02-08,3.4,5.6,1.5
2019-02-09,3,4.7,1.5
2019-02-10,3.1,4.9,2
2019-02-11,3.7,4.7,2.9
2019-02-12,5.7,8.7,1
2019-02-13,6.8,8.7,5.2
2019-02-14,5.6,8,4.2
2019-02-15,6.4,7.7,4.3
2019-02-16,4.2,7,3.1
2019-02-17,4.4,6.9,3.1
2019-02-18,7.1,9.8,2.9
2019-02-19,9.3,13,6.4
2019-02-20,6.9,9.4,4.8
2019-02-21,7.1,8.7,5.6
2019-02-22,8.3,10.9,6.5
2019-02-23,9.3,13.7,4.2
2019-02-24,11,14.1,8.6
2019-02-25,9.4,13.1,7.3
2019-02-26,8.9,12.2,5.3
2019-02-27,10.9,11.9,9.4
2019-02-28,10.4,13.2,8
2019-03-01,9.4,12.3,6.4
2019-03-02,11,14.3,7.3
2019-03-03,11.8,13.3,10.5
2019-03-04,10,12.2,8.4
2019-03-05,10.7,13.4,6.2
2019-03-06,10.4,13.8,8.4
2019-03-07,8.3,10.4,7.3
2019-03-08,8.5,12.3,3.7
2019-03-09,11.6,16.6,6.5
2019-03-10,10.7,13.1,8.9
2019-03-11,10,13.6,6.9
2019-03-12,10.7,16,6.1
2019-03-13,8.4,11.7,5.1
2019-03-14,10,14,7
2019-03-15,10.2,15.8,6.2
2019-03-16,10.1,14.1,6
2019-03-17,11.2,14.1,8
2019-03-18,10.7,14.2,6.9
2019-03-19,12.3,16.1,9.2
2019-03-20,16.3,21.2,9.9
2019-03-21,10.7,20,7.3
2019-03-22,7.8,10.6,6.4
2019-03-23,8.5,11.8,6.2
2019-03-24,7.5,11,3.6
2019-03-25,9.9,13.2,6.4
2019-03-26,14.2,16.7,10.1
2019-03-27,16.4,22,10.3
2019-03-28,14.6,16.9,12.8
2019-03-29,13.9,17,12.2
2019-03-30,11,14.6,7.9
2019-03-31,8.4,11.4,7.1
2019-04-01,10.5,13.2,7.1
2019-04-02,10.6,14,8.6
2019-04-03,10.5,14.4,6.6
2019-04-04,11.3,14.6,6.2
2019-04-05,14.5,18.2,11.9
2019-04-06,15,20.8,11
2019-04-07,16.4,21.4,13
2019-04-08,14.8,18.1,11.7
2019-04-09,15,17.4,14.1
2019-04-10,10.4,14.2,9.6
2019-04-11,11.6,13.8,9.7
2019-04-12,12.7,16.6,9.2
2019-04-13,13.7,17.7,9.4
2019-04-14,13.6,17.1,10.6
2019-04-15,13,17.1,8.7
2019-04-16,16.8,25,10.7
2019-04-17,15.8,18.6,13.6
2019-04-18,16.7,22.1,12.3
2019-04-19,16.8,21.6,14.3
2019-04-20,17.1,20,14.5
2019-04-21,18.5,23.1,15
2019-04-22,19.3,24,16.6
2019-04-23,19.1,22.5,17.3
2019-04-24,18,21.2,15.7
2019-04-25,15.8,17.9,14.1
2019-04-26,12.2,15.9,11.3
2019-04-27,14,17,11.7
2019-04-28,15,17.5,12.1
2019-04-29,16.1,20.3,14.5
2019-04-30,15.6,17.6,14.5
2019-05-01,14.7,18.6,12.4
2019-05-02,17.2,21.5,12.8
2019-05-03,18.9,21.9,16
2019-05-04,19.2,23.3,14.7
2019-05-05,19,22.2,16.4
2019-05-06,15.9,19.2,13.4
2019-05-07,15.6,19.5,12.3
2019-05-08,16.3,19.6,11.9
2019-05-09,17.4,20.3,14.7
2019-05-10,17.6,21.4,14.3
2019-05-11,18.5,23.4,15
2019-05-12,18.7,21.5,15.7
2019-05-13,20.1,23.7,17.4
2019-05-14,20.5,23.2,18.6
2019-05-15,21.2,26.6,16.9
2019-05-16,23.2,28.3,18
2019-05-17,21.2,26.3,18.4
2019-05-18,20.6,23.3,17.4
2019-05-19,21.4,26.3,18.8
2019-05-20,17.3,19.8,14.9
2019-05-21,19.2,23,14.5
2019-05-22,23.4,27.6,19.5
2019-05-23,26.2,31.3,22
2019-05-24,28.4,33.1,23.8
2019-05-25,23.3,27.2,20.4
2019-05-26,23.1,25.4,20.3
2019-05-27,20.7,25.5,15.8
2019-05-28,18.9,21.7,15.5
2019-05-29,22.3,27,18.7
2019-05-30,21.7,25.9,18
2019-05-31,17.9,21.4,15.6
2019-06-01,19,22.4,15.9
2019-06-02,20.1,24.6,17.9
2019-06-03,20.9,24.5,17.9
2019-06-04,22.8,29,19.4
2019-06-05,22.5,26.1,19.2
2019-06-06,23.6,28.1,19.1
2019-06-07,19.6,25.3,18.2
2019-06-08,19.9,23.2,17.5
2019-06-09,20.2,23.2,17
2019-06-10,20.2,24.8,17.5
2019-06-11,20.2,22.9,18.4
2019-06-12,19.9,22.9,17.6
2019-06-13,21.9,28,17.6
2019-06-14,19.4,21.4,17.4
2019-06-15,20.1,22.5,18.2
2019-06-16,20.6,23.3,18.6
2019-06-17,20.8,23.3,17.8
2019-06-18,21.6,23.3,20.5
2019-06-19,21.7,24.4,19.4
2019-06-20,22,24.4,19.8
2019-06-21,22.6,26.4,20.3
2019-06-22,22.1,25.5,19.7
2019-06-23,21.1,25.6,19.3
2019-06-24,21.6,24.4,18.8
2019-06-25,24.2,28.9,19.1
2019-06-26,22.1,25.9,19.8
2019-06-27,23.1,25.9,21.9
2019-06-28,23.5,25.8,21
2019-06-29,25.2,29.8,22.6
2019-06-30,23.4,26.9,21.4
2019-07-01,23.4,25.6,22.3
2019-07-02,23.3,25.7,21.8
2019-07-03,22.6,24.9,21.6
2019-07-04,22.3,25.9,20.4
2019-07-05,23.9,28.7,21.6
2019-07-06,23.8,27.2,20.8
2019-07-07,23.3,26.4,22.2
2019-07-08,21.8,22.7,20.6
2019-07-09,22,23.6,20.9
2019-07-10,21.4,22,20.5
2019-07-11,23.2,26.7,20.6
2019-07-12,23.3,25.8,21.7
2019-07-13,21.6,22.9,20.4
2019-07-14,24.2,27.1,21.5
2019-07-15,24.2,26.5,22.2
2019-07-16,24.8,27.2,22.2
2019-07-17,25,28,22.9
2019-07-18,24.2,25.9,22.9
2019-07-19,24.1,26.2,22.3
2019-07-20,25.7,28.2,24.6
2019-07-21,27.3,30.7,24.8
2019-07-22,27.1,32.7,23.8
2019-07-23,27.6,30.3,24.3
2019-07-24,27.9,30.9,25.7
2019-07-25,27.9,31.1,25.9
2019-07-26,27.8,31.2,25.3
2019-07-27,28.1,31,26.5
2019-07-28,29.3,31.8,27
2019-07-29,28.7,31.3,26.1
2019-07-30,30.4,35.4,27.3
2019-07-31,29.5,32.3,27.9
2019-08-01,29.2,32.1,26.9
2019-08-02,28.8,31.2,26.7
2019-08-03,29,31.7,25.4
2019-08-04,27.9,30.2,25.9
2019-08-05,27.8,30.9,24.9
2019-08-06,28.8,32.2,26.2
2019-08-07,29.6,34.2,26.6
2019-08-08,31.1,34.7,27.7
2019-08-09,30.1,33.3,27.7
2019-08-10,29.5,30.9,28.8
2019-08-11,28.7,30.5,27.7
2019-08-12,29.7,33.9,27.2
2019-08-13,29.2,31.2,26.8
2019-08-14,28.6,31.6,26.8
2019-08-15,27.1,27.9,26.4
2019-08-16,27.7,30.9,25.7
2019-08-17,28.8,32.6,25.7
2019-08-18,27.2,29.7,25.9
2019-08-19,26.3,29.1,24.6
2019-08-20,27.1,30.1,25.7
2019-08-21,28.1,31.6,25.3
2019-08-22,28.5,31.8,25.8
2019-08-23,27.4,30.7,26.2
2019-08-24,27,28.8,25.2
2019-08-25,25.5,27.7,23.3
2019-08-26,25.9,28.3,23.5
2019-08-27,26.9,31,24.5
2019-08-28,24.8,27,23
2019-08-29,23.3,25.4,21.3
2019-08-30,25.5,28.8,22.2
2019-08-31,24.9,28.2,20.8
2019-09-01,23.3,26.3,20.6
2019-09-02,24.1,26.6,21.9
2019-09-03,24.8,26.7,22.4
2019-09-04,24.7,27.9,23.7
2019-09-05,26.2,30.4,23.4
2019-09-06,26.8,28.6,25.1
2019-09-07,27.6,30.3,24.9
2019-09-08,24.5,26.3,23.4
2019-09-09,26.2,29,23.7
2019-09-10,27,29.4,24
2019-09-11,26,29.3,24.1
2019-09-12,24.1,25.1,23
2019-09-13,24,26.7,22.1
2019-09-14,24.3,26.9,21.7
2019-09-15,24.6,26.9,22.9
2019-09-16,24.6,27,23.6
2019-09-17,23.8,25.8,22
2019-09-18,23.3,27.6,20.6
2019-09-19,22.8,25.9,19.3
2019-09-20,22.5,25,19.9
2019-09-21,20.5,21.7,19.1
2019-09-22,20.4,21.7,19.1
2019-09-23,21,24.5,18.4
2019-09-24,20.4,25.2,16.7
2019-09-25,21.8,25.2,18.3
2019-09-26,23.8,27.7,21.3
2019-09-27,23.8,25.7,22.7
2019-09-28,24.1,25.6,23.1
2019-09-29,24.1,26.3,22.9
2019-09-30,23.6,26.8,22
2019-10-01,23.4,26.4,20.5
2019-10-02,24.8,27.3,20.6
2019-10-03,23.4,26.2,21.9
2019-10-04,23.1,26.1,21.2
2019-10-05,20.8,23.2,18.4
2019-10-06,20.8,24.6,17
2019-10-07,21.8,23.6,20.2
2019-10-08,20.5,24,17.4
2019-10-09,17.6,21.5,14.2
2019-10-10,19,23.1,14
2019-10-11,21,23.9,17.1
2019-10-12,21.4,24.8,18.7
2019-10-13,19.7,22.8,17.1
2019-10-14,19.3,23.2,16.7
2019-10-15,17.4,19.1,15.2
2019-10-16,18.1,21.3,15.8
2019-10-17,19.3,21.8,16.2
2019-10-18,19.1,20.5,18.1
2019-10-19,19.8,22.7,17.7
2019-10-20,19.1,21.8,15.4
2019-10-21,19.9,22.9,17.4
2019-10-22,20.8,22.5,18.6
2019-10-23,20.3,21.8,19.2
2019-10-24,20.1,22.3,18.4
2019-10-25,20.1,23.5,16.8
2019-10-26,16.5,19.4,15.5
2019-10-27,16,18.7,13.7
2019-10-28,15.7,19.2,11.9
2019-10-29,17.9,20.8,15.2
2019-10-30,16.3,19.5,13.7
2019-10-31,16.5,20.7,12.1
2019-11-01,18.3,22,15.6
2019-11-02,18.6,22.7,15.6
2019-11-03,17.5,20.4,15.2
2019-11-04,17.3,20.6,13.5
2019-11-05,17.3,20.3,14.6
2019-11-06,15.8,19.4,12.3
2019-11-07,15.9,19.3,13.4
2019-11-08,13.8,17.3,12.4
2019-11-09,14.4,18.1,11.9
2019-11-10,15.5,19.7,10.3
2019-11-11,17.1,19.5,15.3
2019-11-12,14.7,17.9,12.1
2019-11-13,15,18.3,11.8
2019-11-14,11.2,14.5,7.9
2019-11-15,12.1,17.2,7
2019-11-16,16,21.3,10.6
2019-11-17,20.1,24.3,14.9
2019-11-18,13.7,22.7,11.2
2019-11-19,10.6,12.3,9.9
2019-11-20,9.9,12.5,7.8
2019-11-21,13.1,17.1,7.8
2019-11-22,17.1,21.8,13.5
2019-11-23,18.1,21.7,14.5
2019-11-24,17.3,19.5,13.7
2019-11-25,10.1,13.9,9.2
2019-11-26,13.5,15.3,9.7
2019-11-27,11.1,14.8,9.3
2019-11-28,10.8,14,8.8
2019-11-29,9.7,12.6,6.9
2019-11-30,12.5,18,6.9
2019-12-01,12.5,15.1,11.1
2019-12-02,9.9,11.8,7.4
2019-12-03,9.5,10.8,7.5
2019-12-04,11.3,14.1,10
2019-12-05,8.7,11.5,5.7
2019-12-06,4.2,5.8,3.2
2019-12-07,7.5,9.5,4.3
2019-12-08,8.7,10.2,6
2019-12-09,10.7,15.2,5.9
2019-12-10,13.3,18.7,8.5
2019-12-11,12.9,18,9.6
2019-12-12,8.3,10.3,5.4
2019-12-13,8.6,12.9,4.6
2019-12-14,10,12.7,6.9
2019-12-15,12.5,17.4,6.9
2019-12-16,14.9,18.2,12.2
2019-12-17,14.1,17.6,10.9
2019-12-18,8.8,10.9,7.4
2019-12-19,7.8,9.4,7
2019-12-20,8.4,11.1,6.9
2019-12-21,8,10.1,5.6
2019-12-22,9.6,11.6,6.8
2019-12-23,9.4,12.4,6.7
2019-12-24,9.2,11.9,7.3
2019-12-25,11.4,15.1,7
2019-12-26,9.9,13.1,6.7
2019-12-27,6.7,7.3,5.7
2019-12-28,7.7,9.7,6.1
2019-12-29,11.8,16.4,7.1
2019-12-30,11.5,13.6,6.3
2019-12-31,2.9,6.4,1.8
2020-01-01,5.2,7.3,2.4
2020-01-02,8.1,9.2,5.5
2020-01-03,8.8,11.4,6.4
2020-01-04,7.9,11.4,5.1
2020-01-05,8.5,11.1,4.3
2020-01-06,14.5,18.9,10.1
2020-01-07,19.2,23.6,12.8
2020-01-08,8.1,13.2,6.9
2020-01-09,7.3,8.2,6.7
2020-01-10,8,11,4.3
2020-01-11,8,9.1,6.9
2020-01-12,7.5,8.5,6.7
2020-01-13,7.1,8.8,6.1
2020-01-14,4.8,6.2,3.4
2020-01-15,5.6,7.2,4.6
2020-01-16,6.3,8,4.6
2020-01-17,6.9,9.2,6
2020-01-18,7,9,6.2
2020-01-19,8.6,10,5.9
2020-01-20,8.4,10.9,7.1
2020-01-21,7.4,10.5,4.9
2020-01-22,11.4,13.5,8.6
2020-01-23,11.2,13.6,10.5
2020-01-24,11.3,12.7,9.5
2020-01-25,11.9,14,10.6
2020-01-26,11.6,13,10.6
2020-01-27,9.8,11.5,8.1
2020-01-28,9.9,11.1,9.1
2020-01-29,9.6,11.3,8.5
2020-01-30,8.3,10.2,7.5
2020-01-31,7.2,8,5.9
2020-02-01,8.2,10.9,4.5
2020-02-02,7.7,10.7,6
2020-02-03,6.9,9.3,5.1
2020-02-04,5.6,8.2,2.6
2020-02-05,3.4,7.7,1.2
2020-02-06,3.3,5.4,0.8
2020-02-07,6.4,8.9,4.8
2020-02-08,6.9,9,4.7
2020-02-09,6.6,8.9,4.9
2020-02-10,10.6,14.1,6.1
2020-02-11,11.2,15.1,6.7
2020-02-12,13.3,16.7,11.1
2020-02-13,12.3,14.9,11.1
2020-02-14,13.6,16.4,11.1
2020-02-15,16.2,21.6,12.2
2020-02-16,5.4,12.5,3
2020-02-17,2.6,4.2,0.8
2020-02-18,4.9,7.8,0.5
2020-02-19,6.6,10.7,2.2
2020-02-20,10,13.2,6.7
2020-02-21,12.4,16.9,6.4
2020-02-22,10.8,14.3,7.6
2020-02-23,7.8,11.1,5.9
2020-02-24,11.5,15.8,5.4
2020-02-25,16.6,21.8,11.5
2020-02-26,11.4,12.7,8.4
2020-02-27,10,13.4,6.8
2020-02-28,10.4,11.6,8.7
2020-02-29,11.6,12.2,10.9
2020-03-01,11.2,12.7,8.1
2020-03-02,8,10.4,6
2020-03-03,10.7,15,6.2
2020-03-04,8,10.6,5.2
2020-03-05,6.1,9.6,4
2020-03-06,7.4,11.9,2.5
2020-03-07,10.3,11,8
2020-03-08,12,15.4,7.3
2020-03-09,13.1,14.6,11.3
2020-03-10,9.6,13.4,7.7
2020-03-11,8.4,11.1,5.5
2020-03-12,9.4,13.7,3.8
2020-03-13,11.2,14.5,8.2
2020-03-14,8.4,10.6,5.9
2020-03-15,11.1,15.3,6.8
2020-03-16,7.3,10.6,4.6
2020-03-17,13,19.8,6.2
2020-03-18,14,16.7,10.1
2020-03-19,13.9,21.2,9.9
2020-03-20,12,16,7.2
2020-03-21,17.4,22.8,9.9
2020-03-22,14.4,18.5,11.3
2020-03-23,12.7,16.3,9.3
2020-03-24,12.6,15.8,8.8
2020-03-25,16.3,20.9,10.8
2020-03-26,17.9,23.2,15
2020-03-27,12,19.9,8.4
2020-03-28,9,9.9,7.1
2020-03-29,11.2,14.4,6.6
2020-03-30,13.5,15.9,11.7
2020-03-31,13.9,17.2,11.3
2020-04-01,11.6,15.4,8.4
2020-04-02,11.8,14.7,8.7
2020-04-03,12.8,16.3,10.9
2020-04-04,11.6,16.9,7.6
2020-04-05,9.7,13.4,7.4
2020-04-06,10.7,14.3,6
2020-04-07,13.4,17.9,8.9
2020-04-08,12.9,16.8,10.5
2020-04-09,12.1,15.3,8.8
2020-04-10,12.9,15.9,9.9
2020-04-11,12.3,16.8,9.7
2020-04-12,9.8,11.2,7.5
2020-04-13,11.6,13.8,9.6
2020-04-14,13.2,16.6,8.3
2020-04-15,13.4,16.9,10.1
2020-04-16,15.9,21.4,10.3
2020-04-17,16,18.7,13.6
2020-04-18,12.9,16.2,11.1
2020-04-19,13.3,15.6,11
2020-04-20,13.8,18,11.6
2020-04-21,12.8,16.5,10.2
2020-04-22,11.1,14.8,8.7
2020-04-23,11.1,14.1,8.7
2020-04-24,13.1,16.8,9.1
2020-04-25,18.3,23,10.2
2020-04-26,14.2,18.9,11.1
2020-04-27,14.3,17.7,11
2020-04-28,15.2,19.7,10.4
2020-04-29,15.9,20,13
2020-04-30,19,24.8,12.5
2020-05-01,20.5,24.6,17.4
2020-05-02,19.2,21.9,16.4
2020-05-03,19.2,23.6,16
2020-05-04,18.5,23.7,15.5
2020-05-05,17.6,24.6,14.2
2020-05-06,19.5,24.5,15.9
2020-05-07,17.8,22.9,14.8
2020-05-08,20.9,26.5,15.5
2020-05-09,21.3,27.7,15.5
2020-05-10,16,18.1,15
2020-05-11,17.3,23.2,14.6
2020-05-12,18.5,25.1,14.9
2020-05-13,17,20.4,13.2
2020-05-14,20.2,25.8,15.2
2020-05-15,22.1,27.1,19
2020-05-16,16.6,19.1,14
2020-05-17,17,21.9,13.6
2020-05-18,19.2,29.5,15.9
2020-05-19,17.2,21.1,14.4
2020-05-20,16.6,20.6,13.8
2020-05-21,18.8,24.6,14.5
2020-05-22,19.1,23.9,16.3
2020-05-23,19.6,22.4,16.1
2020-05-24,20.4,26.1,17.9
2020-05-25,17.7,20.6,16.4
2020-05-26,18.4,21.1,16.5
2020-05-27,18.2,21.1,16
2020-05-28,19.7,25,15.9
2020-05-29,18.5,20.5,14.7
2020-05-30,20,23.6,17.8
2020-05-31,19.7,23.6,17.1
2020-06-01,18.7,21.7,16.7
2020-06-02,18.6,22.5,15
2020-06-03,20.5,24.7,18.1
2020-06-04,21.2,25.3,18.7
2020-06-05,19.9,24.2,17.4
2020-06-06,21.2,26.5,19.2
2020-06-07,21.3,23.9,18.5
2020-06-08,23.4,29.7,18.6
2020-06-09,26.7,30.1,22.2
2020-06-10,24.7,28.9,22.7
2020-06-11,24.5,28.9,21.6
2020-06-12,22.7,24.2,21.1
2020-06-13,25.6,29.6,22.8
2020-06-14,24.2,27.7,20.8
2020-06-15,22.2,25,20.2
2020-06-16,23.3,26.9,21.4
2020-06-17,20.9,23.2,18.3
2020-06-18,19.5,22.5,18.3
2020-06-19,19.9,22.6,18.3
2020-06-20,21.9,24.9,19.7
2020-06-21,21.8,24.3,20.1
2020-06-22,22.7,28.9,20.1
2020-06-23,25.6,30.9,20
2020-06-24,24.9,27.1,21.9
2020-06-25,22.9,24.9,21.6
2020-06-26,22.9,25.4,20.7
2020-06-27,23.1,26.8,20.8
2020-06-28,23.5,28.7,20.5
2020-06-29,23.2,27.6,19.1
2020-06-30,21.8,24,20
2020-07-01,22.6,26.8,19.7
2020-07-02,23,25.2,20.2
2020-07-03,21.4,23.8,19.7
2020-07-04,20.2,21.7,19.5
2020-07-05,21.2,24.2,19.2
2020-07-06,22.5,26.1,20.7
2020-07-07,22.5,25.5,21.2
2020-07-08,22.3,25.6,20
2020-07-09,23.2,27.6,20.9
2020-07-10,25.6,29.8,21.9
2020-07-11,23.3,25.8,22.5
2020-07-12,24.6,26.5,22.6
2020-07-13,25.6,30.6,22.6
2020-07-14,21.6,23.6,19.8
2020-07-15,21.6,24.6,20.2
2020-07-16,22.2,24.5,20.2
2020-07-17,23.1,25.8,20.1
2020-07-18,24.2,26.7,20.7
2020-07-19,29.1,34.3,23
2020-07-20,26.4,29.9,22.8
2020-07-21,24.6,27.2,22.6
2020-07-22,26.8,30.4,23.8
2020-07-23,26.5,30.5,23.6
2020-07-24,23,25.1,21.3
2020-07-25,23.7,26.6,21.2
2020-07-26,23.4,25.5,20.7
2020-07-27,24.8,27.9,22.6
2020-07-28,28.7,33.8,25.1
2020-07-29,27.9,30.9,25.7
2020-07-30,27.8,31,25.4
2020-07-31,26.9,29.5,25.1
2020-08-01,28.2,30.7,25.5
2020-08-02,29.3,34,26.7
2020-08-03,28.8,32.5,26.7
2020-08-04,30.2,34.9,27.1
2020-08-05,30.3,34.1,26.4
2020-08-06,30.2,32.7,27.9
2020-08-07,30.6,32.7,27.8
2020-08-08,30.9,32.7,29.7
2020-08-09,30.4,33.9,28
2020-08-10,29.4,32.3,26.6
2020-08-11,30.4,33.6,27.6
2020-08-12,31,34.5,28.2
2020-08-13,31.3,36.1,28.2
2020-08-14,32.2,36.3,27.6
2020-08-15,31.1,36.3,27.8
2020-08-16,29.9,32.7,27.5
2020-08-17,29.4,32.3,27
2020-08-18,29,30.8,26.8
2020-08-19,28.3,31.2,26
2020-08-20,28.2,31.3,26
2020-08-21,28,30.3,25.4
2020-08-22,27.4,33.3,24.3
2020-08-23,28.3,31.2,24.8
2020-08-24,30,35.1,26.2
2020-08-25,29.8,33.6,27.7
2020-08-26,28.4,29.8,25.4
2020-08-27,28.7,30.8,27.2
2020-08-28,28.4,32.6,26.4
2020-08-29,28.4,31.3,26.3
2020-08-30,28.1,31.4,26.1
2020-08-31,27.8,31.6,25.9
2020-09-01,26.8,28,25.6
2020-09-02,25.1,27.9,23.1
2020-09-03,25.2,28.7,23.2
2020-09-04,25.5,29.3,21.5
2020-09-05,21.9,24.1,19.3
2020-09-06,21.7,23.1,20.5
2020-09-07,23,26.3,20.7
2020-09-08,26.7,30.7,22.4
2020-09-09,25.8,28.7,24.4
2020-09-10,24.5,26.6,22.7
2020-09-11,23.5,26,21.8
2020-09-12,23.1,25.5,21.6
2020-09-13,23,26.1,21.7
2020-09-14,23.3,25.9,21.8
2020-09-15,23.7,25.8,21
2020-09-16,23.5,28.3,21.5
2020-09-17,21.2,23.3,19.3
2020-09-18,20.5,23.1,17.8
2020-09-19,21.2,25.6,16.8
2020-09-20,22,25.6,18
2020-09-21,21.5,25,18.5
2020-09-22,21.2,22.6,19.5
2020-09-23,20.9,21.7,20.1
2020-09-24,21.3,22.7,20.6
2020-09-25,22.5,25.3,20.1
2020-09-26,22.1,25.8,20.5
2020-09-27,21.4,24.1,19
2020-09-28,20.9,23.4,19.3
2020-09-29,21.2,23.8,18.1
2020-09-30,21.9,24.9,19
2020-10-01,21.5,24.1,19.4
2020-10-02,21.7,25.5,17.6
2020-10-03,22.5,25.3,20.2
2020-10-04,21.4,23.5,19.5
2020-10-05,18.4,21.1,16.8
2020-10-06,18.6,20.4,17.1
2020-10-07,20.5,22.2,17
2020-10-08,20.3,22.5,19.1
2020-10-09,20.1,21.5,18.6
2020-10-10,20.3,22.4,18.9
2020-10-11,20.4,23.3,18.9
2020-10-12,20.4,23.5,18
2020-10-13,18.4,21,16.1
2020-10-14,19.1,21.7,15.7
2020-10-15,17.9,20.3,15.6
2020-10-16,17.2,20,14.4
2020-10-17,17.5,20.7,13.7
2020-10-18,17.7,20.9,15.6
2020-10-19,17.7,21.1,14.2
2020-10-20,18.7,22.2,15.6
2020-10-21,18.3,22.2,16.3
2020-10-22,17.5,20.5,15.4
2020-10-23,15.2,16.7,14.3
2020-10-24,15.4,17.6,14
2020-10-25,16.3,19.9,13.2
2020-10-26,15.6,20.8,12.1
2020-10-27,16.5,20.3,12.5
2020-10-28,17.4,20,15.5
2020-10-29,15.8,18.7,12.8
2020-10-30,16.1,18.5,13.7
2020-10-31,16.5,19.6,14.3
2020-11-01,18.1,22.3,13.7
2020-11-02,15.7,18.5,12.8
2020-11-03,13.1,16,11.8
2020-11-04,12,15.1,9.2
2020-11-05,14,17.9,8.2
2020-11-06,17.8,21.7,13.8
2020-11-07,17.6,21,14.5
2020-11-08,14.6,19.2,11.5
2020-11-09,12,14.5,10.1
2020-11-10,13,17.2,9.2
2020-11-11,12.4,15.9,8.6
2020-11-12,14.4,17.9,11.6
2020-11-13,14.4,18.7,10.6
2020-11-14,15.8,19.4,12
2020-11-15,16.6,19.7,13.3
2020-11-16,16.8,19.4,14.5
2020-11-17,21,26.7,16.3
2020-11-18,22.4,25.9,18.5
2020-11-19,20.4,25.8,15.6
2020-11-20,12.9,15.6,10.9
2020-11-21,13.7,16.4,8.7
2020-11-22,13.2,15.6,11.3
2020-11-23,10,11.2,9.2
2020-11-24,10.5,12.9,8.7
2020-11-25,12.1,14.7,9.6
2020-11-26,11.8,14.1,9.4
2020-11-27,11,12.9,9.1
2020-11-28,8.6,9.4,7.9
2020-11-29,9.2,12,7.6
2020-11-30,8.7,10.1,7.8
2020-12-01,7.8,10.3,6.1
2020-12-02,9.3,12.4,6
2020-12-03,8.2,10.5,5.8
2020-12-04,7.8,9.4,6.8
2020-12-05,8.8,12.3,6
2020-12-06,8.3,11.7,5.3
2020-12-07,10.1,13.1,6.3
2020-12-08,8.2,10.3,6.8
2020-12-09,7.7,10.6,4.2
2020-12-10,10.3,12.4,7.6
2020-12-11,11.1,12.5,8.9
2020-12-12,9.7,11.5,6.5
2020-12-13,8.7,14.6,5.7
2020-12-14,3.2,5.9,1.7
2020-12-15,3,4.3,2
2020-12-16,3.9,5.3,3
2020-12-17,5.7,7.2,3.8
2020-12-18,7.7,10.8,6.1
2020-12-19,4.4,6.3,2.8
2020-12-20,6.8,7.9,3.6
2020-12-21,7.9,10.2,6.4
2020-12-22,8.9,13.1,6
2020-12-23,10.1,15,4.5
2020-12-24,10.5,13.5,8
2020-12-25,6.8,10,4.8
2020-12-26,7.4,10.6,3.8
2020-12-27,10.1,11.5,8.1
2020-12-28,11.4,14.5,8.3
2020-12-29,9.6,14.6,3
2020-12-30,0.9,4.3,-1.4
2020-12-31,2.9,4.6,-0.3
2021-01-01,5.5,7.2,4
2021-01-02,5.9,8.4,2.8
2021-01-03,4.5,6.3,2.7
2021-01-04,5.9,9.2,2.2
2021-01-05,5.6,9,2.6
2021-01-06,4,5.6,1.7
2021-01-07,-1.1,4.4,-3.1
2021-01-08,-1.1,1,-2.7
2021-01-09,1.2,3.1,-2.1
2021-01-10,3.6,5.1,0.8
2021-01-11,3.4,5.1,1.5
2021-01-12,4.7,6.4,2.6
2021-01-13,10,13.6,5.2
2021-01-14,10.8,15.4,7.9
2021-01-15,12.1,18.2,7.7
2021-01-16,5.1,8.6,2.8
2021-01-17,3.1,4.4,1.2
2021-01-18,6.6,9.9,3.1
2021-01-19,4,6.3,2
2021-01-20,9.2,15.9,3.8
2021-01-21,12.6,17.9,7.3
2021-01-22,12.7,14.5,11.5
2021-01-23,12.5,13.5,11.1
2021-01-24,11.8,13.6,10.4
2021-01-25,12.6,15.3,11.3
2021-01-26,10.4,12.8,8.8
2021-01-27,7.6,10,5.8
2021-01-28,6.2,10.6,0.4
2021-01-29,2.5,5.3,0.3
2021-01-30,7.8,11.7,2.2
2021-01-31,10.7,14.9,5.6
2021-02-01,11.6,15.8,9.8
2021-02-02,4.2,10,2.9
2021-02-03,5.8,8.6,3.6
2021-02-04,6.4,9.5,3.6
2021-02-05,7.1,9.9,2.2
2021-02-06,10.6,14.6,7.5
2021-02-07,11,15.1,7.5
2021-02-08,4.1,7.5,2.3
2021-02-09,4.8,7.8,2.9
2021-02-10,7,10.9,3.1
2021-02-11,9.7,13,6
2021-02-12,12.2,14.1,10.2
2021-02-13,13,16.3,10.1
2021-02-14,13.3,16,10.8
2021-02-15,7.5,12.4,3.5
2021-02-16,5.7,9.1,3.3
2021-02-17,1.3,3.8,-1.2
2021-02-18,2.5,3.8,-1
2021-02-19,8.5,13.4,2.8
2021-02-20,15.6,17.7,11.7
2021-02-21,18.9,23.7,16.4
2021-02-22,15.3,23.4,8.7
2021-02-23,7.5,10.6,5
2021-02-24,9.9,13.2,5.2
2021-02-25,11.6,15.2,9.8
2021-02-26,11.2,13,9.8
2021-02-27,11.4,12.6,10.8
2021-02-28,14.4,17.1,11.3
2021-03-01,15.5,21.9,7.8
2021-03-02,7.5,9.8,6.2
2021-03-03,9.2,12.8,4.8
2021-03-04,10.9,12,9.2
2021-03-05,11.9,14.2,10.7
2021-03-06,11.3,14.2,9.2
2021-03-07,10.1,11.1,9.1
2021-03-08,10.4,12.7,8.7
2021-03-09,10.6,13.5,7.9
2021-03-10,11.5,16.5,7
2021-03-11,14.1,19,10.9
2021-03-12,11.3,13.4,10.3
2021-03-13,11.7,14.7,9.4
2021-03-14,11.4,15.2,8.5
2021-03-15,13.9,19.2,7.9
2021-03-16,12.6,19.1,7.9
2021-03-17,11.3,15.7,6.3
2021-03-18,13.7,17.1,10.8
2021-03-19,14.2,16.2,12.9
2021-03-20,12.8,15.7,9.6
2021-03-21,9.2,12.5,7.3
2021-03-22,9.8,12.8,6.4
2021-03-23,12.3,16.5,9
2021-03-24,13.3,17.3,8.8
2021-03-25,14.1,17.7,11.6
2021-03-26,14.6,21.2,9.7
2021-03-27,17.5,21.5,12.2
2021-03-28,14.5,17.5,12.7
2021-03-29,15.2,17.8,12
2021-03-30,14.3,19.1,11.4
2021-03-31,16.2,20.6,12.1
2021-04-01,15.2,17.5,13.8
2021-04-02,17.2,19.9,13.8
2021-04-03,18,22.8,13
2021-04-04,11.4,13.2,10.8
2021-04-05,12.6,14.6,10.6
2021-04-06,13.9,17.4,11.3
2021-04-07,14.8,18.3,11.2
2021-04-08,14.4,18.6,11.2
2021-04-09,13.8,17.5,9.7
2021-04-10,14,17.5,11.4
2021-04-11,16.6,21.5,12.2
2021-04-12,16.5,19.9,14.3
2021-04-13,11.8,14.4,8.5
2021-04-14,11,14.9,8.2
2021-04-15,13.1,17.9,8.6
2021-04-16,15.1,19.7,11.1
2021-04-17,13.7,16.3,11.3
2021-04-18,13,16.5,11.1
2021-04-19,14.5,19.1,9.9
2021-04-20,14.8,18.5,10.3
2021-04-21,17.5,22.8,12.3
2021-04-22,21,25.9,16.8
2021-04-23,19.3,25,16.5
2021-04-24,17.5,21.9,15.9
2021-04-25,16.9,20.7,14.7
2021-04-26,16.5,20.9,13.5
2021-04-27,17.1,21.5,14
2021-04-28,17,19.5,14.9
2021-04-29,18.8,23.3,14.7
2021-04-30,16.3,19.9,11.3
2021-05-01,13.3,16.3,11.5
2021-05-02,13.8,16.7,10.9
2021-05-03,15,18.9,9.4
2021-05-04,19,23.1,15.1
2021-05-05,17.1,22.6,12.9
2021-05-06,18.4,23.4,13.1
2021-05-07,19.5,26.6,14.4
2021-05-08,18.3,25.3,12.7
2021-05-09,18.9,23.9,14.9
2021-05-10,20.3,23.4,17.3
2021-05-11,18.6,20.6,17.4
2021-05-12,18.3,21,16.1
2021-05-13,19.6,22.2,17.7
2021-05-14,21.5,26.5,17.9
2021-05-15,23.7,30.9,19.6
2021-05-16,23.5,28.5,17.4
2021-05-17,16.7,18.8,15.7
2021-05-18,18.6,22.9,15.3
2021-05-19,19.7,21.8,17.2
2021-05-20,18.3,23.4,15.9
2021-05-21,18.2,21.9,16.1
2021-05-22,19,22,17.2
2021-05-23,19.8,23.3,17.3
2021-05-24,19.4,23.2,16.1
2021-05-25,20.2,25,16.1
2021-05-26,18.8,25.4,15.3
2021-05-27,19.1,24,15.5
2021-05-28,20.7,29.2,16.4
2021-05-29,19.7,23.8,16.5
2021-05-30,21.4,27.7,16.6
2021-05-31,22,27.5,19.2
2021-06-01,22.9,27.4,19
2021-06-02,24.5,29.1,21.4
2021-06-03,23.7,30.9,19.2
2021-06-04,20.6,23.4,18.4
2021-06-05,24.1,29.3,19.7
2021-06-06,22.1,26.3,19.4
2021-06-07,21.8,24.7,19.4
2021-06-08,24.2,30.5,20.2
2021-06-09,26.3,31.5,22.5
2021-06-10,25.7,28.2,22.2
2021-06-11,21.6,25.7,18.9
2021-06-12,22.7,26.4,20.7
2021-06-13,20.2,23.1,18.5
2021-06-14,21.4,24.3,19.3
2021-06-15,23.1,25.3,21.1
2021-06-16,21.1,22,20.1
2021-06-17,21.4,22.6,20.8
2021-06-18,22.1,24.4,21
2021-06-19,23.1,27.2,20.7
2021-06-20,23.6,26.9,19.5
2021-06-21,24.7,28.5,21.4
2021-06-22,24,28.1,21.6
2021-06-23,24,26.3,21.8
2021-06-24,24.7,28.5,21.7
2021-06-25,25.2,29.2,22.1
2021-06-26,25.7,30.8,22.1
2021-06-27,24.7,28,23.7
2021-06-28,24.3,27.1,22.7
2021-06-29,24.6,27.1,22.3
2021-06-30,24.9,28.5,22.3
2021-07-01,24.6,27.1,22.9
2021-07-02,24.8,26.9,23.2
2021-07-03,27.4,31.9,23.8
2021-07-04,24.4,28.4,22.7
2021-07-05,27.6,31.2,23.4
2021-07-06,29.5,32,28.1
2021-07-07,28.8,32.1,25.9
2021-07-08,27.8,32,26.4
2021-07-09,27.3,30.5,24.8
2021-07-10,28,32.6,25.5
2021-07-11,28.4,33,25.3
2021-07-12,29,32.4,26.1
2021-07-13,29,32.4,26.5
2021-07-14,29,30.9,27.2
2021-07-15,29,32.3,26.5
2021-07-16,28.5,31.9,26.4
2021-07-17,26.9,30.7,25
2021-07-18,27,31.1,23.7
2021-07-19,29,33.2,25.4
2021-07-20,27.7,29.8,26.5
2021-07-21,27.8,29.8,26
2021-07-22,27.6,30.5,26.3
2021-07-23,27.1,29.2,26.3
2021-07-24,27.9,31.8,26
2021-07-25,27.2,28.3,26
2021-07-26,27.9,30.5,26.4
2021-07-27,29.1,33.6,26.3
2021-07-28,29.4,34.2,26.1
2021-07-29,28.5,33.6,25.3
2021-07-30,28,30.6,25.4
2021-07-31,27,31.1,24.1
2021-08-01,28.4,31.8,26.1
2021-08-02,27.7,31,25.8
2021-08-03,29.1,33,25.8
2021-08-04,29.9,33.8,26.2
2021-08-05,29.8,33.7,27.4
2021-08-06,28.9,31.9,26.3
2021-08-07,28.9,31.4,26.9
2021-08-08,27.9,29.5,26.6
2021-08-09,28.3,31.2,26.3
2021-08-10,27.9,30.7,26.3
2021-08-11,25.5,27.3,23.3
2021-08-12,25.7,29.6,23.9
2021-08-13,24.4,26.3,23.1
2021-08-14,23.1,24.5,22.2
2021-08-15,24.9,26.8,22.8
2021-08-16,24.5,26.9,23.6
2021-08-17,25.5,28.3,23.3
2021-08-18,26.1,28.6,23.1
2021-08-19,25.6,28.6,23.3
2021-08-20,27.9,32,23.3
2021-08-21,27,29.4,24.7
2021-08-22,26,27.6,24.9
2021-08-23,27,31.6,25.1
2021-08-24,28.4,31.1,26.5
2021-08-25,27.8,31.2,24.1
2021-08-26,27.5,29.4,25.7
2021-08-27,29.5,33.2,25.9
2021-08-28,29.2,33,26.5
2021-08-29,29.3,33.6,25.1
2021-08-30,28.1,30.9,26.6
2021-08-31,27.9,30.5,24.8
2021-09-01,28.4,33.3,25.6
2021-09-02,25,27.5,23
2021-09-03,24.2,25.6,23.3
2021-09-04,25.3,28.7,23.1
2021-09-05,24.5,26.5,23.5
2021-09-06,25.5,28.2,23.5
2021-09-07,26.2,30.8,24.4
2021-09-08,25.2,28.7,21.9
2021-09-09,25.4,29.4,20.9
2021-09-10,24,27.4,21.7
2021-09-11,25.5,28.6,22.6
2021-09-12,25.8,27.6,23.7
2021-09-13,24.5,26.2,22.9
2021-09-14,23.9,25.3,23.1
2021-09-15,23.4,24.4,22.2
2021-09-16,22.9,23.5,21.8
2021-09-17,23.3,25.6,22.2
2021-09-18,24.7,29,22.7
2021-09-19,24.5,27.3,21.8
2021-09-20,26.5,31.9,22.4
2021-09-21,25.2,29.1,21.8
2021-09-22,27.3,32.2,21.4
2021-09-23,24.9,29.2,20.8
2021-09-24,23.4,28.1,19
2021-09-25,24.2,27.2,22
2021-09-26,24.4,28.4,22.6
2021-09-27,24,27.4,22
2021-09-28,25.3,28.1,23.2
2021-09-29,26.2,30.2,23.2
2021-09-30,23,25.4,21.8
2021-10-01,22.9,27.1,19.3
2021-10-02,23.5,28,19.6
2021-10-03,24.7,31.1,19.2
2021-10-04,25.5,30.1,21.6
2021-10-05,25.7,31,21.4
2021-10-06,25.1,27.7,22.5
2021-10-07,24.6,28.4,21.2
2021-10-08,24.5,27.8,21.8
2021-10-09,24.3,25.5,23.4
2021-10-10,26.1,31.8,22.2
2021-10-11,22,24.1,20.9
2021-10-12,22.2,22.9,21.3
2021-10-13,22.5,23.8,21.6
2021-10-14,24,28,22.3
2021-10-15,23.5,27.1,20.7
2021-10-16,17,21.1,14.4
2021-10-17,13.3,16.1,11
2021-10-18,14,18.4,9
2021-10-19,16.2,20.8,12.3
2021-10-20,14.4,16.3,13.7
2021-10-21,15.6,18.9,13.6
2021-10-22,16.5,19.6,14.8
2021-10-23,16.2,20,12.1
2021-10-24,17.4,20.5,13.6
2021-10-25,16.8,20.8,13.5
2021-10-26,16.3,21.1,12.2
2021-10-27,17.6,22.1,13.8
2021-10-28,16.7,20.9,13.3
2021-10-29,18.4,21.8,15.9
2021-10-30,17.3,21.5,14.8
2021-10-31,17.3,22.1,13.6
2021-11-01,17.6,21.5,14.4
2021-11-02,16.4,19.8,14.9
2021-11-03,16.1,19.5,14.1
2021-11-04,16.5,21.5,13
2021-11-05,17.5,20.9,13
2021-11-06,19.2,22.7,17.5
2021-11-07,19.1,23.2,16.3
2021-11-08,13.6,19.4,11.6
2021-11-09,12.3,14.6,9.1
2021-11-10,11.7,13.7,9.1
2021-11-11,13.2,17.2,10.8
2021-11-12,12.6,15.4,9.5
2021-11-13,14.1,17.1,12
2021-11-14,15.5,19.6,12.8
2021-11-15,14.2,19.4,11.2
2021-11-16,13.3,18.6,10.7
2021-11-17,13,18.3,8.7
2021-11-18,13.6,18.6,9.7
2021-11-19,13.4,19.5,9.1
2021-11-20,13.9,19,10.2
2021-11-21,15.8,18.7,12.2
2021-11-22,10.8,16.3,7.5
2021-11-23,10.2,11.2,8
2021-11-24,11.9,14.7,10.3
2021-11-25,13.6,17.9,10.3
2021-11-26,11.5,15.8,8.9
2021-11-27,10.6,14.4,8.3
2021-11-28,13.1,18.7,8.6
2021-11-29,13.9,19.9,9
2021-11-30,12.5,16.1,7
2021-12-01,8,9.4,7
2021-12-02,9.1,12.4,7
2021-12-03,11.2,14.5,8.6
2021-12-04,11.3,14.4,8.7
2021-12-05,9.7,14.3,7.1
2021-12-06,10.5,16.8,7.2
2021-12-07,11.5,15.3,7.8
2021-12-08,11.3,16,8
2021-12-09,12.6,15.4,9.9
2021-12-10,13.6,16.3,11.6
2021-12-11,12.3,13.3,11.2
2021-12-12,10.6,13.6,6.4
2021-12-13,6.6,7.4,6
2021-12-14,8.5,12.7,5.8
2021-12-15,11.3,16.2,7.4
2021-12-16,10.9,12.1,9.6
2021-12-17,5.9,11.8,2.6
2021-12-18,4,7.8,2
2021-12-19,8,10.5,5.4
2021-12-20,11.3,15,5.6
2021-12-21,12.4,17.4,8.4
2021-12-22,10,16.7,5.8
2021-12-23,9.9,16.2,5.9
2021-12-24,9.3,14.1,5.5
2021-12-25,2.5,5.5,1.3
2021-12-26,1,3,-0.5
2021-12-27,4.1,6.5,0.8
2021-12-28,7.2,8.4,5.9
2021-12-29,9.3,11.5,6.6
2021-12-30,6.9,8.4,5.8
2021-12-31,4.9,6.4,3.5
2022-01-01,4.9,8.9,0.9
2022-01-02,7.2,11.4,4.2
2022-01-03,6,10.7,2.5
2022-01-04,6.8,9.3,4.8
2022-01-05,5.8,6.8,3.3
2022-01-06,7.3,10.1,5.3
2022-01-07,5.6,10.4,2.2
2022-01-08,6.6,8.3,3.5
2022-01-09,7.7,9.6,5.2
2022-01-10,7.6,10.3,5.5
2022-01-11,3.6,7.7,1.3
2022-01-12,3.8,5.5,1.6
2022-01-13,4,6.2,3.1
2022-01-14,4.3,7.6,3
2022-01-15,7.4,11.5,3.8
2022-01-16,7,9.5,3.9
2022-01-17,5.5,7.2,3.8
2022-01-18,3.8,7,1.4
2022-01-19,5.3,10.4,0.7
2022-01-20,2.9,5.9,0.8
2022-01-21,6,10.7,0.3
2022-01-22,10.6,14.4,7.2
2022-01-23,10.5,12.2,9.4
2022-01-24,10.3,12.4,9
2022-01-25,8.8,9.5,7.5
2022-01-26,7.5,9.6,6.5
2022-01-27,5.9,7.5,4.7
2022-01-28,5.2,7.9,4.2
2022-01-29,4.6,6.6,4
2022-01-30,4.8,7.9,3.5
2022-01-31,5.9,9.1,3.4
2022-02-01,6.3,8.4,4.3
2022-02-02,5,7.5,3.7
2022-02-03,5,8.3,3.2
2022-02-04,4.4,7.3,1.9
2022-02-05,3.6,4.6,1.9
2022-02-06,4.5,7.2,2.3
2022-02-07,4.4,6.6,3
2022-02-08,5.4,8.9,2.6
2022-02-09,5.9,9.9,1.6
2022-02-10,6.9,9.8,4.9
2022-02-11,7.5,11.4,2.8
2022-02-12,10,12.6,7.6
2022-02-13,10.1,11.9,8.1
2022-02-14,9.3,13.7,7.3
2022-02-15,3.9,7.5,1.9
2022-02-16,2.3,4.3,0.8
2022-02-17,1.1,2.6,0.2
2022-02-18,6,11.1,0.2
2022-02-19,5.2,6.9,2.9
2022-02-20,1.8,3.4,0
2022-02-21,5,8,2.2
2022-02-22,4.4,7.1,3.1
2022-02-23,1.9,4.1,0.6
2022-02-24,3.4,6.7,0.5
2022-02-25,6.6,11.7,2.9
2022-02-26,9.8,16.2,3.6
2022-02-27,7.4,11.6,4.2
2022-02-28,8.7,13.2,3.1
2022-03-01,10.1,13.6,6.4
2022-03-02,6.4,8.9,4.8
2022-03-03,10,14.7,5
2022-03-04,12.6,16.6,7
2022-03-05,8.9,14.8,5.6
2022-03-06,6.4,10,4.5
2022-03-07,7.5,11.5,4.6
2022-03-08,9.5,14.1,5
2022-03-09,11,15.1,7.5
2022-03-10,12.5,17.7,6.5
2022-03-11,16.5,21.4,12.3
2022-03-12,17,22.3,12.9
2022-03-13,17.7,20.3,13.9
2022-03-14,13.8,17.1,9.6
2022-03-15,10.4,14.5,6.3
2022-03-16,13.7,18.4,9
2022-03-17,13.4,17.2,11.3
2022-03-18,10.3,11.8,8.9
2022-03-19,7.7,9.4,6.3
2022-03-20,7.9,10.2,6.6
2022-03-21,9.3,12.2,6.4
2022-03-22,9.4,12.5,7.1
2022-03-23,9,12.8,6.6
2022-03-24,11.2,15.4,5.3
2022-03-25,16.4,21.1,9.3
2022-03-26,12.1,21.4,9
2022-03-27,12.7,18.5,8.5
2022-03-28,10.8,14.5,7.3
2022-03-29,13.1,16.9,8.7
2022-03-30,15.4,19.8,11.5
2022-03-31,11.5,14.4,9.5
2022-04-01,11.9,14.6,9.3
2022-04-02,10.8,14.7,7.9
2022-04-03,10.4,14.8,5.6
2022-04-04,11.9,16.7,6.8
2022-04-05,13,17.8,7.9
2022-04-06,13.7,17.7,9.8
2022-04-07,13.1,19.4,10.1
2022-04-08,15.1,19.9,9.7
2022-04-09,17.2,21.7,12.5
2022-04-10,17.4,21.1,12.4
2022-04-11,19.8,25.3,16.5
2022-04-12,18.8,23.3,15.5
2022-04-13,17.9,22.9,14.5
2022-04-14,14.1,14.6,12.8
2022-04-15,14,17.6,11.6
2022-04-16,13.6,17.3,10.6
2022-04-17,14.3,18.9,9.6
2022-04-18,15.1,18.2,12.1
2022-04-19,15.6,19.5,12.3
2022-04-20,15.7,19.9,11.3
2022-04-21,14.7,18.1,12.8
2022-04-22,17.2,22.9,11.8
2022-04-23,18,21.5,16.2
2022-04-24,17.7,21.5,15.4
2022-04-25,21.2,26.7,14.6
2022-04-26,19.3,24.3,14.5
2022-04-27,17.1,22.3,14
2022-04-28,17.5,20.3,14.5
2022-04-29,13.6,17.6,11.7
2022-04-30,15.1,17.8,13.3
2022-05-01,14.8,18.3,12.2
2022-05-02,16.7,20.3,13.2
2022-05-03,14.8,18.8,9.5
2022-05-04,16.6,20.7,11.3
2022-05-05,20.7,27.5,13.2
2022-05-06,20.5,24.6,16.5
2022-05-07,19.3,23.6,15.9
2022-05-08,18.5,22.4,14.7
2022-05-09,17.6,19.8,15.7
2022-05-10,17.8,19.9,15.3
2022-05-11,18.7,20.8,17.6
2022-05-12,19.1,22.2,17.3
2022-05-13,16.9,18.8,14.8
2022-05-14,16.6,21.3,13.2
2022-05-15,16.3,19.7,14.4
2022-05-16,18,22,13.4
2022-05-17,21,26.5,14.7
2022-05-18,21.6,25.8,16.7
2022-05-19,20.6,23.7,17.7
2022-05-20,20.9,23.3,18.3
2022-05-21,20.4,24.9,16.3
2022-05-22,21.4,26.2,15.1
2022-05-23,22.4,26.6,19.8
2022-05-24,21.5,25.1,18
2022-05-25,21.2,24.7,18.2
2022-05-26,19.5,22.7,17.3
2022-05-27,23.2,29,16.5
2022-05-28,21.9,24.8,19.3
2022-05-29,21.1,24,18
2022-05-30,20.3,23.3,18.8
2022-05-31,20.9,24.7,17.6
2022-06-01,21,24.9,18.2
2022-06-02,21.7,25.5,17.8
2022-06-03,21.2,23.5,18.6
2022-06-04,23.5,26.6,19.8
2022-06-05,19.1,23,17.3
2022-06-06,20.3,24.1,17.9
2022-06-07,20.7,25.6,17.9
2022-06-08,21.4,25.3,18.9
2022-06-09,21.4,25.5,18.6
2022-06-10,23,27.4,18.2
2022-06-11,21.6,24.1,20
2022-06-12,22,25.9,19.5
2022-06-13,20.6,22.2,19.4
2022-06-14,19,19.6,18.7
2022-06-15,23,29,17.9
2022-06-16,22.3,25.7,19.4
2022-06-17,22.5,26,20.2
2022-06-18,23.9,26.9,21.7
2022-06-19,25.1,30.5,21.5
2022-06-20,23.7,27.4,21.3
2022-06-21,24,27.3,21.5
2022-06-22,23.7,26.8,20.7
2022-06-23,28.7,33.4,23
2022-06-24,26.1,29.5,23.8
2022-06-25,27.4,32.3,23.8
2022-06-26,30,34.4,25.3
2022-06-27,30.5,33.1,27.8
2022-06-28,30.5,33.3,28.9
2022-06-29,30.2,33.9,27.8
2022-06-30,28.7,32.1,26.4
2022-07-01,28.3,32.4,25.5
2022-07-02,27.6,30.7,24.5
2022-07-03,28.6,33.1,25.6
2022-07-04,28,31.2,26.1
2022-07-05,28.2,30.9,25.6
2022-07-06,30.3,33.9,26.9
2022-07-07,31.8,35.9,28.6
2022-07-08,29.5,32.8,27.5
2022-07-09,28.7,32.1,26.2
2022-07-10,28.6,32.5,25.6
2022-07-11,27.9,31.6,24.9
2022-07-12,29.3,32.6,26.6
2022-07-13,29.4,33.1,27
2022-07-14,28.8,33.2,26.6
2022-07-15,26.8,29.5,25.2
2022-07-16,27.2,31.1,23.2
2022-07-17,28,31.3,26.3
2022-07-18,29.1,32.6,26.8
2022-07-19,27.8,30.8,25.2
2022-07-20,27.4,30.1,24.6
2022-07-21,27.7,31.7,25
2022-07-22,27.2,30.5,24.6
2022-07-23,28.3,31.1,25.5
2022-07-24,27.4,29.8,25
2022-07-25,26.9,30,24.1
2022-07-26,27.6,32.7,23.3
2022-07-27,28.9,33.4,25.3
2022-07-28,30.3,36,26.5
2022-07-29,28.9,32.1,26.8
2022-07-30,27.2,28.1,26.3
2022-07-31,28,30.4,26.3
2022-08-01,29.3,30.8,27
2022-08-02,29.7,33.5,27.4
2022-08-03,29.8,32.9,27.5
2022-08-04,30.6,33.7,27.1
2022-08-05,31.3,35.7,27.8
2022-08-06,30.9,33.8,28
2022-08-07,31.4,34.6,28.8
2022-08-08,31.7,36.5,28.5
2022-08-09,31.1,36,27.2
2022-08-10,31.5,37.5,28.3
2022-08-11,31.6,35.8,28.3
2022-08-12,30.2,33.8,27
2022-08-13,31.1,34.5,27.7
2022-08-14,31.1,35.9,28.1
2022-08-15,32.2,36.7,28.2
2022-08-16,31,34.1,27.5
2022-08-17,26.8,28.4,25.2
2022-08-18,27.5,30.6,24.1
2022-08-19,30.9,35.4,26.7
2022-08-20,29.3,32.6,27.4
2022-08-21,27.9,30.8,26
2022-08-22,28.3,31.4,24.9
2022-08-23,29.8,33.4,25.8
2022-08-24,27.1,31,23.6
2022-08-25,26.8,30.7,22.8
2022-08-26,26.3,29.2,24.9
2022-08-27,26.1,30.4,22.7
2022-08-28,24.4,28.4,21.2
2022-08-29,25.9,28,22.7
2022-08-30,28.2,32.7,24.3
2022-08-31,25.9,29.1,24.4
2022-09-01,24.8,25.9,24
2022-09-02,23.2,25,21.9
2022-09-03,25.9,29.3,23.6
2022-09-04,26.4,30.2,24
2022-09-05,26.5,27.4,25.7
2022-09-06,23.4,26.6,21
2022-09-07,24.2,28.9,18.7
2022-09-08,24.3,27.6,20.5
2022-09-09,24.4,27.6,22.1
2022-09-10,23.9,27.4,22.2
2022-09-11,24.7,27.6,23
2022-09-12,24.5,24.9,23.9
2022-09-13,24.4,25,23.8
2022-09-14,24.8,25.2,24.4
2022-09-15,25.3,26.9,24.7
2022-09-16,28.7,32.8,25.4
2022-09-17,26.4,28.6,24.9
2022-09-18,27.1,30.5,25.2
2022-09-19,25.1,27.9,22
2022-09-20,22.9,25.3,21.4
2022-09-21,22,24.8,20.1
2022-09-22,22.2,25.2,20.1
2022-09-23,22.4,26.8,19.4
2022-09-24,21.4,24.4,19
2022-09-25,22.4,25.4,20.2
2022-09-26,22.7,26.4,20.6
2022-09-27,22.7,25.8,19.5
2022-09-28,23.2,26.1,21.1
2022-09-29,22.4,26.7,18.3
2022-09-30,21.7,26.2,17.2
2022-10-01,22.8,26.8,17.7
2022-10-02,24.9,30.6,18.9
2022-10-03,26.1,29.5,22.6
2022-10-04,21.3,27.8,18.2
2022-10-05,19.4,22.6,17.5
2022-10-06,18.7,21.6,16.7
2022-10-07,17.8,21.1,15.6
2022-10-08,18,20.6,15.5
2022-10-09,18.6,20.5,16.4
2022-10-10,16.2,18.3,14.4
2022-10-11,17.1,20.1,15.6
2022-10-12,18.2,20.6,12.9
2022-10-13,19.4,21.9,17.7
2022-10-14,19.5,22.1,17.7
2022-10-15,20.4,23,17.9
2022-10-16,20.4,23.1,18.3
2022-10-17,16.9,20.4,14
2022-10-18,14.7,17.8,13.1
2022-10-19,15.1,18.8,12.4
2022-10-20,15.9,20.2,11.5
2022-10-21,18.5,22.3,13.4
2022-10-22,20,24.3,17.5
2022-10-23,17.5,20.6,15.2
2022-10-24,15.4,17.8,13.1
2022-10-25,14.8,18.4,11.9
2022-10-26,17.6,20.6,13.8
2022-10-27,16.9,21.1,13.4
2022-10-28,16.5,20.8,12.5
2022-10-29,18,20.7,14.6
2022-10-30,17.6,20,15.7
2022-10-31,17.2,19.7,15.8
2022-11-01,17.5,21.5,14.5
2022-11-02,16.2,19.9,12.7
2022-11-03,15.9,20.5,11.3
2022-11-04,12.4,14.9,10.6
2022-11-05,12.7,16.2,10.8
2022-11-06,12.6,17,8.5
2022-11-07,13.7,18.3,9.5
2022-11-08,15,20.8,10.5
2022-11-09,16.5,21.4,12.1
2022-11-10,18.7,23.5,14.8
2022-11-11,20.4,24,18.1
2022-11-12,20.2,24,17.1
2022-11-13,14.9,21.2,12.9
2022-11-14,13.7,16.4,12.3
2022-11-15,13.1,16.7,10.2
2022-11-16,13.5,18.7,9.7
2022-11-17,14.2,18.2,11.4
2022-11-18,16,18.9,13.9
2022-11-19,17.1,19.9,14.9
2022-11-20,15.7,17,14.4
2022-11-21,16.2,20,13.9
2022-11-22,15.7,18.2,13.9
2022-11-23,14.2,16.2,10.9
2022-11-24,12.8,18.1,9.5
2022-11-25,15.1,21.6,9.2
2022-11-26,14.6,18.6,10.6
2022-11-27,14.3,19.8,8.8
2022-11-28,21.9,27.4,15.4
2022-11-29,14.1,21,8.7
2022-11-30,5.7,8.8,4.1
2022-12-01,5.5,7,4
2022-12-02,7.1,10.1,5.4
2022-12-03,10.4,12.3,5.9
2022-12-04,8.1,10.9,6.5
2022-12-05,5.8,7.8,4.6
2022-12-06,8.6,12.3,3.7
2022-12-07,10.2,14.1,6.4
2022-12-08,9,12.5,5.2
2022-12-09,11.2,14.6,8.1
2022-12-10,11.1,14.5,8.7
2022-12-11,9.1,10.7,5.7
2022-12-12,8.4,10.5,5.3
2022-12-13,9.6,12,7.4
2022-12-14,4.2,7.4,2.5
2022-12-15,7,11,2.4
2022-12-16,5.7,9.2,4.5
2022-12-17,3.4,5.7,0.3
2022-12-18,2.5,4,-0.3
2022-12-19,6.3,8.5,2.5
2022-12-20,8.3,12.1,4.1
2022-12-21,9.3,10.9,7.7
2022-12-22,3.4,7.7,0.4
2022-12-23,1.7,2.8,-0.4
2022-12-24,3.5,4.1,1.8
2022-12-25,5.7,7.8,3.9
2022-12-26,6.8,8.2,5
2022-12-27,6.5,8.1,5.6
2022-12-28,6.8,8.9,5.3
2022-12-29,6,7.7,4.9
2022-12-30,7,8.6,5.9
2022-12-31,7,9.8,5.4
2023-01-01,8.1,10.9,5.2
2023-01-02,5.2,7.8,3.7
2023-01-03,6.2,8.5,4.5
2023-01-04,6.2,9.9,4.1
2023-01-05,8,13.4,4.2
2023-01-06,9.2,12.3,5.6
2023-01-07,8.5,11.4,6.1
2023-01-08,8.6,14.6,3.8
2023-01-09,9.9,16.4,6.6
2023-01-10,8.8,15.3,3.6
2023-01-11,10.9,16.7,7.1
2023-01-12,13.1,17.7,7.4
2023-01-13,17.3,20.7,14.5
2023-01-14,10.9,14.5,8.9
2023-01-15,5.8,9,3.8
2023-01-16,3.4,4,2.9
2023-01-17,4.3,4.9,3
2023-01-18,6.1,7.9,4.7
2023-01-19,7.1,9.5,6.1
2023-01-20,6.2,9.8,2.3
2023-01-21,2.8,5.3,1.7
2023-01-22,7,9.5,2
2023-01-23,7.8,12,5.2
2023-01-24,-1.3,5.2,-3.4
2023-01-25,-0.7,1.8,-3.1
2023-01-26,5.8,9.6,0.4
2023-01-27,2.3,6.1,-0.1
2023-01-28,2.4,4.7,-0.7
2023-01-29,6.7,8.3,4.4
2023-01-30,6.2,9.5,2.5
2023-01-31,7.2,14.4,1.1
2023-02-01,8.8,13.5,4.3
2023-02-02,5,8.3,3.4
2023-02-03,4.8,6.6,3.6
2023-02-04,5.8,9,4
2023-02-05,5.9,10.5,1.8
2023-02-06,8.2,11.2,4.6
2023-02-07,10.1,14.7,6.7
2023-02-08,8.6,12.8,4.6
2023-02-09,9.6,13.5,6.8
2023-02-10,8.4,10.6,5.8
2023-02-11,9.2,13,4.8
2023-02-12,10.9,13.7,9.7
2023-02-13,9,10.5,7.2
2023-02-14,6.4,9.2,4.2
2023-02-15,5.4,6.9,3.5
2023-02-16,7,8.2,5.3
2023-02-17,9.6,12.8,4.5
2023-02-18,13.5,16.2,11.5
2023-02-19,8,13.6,4.2
2023-02-20,5.9,10.1,2.9
2023-02-21,3.5,6.6,1.1
2023-02-22,7.3,10.7,2.4
2023-02-23,7.3,8.7,6.5
2023-02-24,8.5,12.3,6.4
2023-02-25,4.8,7.2,3.4
2023-02-26,5.9,10.1,3.4
2023-02-27,7.8,13.7,2.2
2023-02-28,11.4,16.4,5.5
2023-03-01,10.9,13.7,7.5
2023-03-02,6.7,9,4.7
2023-03-03,7.6,11.7,2.4
2023-03-04,9.7,14.7,5.8
2023-03-05,11,16,6.2
2023-03-06,12.3,17.3,7.2
2023-03-07,14.6,22.4,8.8
2023-03-08,14.8,20.5,9.7
2023-03-09,14.5,20.8,10.1
2023-03-10,13.2,17.5,8
2023-03-11,14.1,20.6,10
2023-03-12,11.1,21.6,5.6
2023-03-13,6.7,10.4,4.1
2023-03-14,10.7,15.9,3.9
2023-03-15,15,20.6,8.7
2023-03-16,11,14.6,7.9
2023-03-17,11.5,14.7,9.6
2023-03-18,11.3,14.7,8.6
2023-03-19,10.2,13.8,7.5
2023-03-20,12.5,15.6,7.3
2023-03-21,15.1,16.8,13.3
2023-03-22,17.8,21.7,15.4
2023-03-23,13.9,16.4,11.7
2023-03-24,11.5,12.6,10.8
2023-03-25,12.9,14,12
2023-03-26,11.9,14.9,9
2023-03-27,10.7,14.3,8
2023-03-28,12.3,16.6,7.1
2023-03-29,13.4,16.2,10.3
2023-03-30,14.6,17.9,9.6
2023-03-31,16.5,20.4,13.7
2023-04-01,16.4,19.9,12.9
2023-04-02,16.4,19.2,13.3
2023-04-03,16.1,20.2,13.2
2023-04-04,18.3,20.4,15
2023-04-05,16.2,21.5,12.4
2023-04-06,11.8,13.9,9.5
2023-04-07,11.3,15,9.1
2023-04-08,11.5,15.4,7.7
2023-04-09,13.2,18.2,8.4
2023-04-10,14.1,17.9,9.1
2023-04-11,18.9,25.2,12.2
2023-04-12,14.5,19.4,10.6
2023-04-13,15.3,19.9,9.4
2023-04-14,15.5,16.8,14.1
2023-04-15,14.7,18.6,12.9
2023-04-16,14,17.4,11
2023-04-17,15.9,22.4,9
2023-04-18,23.3,28.6,15.8
2023-04-19,19.1,22.7,17
2023-04-20,18.5,22.1,15.3
2023-04-21,16.6,22.7,14.4
2023-04-22,15.9,18.2,14.2
2023-04-23,15.3,17.5,13.6
2023-04-24,14,14.9,13
2023-04-25,12.5,14.1,11.7
2023-04-26,12.9,17.6,9.6
2023-04-27,12.9,17.1,7.4
2023-04-28,18.1,23.6,10.7
2023-04-29,16.1,21.1,11.8
2023-04-30,15.7,21.2,10
2023-05-01,17.4,21.2,14.9
2023-05-02,18.4,24.5,13.6
2023-05-03,17.4,20.7,15.2
2023-05-04,18.6,23.4,15.9
2023-05-05,23.4,26.2,21.8
2023-05-06,18.3,22.7,15.7
2023-05-07,14,15.8,12.5
2023-05-08,14.8,17.9,11.4
2023-05-09,16.7,21.1,11.9
2023-05-10,19,23,13.9
2023-05-11,18.2,21.4,15.3
2023-05-12,17.5,20.5,14.5
2023-05-13,15.7,18.4,14
2023-05-14,17.2,21.4,13.2
2023-05-15,18.7,26.1,14.4
2023-05-16,20.7,26.2,15.2
2023-05-17,21,25.5,15.5
2023-05-18,18.6,21.7,17.1
2023-05-19,19,23.9,16.7
2023-05-20,19.3,23.2,17
2023-05-21,17.7,21.2,15.9
2023-05-22,17.1,21.1,15
2023-05-23,18.7,23.3,14.1
2023-05-24,18.2,21.1,15.2
2023-05-25,21.4,26.3,17.5
2023-05-26,22.1,26.7,18
2023-05-27,23.4,26.4,20.7
2023-05-28,24.2,26.9,21.3
2023-05-29,24.3,29.9,21
2023-05-30,21,23.6,19.6
2023-05-31,20.5,24.4,18.4
2023-06-01,20.7,25,19.6
2023-06-02,,25.4,19.1
2023-06-03,21.3,24.6,17.7
2023-06-04,23.1,28,18.7
2023-06-05,20.1,22.5,17.2
2023-06-06,18.5,22.3,16.7
2023-06-07,,23.4,15.8
2023-06-08,21.2,26.2,19.1
2023-06-09,22.3,26.5,18.6
2023-06-10,23.8,30,19.8
2023-06-11,21.9,25.3,19.5
2023-06-12,22.2,25.2,20
2023-06-13,21.5,25,19.9
2023-06-14,22.7,26.5,19.9
2023-06-15,22.3,26.1,19.2
2023-06-16,22.3,26,18.7
2023-06-17,23,27.1,19.3
2023-06-18,23.4,26.4,21.9
2023-06-19,24.4,29.9,19.4
2023-06-20,24.8,27.4,22.3
2023-06-21,22.3,23.8,21.5
2023-06-22,23.3,27.3,20.7
2023-06-23,23.5,26,20.8
2023-06-24,25.3,29.8,22.3
2023-06-25,23,25.4,21.4
2023-06-26,28.5,31,21.9
2023-06-27,27.3,29.3,25.8
2023-06-28,28.6,31.2,27
2023-06-29,28.1,31.4,25.2
2023-06-30,25.8,28,24.2
2023-07-01,25.4,28.4,23.5
2023-07-02,26,28.7,24.2
2023-07-03,25.1,26.7,24
2023-07-04,27.1,31.9,23.9
2023-07-05,26.6,30.4,23.6
2023-07-06,24.9,27.5,21.8
2023-07-07,27.1,31.5,24
2023-07-08,,29.5,24.9
2023-07-09,29.5,33,25.4
2023-07-10,29.1,37.3,25.7
2023-07-11,30.2,33.6,25.5
2023-07-12,30.2,35.1,27
2023-07-13,29.7,32.5,26.3
2023-07-14,30.4,32.9,29.1
2023-07-15,30.8,33.5,28.4
2023-07-16,28.2,32.1,26.4
2023-07-17,27.8,31.4,26
2023-07-18,27.5,30.9,25.7
2023-07-19,25.4,27.8,24
2023-07-20,26,27.6,25
2023-07-21,27.6,30.5,24.8
2023-07-22,26.7,29.6,23.9
2023-07-23,29.3,31.8,27.3
2023-07-24,27.6,30.4,26.1
2023-07-25,27.4,29.5,25.7
2023-07-26,29.3,33,26.4
2023-07-27,30,34,26.4
2023-07-28,28.9,32.1,26.9
2023-07-29,30.5,34.9,28
2023-07-30,30,34.1,26.5
2023-07-31,29.7,32.7,27
2023-08-01,29,31.1,27.2
2023-08-02,30.2,33.8,27.6
2023-08-03,31,34.8,27.9
2023-08-04,30.7,34.2,28.4
2023-08-05,30.2,33.3,27.6
2023-08-06,30,32.8,28
2023-08-07,30.5,33.1,28.6
2023-08-08,29.7,32.5,27.9
2023-08-09,27.3,29,26.3
2023-08-10,27.8,31,25.9
2023-08-11,29.6,34.1,26.6
2023-08-12,29.7,33.3,27.2
2023-08-13,29.2,32.6,26.3
2023-08-14,28.9,32.3,26.4
2023-08-15,29.4,32,27
2023-08-16,29.6,33,27.8
2023-08-17,28.3,31.5,26.1
2023-08-18,28.3,31.2,26.1
2023-08-19,29,32.1,27
2023-08-20,29.6,33.1,26.7
2023-08-21,30.2,33.4,27
2023-08-22,29.5,33.2,26.5
2023-08-23,26.8,28.8,25.2
2023-08-24,27,29.9,25.5
2023-08-25,28,31.8,24.6
2023-08-26,27.2,30.2,23.7
2023-08-27,28.5,32.6,24.4
2023-08-28,29.6,33.7,26.4
2023-08-29,28,32.7,25.9
2023-08-30,23.9,26,22.1
2023-08-31,24.6,27.8,21.6
2023-09-01,25,26.9,23
2023-09-02,27.4,31,24.6
2023-09-03,28.2,33.3,24.8
2023-09-04,26.7,28.7,24.8
2023-09-05,26.9,28.9,25.1
2023-09-06,26.9,29.9,24.2
2023-09-07,25.8,28.4,23.8
2023-09-08,25.1,28,22.8
2023-09-09,24.9,28.2,21.6
2023-09-10,24.9,28.2,21.5
2023-09-11,25.7,29.3,21.9
2023-09-12,25.8,29.5,22.8
2023-09-13,27.1,32.4,23.5
2023-09-14,24.3,26,23.3
2023-09-15,27.4,30.5,23.3
2023-09-16,25.6,27.3,23.6
2023-09-17,24.3,26.9,22.2
2023-09-18,25.7,29.2,22.6
2023-09-19,25.9,29.4,22.6
2023-09-20,27.5,31.7,24
2023-09-21,24,26.2,22.8
2023-09-22,23.9,25.5,22.6
2023-09-23,24.4,26.7,22.8
2023-09-24,24.2,26.2,23
2023-09-25,25.1,27.5,22.9
2023-09-26,26,29.3,23
2023-09-27,25.8,28.6,23.5
2023-09-28,25.3,28.5,23.3
2023-09-29,24,27.6,21.1
2023-09-30,20.9,23.5,18.2
2023-10-01,22.6,26,19.9
2023-10-02,21.8,24.9,19
2023-10-03,21.7,23.4,20.4
2023-10-04,22.2,25.5,19.2
2023-10-05,20.1,22.8,17.4
2023-10-06,19.1,21.8,16.9
2023-10-07,18.9,21,17.7
2023-10-08,20.1,22.9,17.9
2023-10-09,20.9,23.6,18.6
2023-10-10,20.5,23.4,18.8
2023-10-11,20.5,23.3,17.9
2023-10-12,20.1,23.8,16.9
2023-10-13,20.3,23,18.2
2023-10-14,20.7,24.4,17.5
2023-10-15,20.1,23.4,17.6
2023-10-16,18.9,22.9,16.5
2023-10-17,18.3,22.7,15.1
2023-10-18,18.3,22.4,13.7
2023-10-19,21.4,26.1,16.4
2023-10-20,16.8,20.8,15.1
2023-10-21,17.4,20.2,15
2023-10-22,17.4,21.8,13.4
2023-10-23,17.2,21.9,13.7
2023-10-24,17.7,22.1,13.3
2023-10-25,19.8,25.1,16.1
2023-10-26,20.4,24.8,16.5
2023-10-27,18.3,21.1,14.8
2023-10-28,17.2,21.7,13.8
2023-10-29,17.9,22.5,14.2
2023-10-30,18.2,22.7,14.6
2023-10-31,17.7,23.5,13.4
2023-11-01,20,28.4,14.2
2023-11-02,19.8,24.4,15.5
2023-11-03,21.2,26.4,16.6
2023-11-04,22.3,25.4,19.1
2023-11-05,23.6,26,21.9
2023-11-06,19,25.8,15.7
2023-11-07,14.9,17.7,13.7
2023-11-08,15.6,21,10.4
2023-11-09,18.5,21.8,14
2023-11-10,12.9,17.7,10.3
2023-11-11,11,13.4,9.3
2023-11-12,10.2,11.4,8.6
2023-11-13,9.5,10.7,7.1
2023-11-14,11.6,12.8,9.8
2023-11-15,12.9,16.6,9.7
2023-11-16,12,17.2,9.3
2023-11-17,10,13.4,7.6
2023-11-18,8.8,10.7,5.8
2023-11-19,13.6,17,9.9
2023-11-20,12.3,15.7,8.8
2023-11-21,12.5,18.1,8
2023-11-22,14.7,20.2,9.6
2023-11-23,17.3,22.2,12.1
2023-11-24,8.6,12.1,6.2
2023-11-25,6.3,9.7,4.9
2023-11-26,8.9,13.8,4.6
2023-11-27,13.1,16.3,8.2
2023-11-28,10.7,13.4,7.3
2023-11-29,11.2,13.9,8
2023-11-30,6.6,9.1,5.5
2023-12-01,7.1,8.5,5.3
2023-12-02,9.1,10.8,7
2023-12-03,10.1,12.9,6.3
2023-12-04,8.5,13.1,4.5
2023-12-05,11.7,18.6,7.6
2023-12-06,13.6,21,8.9
2023-12-07,12,17.1,8.5
2023-12-08,13.9,22.2,8.2
2023-12-09,15.8,21.4,11.4
2023-12-10,17,23.1,13.3
2023-12-11,17,21.2,14.8
2023-12-12,11.3,14.8,10.6
2023-12-13,14,18.7,10.9
2023-12-14,16.5,17.6,14.3
2023-12-15,15.3,20.8,10.1
2023-12-16,5.8,10,2.4
2023-12-17,2.7,3.9,1.6
2023-12-18,3.7,5,2.3
2023-12-19,5.9,7.5,3
2023-12-20,4.7,7.6,2
2023-12-21,1.3,3.4,-0.4
2023-12-22,1.6,2.5,-0.6
2023-12-23,3.6,4.8,2.4
2023-12-24,5.4,7.1,3.3
2023-12-25,6.5,7.5,5.3
2023-12-26,8.3,10.8,5.2
2023-12-27,9.6,13.5,7.1
2023-12-28,9.7,13.9,7
2023-12-29,8.5,10.9,7.2
2023-12-30,11.2,16.5,5.5
2023-12-31,10.1,14.4,8.4
2024-01-01,8.5,11.3,6.4
2024-01-02,9.9,13.9,6.9
2024-01-03,8.4,9.9,7.2
2024-01-04,8.2,11.7,5.6
2024-01-05,10.5,15.5,4.1
2024-01-06,9.4,11.9,7.5
2024-01-07,6.1,8.1,4.5
2024-01-08,4.6,7.4,2.8
2024-01-09,8.8,11.7,3.2
2024-01-10,6.9,10.6,5.1
2024-01-11,7.4,10.3,4.9
2024-01-12,10.3,12.6,7.6
2024-01-13,6.6,11,3.8
2024-01-14,10.4,18.4,4.2
2024-01-15,6.1,8.7,4.5
2024-01-16,7.5,12,2.2
2024-01-17,14,18.7,8.1
2024-01-18,13.2,17.2,10.5
2024-01-19,10.9,11.8,10.4
2024-01-20,11.1,11.9,9
2024-01-21,8.2,10.1,5.9
2024-01-22,2,6.1,-0.1
2024-01-23,0.6,2,-1
2024-01-24,2.9,4.2,-0.1
2024-01-25,4,4.8,2.9
2024-01-26,5.8,6.7,4.2
2024-01-27,7.1,9.6,5.6
2024-01-28,6.1,7.9,4.2
2024-01-29,5.7,9.9,3.2
2024-01-30,7.7,10.6,3
2024-01-31,12.2,15.8,9.5
2024-02-01,9.7,11.9,8.4
2024-02-02,8.8,9.3,8.3
2024-02-03,9.7,10.3,9.1
2024-02-04,10.9,12.3,9.3
2024-02-05,9.9,13.2,8.1
2024-02-06,7.3,8.1,6.8
2024-02-07,5.7,7.4,4.4
2024-02-08,5.4,6.9,4.3
2024-02-09,6.4,8,5.6
2024-02-10,7.9,10.3,6.4
2024-02-11,8.7,11.8,6.1
2024-02-12,8.9,14.6,4.3
2024-02-13,12.8,19.7,6.2
2024-02-14,15.7,18.2,12.9
2024-02-15,9.4,15.9,5.2
2024-02-16,6.7,9.8,3.4
2024-02-17,9.7,16.8,4.1
2024-02-18,15.3,20.6,8.2
2024-02-19,15.1,20.7,10.4
2024-02-20,11,13.9,8.7
2024-02-21,12.4,14.4,11.8
2024-02-22,9,11.8,8
2024-02-23,7.6,8.1,7.2
2024-02-24,7.7,9.1,6.6
2024-02-25,7.9,8.9,6.5
2024-02-26,7.5,10.5,6
2024-02-27,9.4,12.8,6.3
2024-02-28,10.2,13,7.3
2024-02-29,8.2,10.9,7.4
2024-03-01,3.3,7.6,1.3
2024-03-02,4.7,8.6,1.3
2024-03-03,8.6,12.5,5.1
2024-03-04,10.2,14.9,6.1
2024-03-05,10.9,11.5,9.7
2024-03-06,10.4,12.1,8.5
2024-03-07,8,10.9,6
2024-03-08,7.9,11.1,6
2024-03-09,6.9,9.9,5.3
2024-03-10,7.7,12,2.9
2024-03-11,9.4,13.7,5.3
2024-03-12,9.7,13.6,6.9
2024-03-13,9.6,13.2,6.1
2024-03-14,10.6,14.7,6.7
2024-03-15,11.5,16.3,6.6
2024-03-16,13.4,17.9,8.4
2024-03-17,11.5,14.2,7.6
2024-03-18,11,14.6,5.7
2024-03-19,11.8,15.7,8.3
2024-03-20,8.2,10.8,6.6
2024-03-21,8.4,12.2,5.8
2024-03-22,15.2,21.3,6.5
2024-03-23,16.9,18.8,14.9
2024-03-24,14.4,15.9,12.8
2024-03-25,14.3,15.7,13
2024-03-26,10.6,14.2,9.3
2024-03-27,13.4,19.5,8
2024-03-28,13.2,15.2,11.7
2024-03-29,15.2,22.3,8.9
2024-03-30,17.4,26.7,11.8
2024-03-31,14.3,16.9,11.5
2024-04-01,15.2,19.9,10.3
2024-04-02,16.4,19.2,13.1
2024-04-03,16.1,18.4,14.2
2024-04-04,14.4,15.5,12.7
2024-04-05,14.7,17.1,12.6
2024-04-06,14,17.2,11.4
2024-04-07,15.5,19.3,10.3
2024-04-08,16.3,19.1,14.6
2024-04-09,15.4,20.3,12.2
2024-04-10,14.8,19.1,11.8
2024-04-11,16.2,21,13.4
2024-04-12,16.9,20,13.3
2024-04-13,18,22.1,15.2
2024-04-14,19.5,22.8,14.5
2024-04-15,18,23.6,14.2
2024-04-16,16,20.3,13.3
2024-04-17,14.7,17.2,11.6
2024-04-18,16.3,21.1,11.9
2024-04-19,17.7,21.8,13.4
2024-04-20,18,21.9,14.7
2024-04-21,15.5,16.1,14.4
2024-04-22,16.4,18.3,15.6
2024-04-23,15.3,16.5,14.7
2024-04-24,15.9,19.1,12.7
2024-04-25,16,20.6,11.8
2024-04-26,16.7,19.4,15.1
2024-04-27,18.6,22.5,15.5
2024-04-28,19.2,22.6,15
2024-04-29,18,20.6,15.5
2024-04-30,16.5,20.1,14.3
2024-05-01,15.4,18.1,14
2024-05-02,16.1,19.3,12.8
2024-05-03,17,20.3,13.3
2024-05-04,20.8,24.6,13.9
2024-05-05,21.9,25.9,17.7
2024-05-06,18.1,21.4,15.8
2024-05-07,17.7,21.2,15.5
2024-05-08,14.9,17,13.8
2024-05-09,16.7,21.1,12.4
2024-05-10,17.3,20.6,12.7
2024-05-11,20.1,25.9,15.4
2024-05-12,17.5,19.9,14.6
2024-05-13,17.8,22,13.3
2024-05-14,18,22.8,13.7
2024-05-15,17.5,23.5,14.2
2024-05-16,19,22.7,15.1
2024-05-17,19.9,27,15.6
2024-05-18,20.3,26.7,16.2
2024-05-19,20.1,23.5,15.8
2024-05-20,21.6,25.5,17.6
2024-05-21,19.9,23.5,16.8
2024-05-22,19.9,23,17.8
2024-05-23,20.4,24.6,17.3
2024-05-24,20,23.6,17.7
2024-05-25,21.2,25.7,18.3
2024-05-26,22.2,26.6,17.7
2024-05-27,20.5,23.9,18.4
2024-05-28,19.9,23.7,16.8
2024-05-29,19.8,24,16.3
2024-05-30,20,23.6,16.3
2024-05-31,19.4,22.8,16.8
2024-06-01,19.8,22.8,17.7
2024-06-02,20.2,23.7,17.4
2024-06-03,21.5,24.4,17.8
2024-06-04,20.2,23.8,17.3
2024-06-05,19.9,22.5,16.8
2024-06-06,20.2,22.5,19.2
2024-06-07,22.6,25.4,19
2024-06-08,21.3,23.4,19.7
2024-06-09,21.5,26.1,19.1
2024-06-10,23.6,29.2,18.9
2024-06-11,21.7,24.8,19.2
2024-06-12,22.1,26.1,19
2024-06-13,23.7,28.8,20.2
2024-06-14,25.4,31.4,21.5
2024-06-15,24.9,27.5,22
2024-06-16,25,28.8,22.3
2024-06-17,22.5,24.6,20.4
2024-06-18,25,31.2,19.2
2024-06-19,24.9,29,22.1
2024-06-20,22.6,24.5,21.7
2024-06-21,24.9,28.5,21.7
2024-06-22,25.9,29.4,23.3
2024-06-23,24.6,27.4,21.8
2024-06-24,25.6,29.8,23.8
2024-06-25,22.6,23.8,21.5
2024-06-26,23.1,26.4,21
2024-06-27,22,23.7,20.4
2024-06-28,24.1,27.7,20.3
2024-06-29,25.5,28.5,22.4
2024-06-30,26.8,28,25.1
2024-07-01,25.6,28,24.5
2024-07-02,29.7,33.2,24
2024-07-03,29.1,31.8,25.9
2024-07-04,27.2,30,24.5
2024-07-05,28.7,34,25.4
2024-07-06,30.6,34.8,25.3
2024-07-07,30.7,34.5,27.7
2024-07-08,31.3,35.1,27.7
2024-07-09,31,34.1,28.7
2024-07-10,26.2,29.7,23.5
2024-07-11,24,25.5,22.9
2024-07-12,24.7,27.1,22.6
2024-07-13,25.2,27.5,23.2
2024-07-14,26.2,29.7,24.6
2024-07-15,25.7,28.1,24.2
2024-07-16,29.8,33.3,25.7
2024-07-17,30.1,35.2,26.6
2024-07-18,30.1,34.2,27.6
2024-07-19,28,34.2,23.9
2024-07-20,31.1,35.5,26.7
2024-07-21,30.4,35.1,26.2
2024-07-22,29.7,33,26.9
2024-07-23,29.9,32.7,27.8
2024-07-24,30.3,33,28.3
2024-07-25,30.6,34.5,28.1
2024-07-26,28.2,29.6,26.9
2024-07-27,30.5,34.6,27.1
2024-07-28,30.1,32.7,27.7
2024-07-29,30,33.3,26.6
2024-07-30,30.6,33.9,27.5
2024-07-31,30.2,32.7,27
2024-08-01,30.8,33.5,28.3
2024-08-02,31,34.7,28
2024-08-03,31.2,33.6,28.8
2024-08-04,31.1,34.5,29.1
2024-08-05,30.4,33.1,28.8
2024-08-06,30.3,32.3,28.3
2024-08-07,30.3,33.2,27.7
2024-08-08,30.6,33.5,28
2024-08-09,30.7,32.9,28.5
2024-08-10,30.9,34.4,28
2024-08-11,30.9,34.9,27.9
2024-08-12,30.1,33.3,27.6
2024-08-13,29.8,32.8,27.7
2024-08-14,28.7,31.1,25.9
2024-08-15,27.6,32,25.6
2024-08-16,28.3,32.1,25.4
2024-08-17,29.4,33,26.6
2024-08-18,29.5,32.9,27.6
2024-08-19,30.6,35,27.2
2024-08-20,30.4,32.8,28
2024-08-21,31.3,34.3,28.4
2024-08-22,30.7,34.3,29.1
2024-08-23,30.1,33,28.1
2024-08-24,29.7,32.3,26.7
2024-08-25,29.7,32.8,27
2024-08-26,29.3,32.1,26.2
2024-08-27,29.5,31.9,27.1
2024-08-28,28.1,29.6,27.3
2024-08-29,29.4,33.3,26.9
2024-08-30,29.5,33,27
2024-08-31,28.2,32,25.2
2024-09-01,28,31.9,23.9
2024-09-02,28.2,31.5,23.9
2024-09-03,27.8,33,26
2024-09-04,27.8,30.4,25.5
2024-09-05,28.6,31.9,25.4
2024-09-06,29.3,33,25.4
2024-09-07,28.9,33.2,25.9
2024-09-08,28.4,32.1,26.4
2024-09-09,28.7,31.4,25.8
2024-09-10,28.8,30.5,27.3
2024-09-11,29.5,33.1,27.2
2024-09-12,30.4,35.1,26.8
2024-09-13,29.1,32.3,26.4
2024-09-14,29.3,32.3,26.3
2024-09-15,29.7,32.5,28.4
2024-09-16,28.8,31.6,27.4
2024-09-17,28.2,30.9,27.1
2024-09-18,30,35,26.9
2024-09-19,29.1,33.1,26.2
2024-09-20,28.4,32.1,26.5
2024-09-21,27.4,29.5,25.4
2024-09-22,23.7,25.4,23
2024-09-23,24.2,26.9,21.6
2024-09-24,23.8,26.2,21.1
2024-09-25,25,28.5,22.9
2024-09-26,25.6,28.8,22.7
2024-09-27,25.5,28.5,23.1
2024-09-28,25.3,27.9,23.1
2024-09-29,25,28.1,22.8
2024-09-30,24.4,26.9,22.2
2024-10-01,23.3,28.3,18.4
2024-10-02,20.3,22.7,18.8
2024-10-03,19.1,20.6,16.9
2024-10-04,21.1,24.2,16.9
2024-10-05,22.5,24.9,20
2024-10-06,21.1,24.5,17.4
2024-10-07,19,21.1,17.6
2024-10-08,21.3,24.3,17.7
2024-10-09,19.2,20.6,17.5
2024-10-10,20.3,23.9,18.1
2024-10-11,20.4,24.2,17
2024-10-12,21.1,25.4,17.2
2024-10-13,22.6,26,18.8
2024-10-14,23.7,28.2,21.2
2024-10-15,23.3,26.1,21.8
2024-10-16,22.9,25.4,21.1
2024-10-17,23.1,24.2,21.9
2024-10-18,26.5,31.3,22.5
2024-10-19,21.7,26.2,18.1
2024-10-20,19,20.2,17.4
2024-10-21,21.1,22.9,19.1
2024-10-22,21.7,24.4,19.4
2024-10-23,17.7,20.9,14.7
2024-10-24,17.3,20.3,14.5
2024-10-25,21.5,25,16.4
2024-10-26,21.5,23,20.9
2024-10-27,19.3,21.4,18
2024-10-28,17.8,19,15.6
2024-10-29,19.3,22.7,15.9
2024-10-30,19.7,23.1,17.6
2024-10-31,20.3,23.2,18.1
2024-11-01,18.5,19.8,16.3
2024-11-02,19.3,20.9,17.8
2024-11-03,18.9,22.9,16.1
2024-11-04,18.3,23.6,14.8
2024-11-05,15.1,17.7,14
2024-11-06,14.2,17,12.2
2024-11-07,13.8,18.2,8.9
2024-11-08,17.7,21.6,13.9
2024-11-09,18.1,20.3,15.7
2024-11-10,18.2,19.8,17.1
2024-11-11,17.3,21.1,14.2
2024-11-12,17.5,20.9,14.2
2024-11-13,17.5,22.9,12.9
2024-11-14,18.7,23.5,15.6
2024-11-15,18.2,20.2,16.8
2024-11-16,20.4,23.6,18.9
2024-11-17,15.8,19.3,11.9
2024-11-18,9.9,12.4,7.7
2024-11-19,12.8,16,7.5
2024-11-20,12.7,14.1,11.6
2024-11-21,14.6,18.2,12.1
2024-11-22,13.4,16.4,11
2024-11-23,11.3,12.6,9.9
2024-11-24,11.8,14.8,8.9
2024-11-25,15.7,17.9,13
2024-11-26,12.4,17.9,9.9
2024-11-27,9.3,11.1,7.3
2024-11-28,9.7,10.8,7.3
2024-11-29,10.4,12.5,8.4
2024-11-30,12.1,15.3,9
2024-12-01,12.7,17.8,8.3
2024-12-02,15.3,19.8,12
2024-12-03,9.8,12.6,7.2
2024-12-04,9.3,12.5,5.7
2024-12-05,11.3,13.2,10.3
2024-12-06,11.2,13.2,8.7
2024-12-07,9.2,12.9,6.9
2024-12-08,7.7,8.5,5.7
2024-12-09,9.1,10.8,6.7
2024-12-10,9.8,13.1,8.3
2024-12-11,9.4,12,8.5
2024-12-12,8.6,11.5,7
2024-12-13,7.7,10.3,5.1
2024-12-14,6.9,8.3,5.8
2024-12-15,8.6,9.6,5.9
2024-12-16,9.3,10.7,7.7
2024-12-17,9.6,13,8
2024-12-18,6.4,8.9,4.9
2024-12-19,5.6,9,3.5
2024-12-20,7.1,9.6,3.9
2024-12-21,7.3,9.9,5.1
2024-12-22,5.4,5.9,4.8
2024-12-23,7.6,9.8,4.9
2024-12-24,8.1,11.3,4.7
2024-12-25,8.9,12.5,4.6
2024-12-26,8.7,11.3,6.1
2024-12-27,6.8,8.2,5.8
2024-12-28,5.7,6.9,3.8
2024-12-29,8.2,11.5,6.4
2024-12-30,10.1,14.5,6.1
2024-12-31,8.2,11,5.6
2025-01-01,7.3,11.3,4.7
2025-01-02,8.6,12.2,5.2
2025-01-03,6.3,8.6,5.2
2025-01-04,6.7,10.3,3.7
2025-01-05,8.1,12.1,3.9
2025-01-06,8.2,11.1,5.3
2025-01-07,6.5,7.7,4.3
2025-01-08,6.8,7.9,4.7
2025-01-09,2.2,5,-0.6
2025-01-10,2.6,4.3,0.2
2025-01-11,4.7,5.8,2.7
2025-01-12,5.4,7.3,4.3
2025-01-13,6.8,10,4.8
2025-01-14,10.3,14.4,6.3
2025-01-15,4.8,8.2,3.4
2025-01-16,6.2,8,4
2025-01-17,6,8.8,3
2025-01-18,5.8,11,2
2025-01-19,8.1,13.3,3.6
2025-01-20,9.1,11.8,7.2
2025-01-21,7.6,11.4,4.7
2025-01-22,8.1,12.9,4.4
2025-01-23,9,14.4,5.2
2025-01-24,9.7,13.3,6.6
2025-01-25,9.7,12,8.1
2025-01-26,8,8.7,7.1
2025-01-27,4.6,8.3,1.6
2025-01-28,3.1,5.2,1.5
2025-01-29,3.7,5.3,2.6
2025-01-30,4.5,9.8,0.1
2025-01-31,8.4,14.7,2.8
2025-02-01,8.8,10.1,7.6
2025-02-02,8.7,11.2,6.7
2025-02-03,4.6,7.5,1
2025-02-04,1.3,2.5,-0.5
2025-02-05,2.6,4.2,0.3
2025-02-06,3.1,4.7,0.2
2025-02-07,2,5.9,-1.7
2025-02-08,0.9,2.2,-1.5
2025-02-09,2.8,4.2,1.2
2025-02-10,3.6,6.5,0.6
2025-02-11,6.4,11.7,-0.2
2025-02-12,9.4,13.3,5.3
2025-02-13,4.8,8,2.5
2025-02-14,6.2,10.8,2
2025-02-15,7.8,9.9,5.9
2025-02-16,9.2,13.4,5.8
2025-02-17,5.6,7.7,4
2025-02-18,4.1,6.2,3.2
2025-02-19,4.2,6.7,2.3
2025-02-20,3.7,6.8,2.1
2025-02-21,3.7,6.5,2.4
2025-02-22,3.5,5.7,2.3
2025-02-23,2.4,4.4,0.7
2025-02-24,3.4,6.3,0.4
2025-02-25,4.9,9.2,-0.4
2025-02-26,8.5,12.2,5.6
2025-02-27,8,12.9,3.3
2025-02-28,11.8,15,8.9
2025-03-01,14.8,21.3,9.4
2025-03-02,16,19.6,13.8
2025-03-03,9,13.8,7.4
2025-03-04,7.3,8.6,6.6
2025-03-05,7.8,9.2,6.9
2025-03-06,7.8,10.5,5.8
2025-03-07,8.4,12.6,3.5
2025-03-08,8.8,12.4,6.4
2025-03-09,9.2,12.8,5.8
2025-03-10,10.8,13.2,7.4
2025-03-11,12.4,15,9.9
2025-03-12,11.8,14.1,9.4
2025-03-13,12,14.5,9.6
2025-03-14,13,15.7,10.9
2025-03-15,9.7,12.3,8.7
2025-03-16,6.8,10,2.6
2025-03-17,5.6,8.6,4
2025-03-18,5.8,7.8,4.3
2025-03-19,5.8,9,3.9
2025-03-20,11.1,15.1,4.7
2025-03-21,17,21,11.8
2025-03-22,18.9,22.4,15.6
2025-03-23,19.6,25,15.6
2025-03-24,20.4,24.5,14.9
2025-03-25,20.7,28.8,14.7
2025-03-26,17.8,22.1,12.7
2025-03-27,16.3,25.2,9
2025-03-28,8.4,10.8,7.3
2025-03-29,7.7,10.9,5.4
2025-03-30,6.9,10,4.4
2025-03-31,9.1,13.1,4.8
2025-04-01,10.6,14.4,6.5
2025-04-02,11.7,16.9,7.2
2025-04-03,10.1,13.2,7.2
2025-04-04,10.5,13.9,6.9
2025-04-05,13.1,18.7,10.2
2025-04-06,12.1,17,7.6
2025-04-07,14.3,20.2,7.7
2025-04-08,18.5,23.5,12.6
2025-04-09,15.5,22,10.3
2025-04-10,13.8,18.3,10.5
2025-04-11,14.1,18.4,9.2
2025-04-12,15.8,20.3,8.2
2025-04-13,10.7,14,7.9
2025-04-14,12.1,15.6,8.9
2025-04-15,12.2,16.1,8.5
2025-04-16,20.5,24.8,11.1
2025-04-17,20.8,25,18.4
2025-04-18,22,27.5,17.2
2025-04-19,18.9,23.4,15.7
2025-04-20,18.3,19.8,16.8
2025-04-21,20.9,26.9,16.7
2025-04-22,19,24.1,14.5
2025-04-23,15.6,18.7,13.4
2025-04-24,16.1,19.9,12.5
2025-04-25,14.5,19,11.8
2025-04-26,15.7,20.2,10.6
2025-04-27,16.6,21,12.8
2025-04-28,15.5,19.5,12.2
2025-04-29,14.5,17.9,9.7
2025-04-30,16.5,20.5,12.3
2025-05-01,16.9,22.6,13.9
2025-05-02,15.3,18.9,11.4
2025-05-03,16.8,24.9,12.2
2025-05-04,14.9,18.9,10.6
2025-05-05,15.4,21.1,11.5
2025-05-06,13.8,15.4,11.7
2025-05-07,14.3,18.4,10.2
2025-05-08,18.1,24.4,11.7
2025-05-09,18.6,23.1,14.9
2025-05-10,14.9,18,13.5
2025-05-11,16.6,21.1,13.9
2025-05-12,17.8,22,12.3
2025-05-13,17.6,21.5,13.2
2025-05-14,20,24.3,15.4
2025-05-15,21.6,25.8,19.1
2025-05-16,21.6,23.2,19.3
2025-05-17,19,21.9,16
2025-05-18,16.2,19.1,14.6
2025-05-19,19.5,24.6,13.4
2025-05-20,21.2,26.3,18.2
2025-05-21,20.3,24.3,17.4
2025-05-22,20.5,24.4,17.9
2025-05-23,18,19.9,17.3
2025-05-24,15.5,18,14.1
2025-05-25,17,20.7,14.4
2025-05-26,19,23.1,15
2025-05-27,19.8,24.2,15.4
2025-05-28,20.1,23.7,16.7
2025-05-29,19.3,23.6,16.4
2025-05-30,19.4,23.2,16.4
2025-05-31,18.6,22.2,15.9
2025-06-01,20.1,23.5,16.1
2025-06-02,18.6,20,16.7
2025-06-03,19.1,22.4,16.5
2025-06-04,21.8,27.9,16
2025-06-05,21.2,25,16.9
2025-06-06,22.6,26.5,19.4
2025-06-07,22.4,25.2,20.2
2025-06-08,21.8,24.1,20.4
2025-06-09,21.9,25,19.8
2025-06-10,20.5,22.7,18.7
2025-06-11,21.6,24.5,18.9
2025-06-12,20.9,22.7,20
2025-06-13,23.5,28.1,19.7
2025-06-14,24.1,28.5,20.7
2025-06-15,22.9,26.7,20.2
2025-06-16,24.4,28.6,21.5
2025-06-17,25.5,33,21
2025-06-18,22.2,25.6,19.2
2025-06-19,25.9,30.8,18.9
2025-06-20,28.1,30.7,24.6
2025-06-21,28,31.9,24.9
2025-06-22,22.6,25.4,21
2025-06-23,23.7,27.6,19.5
2025-06-24,23.6,26.1,21.1
2025-06-25,24.2,28,20.9
2025-06-26,24.7,27.8,22.3
2025-06-27,26.1,29.8,22.2
2025-06-28,26.7,29.3,23.7
2025-06-29,26.9,30.6,21.8
2025-06-30,27.3,30.4,24
2025-07-01,28.4,31.2,25.7
2025-07-02,28.2,31.1,25.6
2025-07-03,28.1,30.4,25.8
2025-07-04,28.2,31.2,25.4
2025-07-05,29.1,34.1,25.4
2025-07-06,30.1,33.7,25.8
2025-07-07,29,31.6,26.2
2025-07-08,28.5,32.4,26.4
2025-07-09,27.3,29.6,25.2
2025-07-10,26.5,28.1,25.1
2025-07-11,25.6,26.2,25.1
2025-07-12,24.8,25.3,24.1
2025-07-13,23.4,24.7,22.6
2025-07-14,26.4,30.3,22.6
2025-07-15,27.3,31.2,24.3
2025-07-16,28.1,30.9,24.7
2025-07-17,30.5,34,27.9
2025-07-18,27.3,33.4,24.5
2025-07-19,29.2,32.5,26
2025-07-20,29.7,33.2,26.9
2025-07-21,29.5,32.1,26.8
2025-07-22,29.8,34.7,26.7
2025-07-23,29,31.5,25.8
2025-07-24,29,31.9,26
2025-07-25,28.8,31.9,26.9
2025-07-26,28.8,30.8,27
2025-07-27,28.3,30.8,26.7
2025-07-28,29.3,33.5,26.3
