�Ͻ�,��ս���(%rh),��������(%rh)
2015-01-01,69.9,46
2015-01-02,53.1,42
2015-01-03,61.3,53
2015-01-04,64.8,54
2015-01-05,59.9,35
2015-01-06,66.1,48
2015-01-07,64.4,55
2015-01-08,63.4,57
2015-01-09,55.8,39
2015-01-10,53.5,37
2015-01-11,60,47
2015-01-12,55,35
2015-01-13,66.1,49
2015-01-14,85.4,70
2015-01-15,65.3,53
2015-01-16,71.9,62
2015-01-17,61,51
2015-01-18,63.4,53
2015-01-19,51.5,35
2015-01-20,68.3,61
2015-01-21,78.9,58
2015-01-22,69.6,58
2015-01-23,63.3,52
2015-01-24,69.1,62
2015-01-25,69.6,42
2015-01-26,85.4,76
2015-01-27,68,55
2015-01-28,61,46
2015-01-29,87,55
2015-01-30,66.6,53
2015-01-31,62.1,55
2015-02-01,59.9,42
2015-02-02,60.5,42
2015-02-03,65.4,55
2015-02-04,56.8,45
2015-02-05,61.3,45
2015-02-06,59.5,52
2015-02-07,63.3,48
2015-02-08,69.1,51
2015-02-09,58.1,45
2015-02-10,55.1,46
2015-02-11,51.8,37
2015-02-12,58,46
2015-02-13,57.4,48
2015-02-14,56.3,39
2015-02-15,79.5,53
2015-02-16,88.4,73
2015-02-17,62.5,52
2015-02-18,64.3,51
2015-02-19,58.3,52
2015-02-20,54.4,39
2015-02-21,86.5,61
2015-02-22,79,56
2015-02-23,65.6,52
2015-02-24,56.4,36
2015-02-25,64.8,50
2015-02-26,63.6,41
2015-02-27,56.3,45
2015-02-28,75.3,55
2015-03-01,69.5,52
2015-03-02,51.9,38
2015-03-03,75.6,57
2015-03-04,54.8,47
2015-03-05,48.1,36
2015-03-06,77.6,47
2015-03-07,68.4,56
2015-03-08,56.9,43
2015-03-09,65.1,48
2015-03-10,55.5,44
2015-03-11,51.8,40
2015-03-12,47.3,26
2015-03-13,55,35
2015-03-14,50.1,29
2015-03-15,53.8,35
2015-03-16,60,43
2015-03-17,71.9,51
2015-03-18,90.3,75
2015-03-19,92.3,82
2015-03-20,74.9,42
2015-03-21,62.4,28
2015-03-22,59.6,34
2015-03-23,47.9,19
2015-03-24,45.3,30
2015-03-25,47.3,32
2015-03-26,50.1,27
2015-03-27,64.6,48
2015-03-28,70.8,50
2015-03-29,80.3,60
2015-03-30,88,74
2015-03-31,80.5,67
2015-04-01,90.5,78
2015-04-02,75.4,54
2015-04-03,87.4,74
2015-04-04,87.6,76
2015-04-05,94,88
2015-04-06,91.4,70
2015-04-07,72.9,59
2015-04-08,71.4,59
2015-04-09,65.1,55
2015-04-10,69.5,60
2015-04-11,63.8,28
2015-04-12,84.6,65
2015-04-13,86.6,76
2015-04-14,72,45
2015-04-15,54.8,27
2015-04-16,42.8,23
2015-04-17,42.3,14
2015-04-18,65.4,33
2015-04-19,85,62
2015-04-20,94.8,91
2015-04-21,76.8,48
2015-04-22,45.4,15
2015-04-23,63.5,37
2015-04-24,51.1,23
2015-04-25,54.4,22
2015-04-26,37.8,23
2015-04-27,43,24
2015-04-28,70.5,52
2015-04-29,90,72
2015-04-30,92.4,84
2015-05-01,84.8,71
2015-05-02,87.6,63
2015-05-03,91,78
2015-05-04,68.1,42
2015-05-05,48.5,33
2015-05-06,49.5,28
2015-05-07,45.4,20
2015-05-08,46.1,16
2015-05-09,70,46
2015-05-10,76.9,48
2015-05-11,81.1,56
2015-05-12,61,40
2015-05-13,39.5,17
2015-05-14,59.6,28
2015-05-15,86.5,73
2015-05-16,61.6,44
2015-05-17,50.3,21
2015-05-18,90,58
2015-05-19,91.9,78
2015-05-20,73.4,37
2015-05-21,62,44
2015-05-22,57.1,26
2015-05-23,66.6,51
2015-05-24,57.3,32
2015-05-25,50.3,32
2015-05-26,73.4,43
2015-05-27,65.9,46
2015-05-28,58.5,36
2015-05-29,74.4,49
2015-05-30,91,77
2015-05-31,81.3,67
2015-06-01,77.4,59
2015-06-02,89.4,75
2015-06-03,66.3,45
2015-06-04,63.1,47
2015-06-05,83.6,49
2015-06-06,74.5,51
2015-06-07,68.9,46
2015-06-08,83.1,65
2015-06-09,86.4,74
2015-06-10,77.5,53
2015-06-11,88.4,76
2015-06-12,60.8,43
2015-06-13,67.1,43
2015-06-14,82.9,74
2015-06-15,80.5,68
2015-06-16,85,72
2015-06-17,88.5,77
2015-06-18,79.9,67
2015-06-19,76,61
2015-06-20,79.4,70
2015-06-21,80,67
2015-06-22,81.1,74
2015-06-23,79.9,65
2015-06-24,91.4,81
2015-06-25,88.6,76
2015-06-26,85,75
2015-06-27,90.1,83
2015-06-28,77.1,60
2015-06-29,77.8,66
2015-06-30,94.4,79
2015-07-01,83.5,68
2015-07-02,70.5,53
2015-07-03,76.9,53
2015-07-04,77.8,54
2015-07-05,80.9,72
2015-07-06,85.4,69
2015-07-07,95.1,91
2015-07-08,86.9,64
2015-07-09,86,72
2015-07-10,89.6,83
2015-07-11,92.5,89
2015-07-12,82.1,69
2015-07-13,67.6,43
2015-07-14,73.8,63
2015-07-15,82.9,71
2015-07-16,74.3,56
2015-07-17,81.5,65
2015-07-18,72,57
2015-07-19,82.4,68
2015-07-20,90.1,78
2015-07-21,92.5,77
2015-07-22,88,81
2015-07-23,66.3,53
2015-07-24,71.4,61
2015-07-25,68.8,44
2015-07-26,75.4,67
2015-07-27,81.5,68
2015-07-28,88.4,73
2015-07-29,73.9,49
2015-07-30,83.1,74
2015-07-31,82.1,61
2015-08-01,79.4,67
2015-08-02,71.4,58
2015-08-03,73.5,63
2015-08-04,71.6,60
2015-08-05,76.5,64
2015-08-06,71.8,47
2015-08-07,68.9,54
2015-08-08,83.6,69
2015-08-09,78.8,66
2015-08-10,68.5,46
2015-08-11,73,47
2015-08-12,88.5,81
2015-08-13,76.6,62
2015-08-14,74.8,61
2015-08-15,70.4,57
2015-08-16,87.4,68
2015-08-17,79.1,64
2015-08-18,80,73
2015-08-19,86.9,74
2015-08-20,89,77
2015-08-21,81.8,64
2015-08-22,77.8,66
2015-08-23,80.1,67
2015-08-24,89,79
2015-08-25,89.8,85
2015-08-26,72.9,58
2015-08-27,70,62
2015-08-28,75.3,64
2015-08-29,75.8,62
2015-08-30,75.1,65
2015-08-31,83.5,72
2015-09-01,77.4,67
2015-09-02,75.8,61
2015-09-03,72.1,63
2015-09-04,72.4,64
2015-09-05,77.8,62
2015-09-06,82.9,69
2015-09-07,72.4,57
2015-09-08,65.9,57
2015-09-09,59.8,45
2015-09-10,66.5,61
2015-09-11,66.3,52
2015-09-12,76.3,64
2015-09-13,58,50
2015-09-14,63.9,46
2015-09-15,75,66
2015-09-16,86.5,74
2015-09-17,72.6,59
2015-09-18,68.9,58
2015-09-19,62.8,46
2015-09-20,69.3,54
2015-09-21,70.9,57
2015-09-22,74.4,59
2015-09-23,88.5,70
2015-09-24,79.3,69
2015-09-25,73.8,65
2015-09-26,75.1,62
2015-09-27,77.1,65
2015-09-28,75.9,57
2015-09-29,73.9,60
2015-09-30,87.6,74
2015-10-01,82.8,60
2015-10-02,52.5,37
2015-10-03,66.5,55
2015-10-04,60.8,40
2015-10-05,63.1,45
2015-10-06,63.9,51
2015-10-07,67.9,56
2015-10-08,69.3,57
2015-10-09,60.9,41
2015-10-10,54,43
2015-10-11,48.3,39
2015-10-12,58.5,47
2015-10-13,59.8,49
2015-10-14,56.8,35
2015-10-15,63.9,40
2015-10-16,67.4,46
2015-10-17,63.5,36
2015-10-18,67,56
2015-10-19,59.5,40
2015-10-20,73.4,46
2015-10-21,81.4,69
2015-10-22,75,58
2015-10-23,77.3,68
2015-10-24,71.9,58
2015-10-25,62,44
2015-10-26,64.5,48
2015-10-27,68.8,49
2015-10-28,53.4,41
2015-10-29,59.6,46
2015-10-30,57,50
2015-10-31,53.1,43
2015-11-01,68.3,57
2015-11-02,64.8,45
2015-11-03,63.3,47
2015-11-04,62.4,42
2015-11-05,80.6,61
2015-11-06,76.5,61
2015-11-07,90.5,80
2015-11-08,89.3,79
2015-11-09,77.3,64
2015-11-10,61.6,46
2015-11-11,79.9,69
2015-11-12,71.5,52
2015-11-13,93.9,90
2015-11-14,83.6,68
2015-11-15,70.6,63
2015-11-16,72.1,58
2015-11-17,85.1,77
2015-11-18,92.3,89
2015-11-19,91.8,88
2015-11-20,81.6,64
2015-11-21,74.1,61
2015-11-22,80.5,70
2015-11-23,85.3,78
2015-11-24,71,56
2015-11-25,81.5,66
2015-11-26,71.8,50
2015-11-27,58.9,47
2015-11-28,62.5,46
2015-11-29,68.9,60
2015-11-30,65.6,53
2015-12-01,68.5,48
2015-12-02,65,39
2015-12-03,56.6,42
2015-12-04,54.6,43
2015-12-05,57.8,49
2015-12-06,69.5,56
2015-12-07,63.4,53
2015-12-08,62.9,49
2015-12-09,61.4,42
2015-12-10,94.8,75
2015-12-11,73.8,52
2015-12-12,72.9,65
2015-12-13,62.4,52
2015-12-14,78.1,61
2015-12-15,65.8,48
2015-12-16,59.4,45
2015-12-17,70.8,47
2015-12-18,60.8,53
2015-12-19,56.5,47
2015-12-20,78.9,63
2015-12-21,81.4,63
2015-12-22,74.8,59
2015-12-23,88.4,77
2015-12-24,66.9,55
2015-12-25,57.9,49
2015-12-26,53.5,44
2015-12-27,66.1,56
2015-12-28,60.8,53
2015-12-29,57.3,47
2015-12-30,56.1,45
2015-12-31,60.3,45
2016-01-01,60.1,54
2016-01-02,62.6,46
2016-01-03,67,43
2016-01-04,66.3,49
2016-01-05,66.9,40
2016-01-06,63.4,49
2016-01-07,57.6,47
2016-01-08,59.9,45
2016-01-09,53.9,47
2016-01-10,55.8,47
2016-01-11,57.6,41
2016-01-12,57.6,47
2016-01-13,61.3,47
2016-01-14,50.6,41
2016-01-15,56.9,41
2016-01-16,64,55
2016-01-17,83.6,63
2016-01-18,66.3,50
2016-01-19,61.9,47
2016-01-20,64.4,59
2016-01-21,67.5,60
2016-01-22,57.1,45
2016-01-23,79.9,46
2016-01-24,76.3,49
2016-01-25,73.6,58
2016-01-26,60.8,52
2016-01-27,57.9,48
2016-01-28,92.3,62
2016-01-29,92,86
2016-01-30,82.6,73
2016-01-31,69.3,64
2016-02-01,65.9,59
2016-02-02,62.6,54
2016-02-03,53.8,44
2016-02-04,49,36
2016-02-05,57.4,37
2016-02-06,61.1,44
2016-02-07,59,44
2016-02-08,48.9,35
2016-02-09,48,25
2016-02-10,54.6,39
2016-02-11,55.9,38
2016-02-12,79.6,56
2016-02-13,92.4,79
2016-02-14,71.3,56
2016-02-15,67.4,47
2016-02-16,57.3,43
2016-02-17,53.3,42
2016-02-18,54,31
2016-02-19,64.3,45
2016-02-20,53.5,35
2016-02-21,50.6,41
2016-02-22,71.5,50
2016-02-23,64.6,43
2016-02-24,56.4,50
2016-02-25,49.3,36
2016-02-26,43.6,30
2016-02-27,68.1,32
2016-02-28,59.8,21
2016-02-29,55.9,39
2016-03-01,55.8,46
2016-03-02,57.3,45
2016-03-03,57.5,36
2016-03-04,68.9,46
2016-03-05,76.3,60
2016-03-06,83.8,62
2016-03-07,83.8,68
2016-03-08,75.3,46
2016-03-09,66.5,42
2016-03-10,54.5,34
2016-03-11,49.8,40
2016-03-12,45.8,32
2016-03-13,69.5,32
2016-03-14,60.9,51
2016-03-15,57,40
2016-03-16,54.3,40
2016-03-17,62.6,38
2016-03-18,91,74
2016-03-19,74.5,64
2016-03-20,74.6,62
2016-03-21,61.3,49
2016-03-22,67.6,56
2016-03-23,61.5,45
2016-03-24,56.3,46
2016-03-25,59,46
2016-03-26,46.1,30
2016-03-27,42.5,24
2016-03-28,37.1,19
2016-03-29,44.5,15
2016-03-30,74.3,58
2016-03-31,84,64
2016-04-01,66.4,37
2016-04-02,61.9,36
2016-04-03,92.4,77
2016-04-04,92.6,86
2016-04-05,71.3,43
2016-04-06,72.3,39
2016-04-07,86.1,75
2016-04-08,84.6,73
2016-04-09,81.4,54
2016-04-10,68.5,38
2016-04-11,74.4,57
2016-04-12,70.5,54
2016-04-13,89.3,67
2016-04-14,83.1,39
2016-04-15,66.6,45
2016-04-16,69.3,47
2016-04-17,71.6,61
2016-04-18,55.5,36
2016-04-19,62.6,49
2016-04-20,62.5,45
2016-04-21,87.5,63
2016-04-22,77,42
2016-04-23,83,50
2016-04-24,56.5,16
2016-04-25,59.6,29
2016-04-26,69.8,43
2016-04-27,93.6,90
2016-04-28,88.6,65
2016-04-29,66.5,42
2016-04-30,54.6,33
2016-05-01,59,40
2016-05-02,61,44
2016-05-03,70.4,51
2016-05-04,39.9,21
2016-05-05,65.8,32
2016-05-06,89.5,77
2016-05-07,56.9,32
2016-05-08,62.1,36
2016-05-09,92.8,85
2016-05-10,94,88
2016-05-11,83.1,69
2016-05-12,78.5,65
2016-05-13,79.8,68
2016-05-14,75.8,62
2016-05-15,68.4,44
2016-05-16,64.9,37
2016-05-17,41.4,17
2016-05-18,58.4,34
2016-05-19,65.5,47
2016-05-20,68,46
2016-05-21,67.5,46
2016-05-22,68.6,53
2016-05-23,60.1,34
2016-05-24,87.4,67
2016-05-25,74.3,59
2016-05-26,67.5,53
2016-05-27,80.8,61
2016-05-28,84.6,60
2016-05-29,91.4,76
2016-05-30,70,57
2016-05-31,54.6,38
2016-06-01,70.1,48
2016-06-02,65.5,40
2016-06-03,56.6,27
2016-06-04,84.1,62
2016-06-05,81.9,66
2016-06-06,95.9,85
2016-06-07,93.6,77
2016-06-08,92.6,84
2016-06-09,86.5,69
2016-06-10,76.4,58
2016-06-11,80.9,64
2016-06-12,93.5,85
2016-06-13,85.5,74
2016-06-14,77.4,66
2016-06-15,74.3,55
2016-06-16,84,75
2016-06-17,80,63
2016-06-18,78.9,66
2016-06-19,84.5,71
2016-06-20,92.4,84
2016-06-21,88,77
2016-06-22,96.5,84
2016-06-23,83.6,67
2016-06-24,84.6,63
2016-06-25,76.4,48
2016-06-26,77,63
2016-06-27,77.4,62
2016-06-28,86.8,70
2016-06-29,94,84
2016-06-30,81.9,65
2016-07-01,77.3,66
2016-07-02,89.4,68
2016-07-03,94,77
2016-07-04,74.1,53
2016-07-05,62.5,50
2016-07-06,77.4,59
2016-07-07,75.9,59
2016-07-08,85.5,76
2016-07-09,84,65
2016-07-10,89,75
2016-07-11,92.4,82
2016-07-12,95.1,90
2016-07-13,92.5,79
2016-07-14,80.8,62
2016-07-15,70.9,57
2016-07-16,80.1,68
2016-07-17,77.3,62
2016-07-18,78.4,65
2016-07-19,78.3,51
2016-07-20,74.9,63
2016-07-21,75.1,63
2016-07-22,77.1,66
2016-07-23,76.1,62
2016-07-24,80.1,66
2016-07-25,79.1,69
2016-07-26,75.6,68
2016-07-27,74.5,65
2016-07-28,76.9,52
2016-07-29,76.3,65
2016-07-30,75.1,58
2016-07-31,76.5,63
2016-08-01,68.9,61
2016-08-02,74.5,66
2016-08-03,79.4,70
2016-08-04,77.8,55
2016-08-05,84.6,72
2016-08-06,82.1,65
2016-08-07,79.4,60
2016-08-08,75.6,54
2016-08-09,79.4,64
2016-08-10,79,60
2016-08-11,71.3,60
2016-08-12,69.9,57
2016-08-13,66.5,54
2016-08-14,69.8,57
2016-08-15,69.5,56
2016-08-16,66.5,54
2016-08-17,67.5,53
2016-08-18,74.9,62
2016-08-19,79.8,68
2016-08-20,76,60
2016-08-21,72.6,60
2016-08-22,75.1,65
2016-08-23,74.1,61
2016-08-24,76.1,67
2016-08-25,80.8,66
2016-08-26,72,57
2016-08-27,80.9,71
2016-08-28,82,62
2016-08-29,65.4,48
2016-08-30,61,50
2016-08-31,57.1,44
2016-09-01,62.1,41
2016-09-02,92.3,87
2016-09-03,87.3,75
2016-09-04,80.5,66
2016-09-05,77.6,60
2016-09-06,79.6,50
2016-09-07,78,52
2016-09-08,68,52
2016-09-09,75.3,58
2016-09-10,73.8,59
2016-09-11,82.6,64
2016-09-12,82.9,70
2016-09-13,74.3,65
2016-09-14,81.6,70
2016-09-15,76.9,56
2016-09-16,80.4,67
2016-09-17,81,66
2016-09-18,88.8,80
2016-09-19,83.3,67
2016-09-20,60,49
2016-09-21,65.9,56
2016-09-22,70.5,60
2016-09-23,72.3,66
2016-09-24,78,69
2016-09-25,81.8,68
2016-09-26,92.9,89
2016-09-27,91,78
2016-09-28,96.3,93
2016-09-29,94.8,92
2016-09-30,93.8,90
2016-10-01,94.6,86
2016-10-02,80.8,60
2016-10-03,84.8,70
2016-10-04,90.4,80
2016-10-05,85.6,69
2016-10-06,71.5,50
2016-10-07,82.9,74
2016-10-08,80.6,60
2016-10-09,54.8,39
2016-10-10,66,47
2016-10-11,66.4,49
2016-10-12,63,55
2016-10-13,71.8,63
2016-10-14,73.9,57
2016-10-15,73.1,55
2016-10-16,82.1,63
2016-10-17,78.1,61
2016-10-18,80.5,69
2016-10-19,80.5,72
2016-10-20,77.8,68
2016-10-21,87.4,74
2016-10-22,93,86
2016-10-23,77.5,66
2016-10-24,73,64
2016-10-25,77.3,57
2016-10-26,74.3,56
2016-10-27,78.1,63
2016-10-28,85.3,65
2016-10-29,60,54
2016-10-30,52.9,33
2016-10-31,68.9,48
2016-11-01,60.5,49
2016-11-02,58.5,47
2016-11-03,64.4,55
2016-11-04,65.6,50
2016-11-05,67,48
2016-11-06,73.3,60
2016-11-07,63.9,50
2016-11-08,73.1,56
2016-11-09,53.8,32
2016-11-10,76.1,61
2016-11-11,60.8,44
2016-11-12,53.9,33
2016-11-13,83.1,64
2016-11-14,92.8,80
2016-11-15,65.6,49
2016-11-16,64.6,53
2016-11-17,67.4,53
2016-11-18,70,44
2016-11-19,89,81
2016-11-20,83.8,75
2016-11-21,90.3,78
2016-11-22,72.6,59
2016-11-23,57.9,46
2016-11-24,58.6,47
2016-11-25,56.5,46
2016-11-26,76.8,59
2016-11-27,64.9,49
2016-11-28,58.6,46
2016-11-29,52.9,41
2016-11-30,75.5,62
2016-12-01,59.6,44
2016-12-02,61.6,47
2016-12-03,67.1,53
2016-12-04,71.6,56
2016-12-05,69.5,56
2016-12-06,62.9,52
2016-12-07,62.6,49
2016-12-08,66.1,51
2016-12-09,62.1,53
2016-12-10,51.6,35
2016-12-11,50.8,34
2016-12-12,63,33
2016-12-13,78.4,63
2016-12-14,60.3,51
2016-12-15,65.1,47
2016-12-16,62,50
2016-12-17,65.1,53
2016-12-18,69.5,52
2016-12-19,83.5,66
2016-12-20,85.3,69
2016-12-21,85.8,66
2016-12-22,76.4,59
2016-12-23,63,50
2016-12-24,62.9,55
2016-12-25,75.6,52
2016-12-26,93.1,84
2016-12-27,64.4,52
2016-12-28,58.3,44
2016-12-29,63.8,42
2016-12-30,57.9,37
2016-12-31,61.9,51
2017-01-01,66.4,55
2017-01-02,79.6,71
2017-01-03,66.8,52
2017-01-04,64.5,41
2017-01-05,78.5,67
2017-01-06,70.9,64
2017-01-07,83.8,70
2017-01-08,79.3,59
2017-01-09,65.4,59
2017-01-10,61.4,51
2017-01-11,58,54
2017-01-12,59.9,43
2017-01-13,54.6,42
2017-01-14,61.4,51
2017-01-15,59.6,42
2017-01-16,57.8,50
2017-01-17,64.5,55
2017-01-18,63,53
2017-01-19,64.1,54
2017-01-20,61.8,46
2017-01-21,59.5,44
2017-01-22,64.6,42
2017-01-23,65.3,51
2017-01-24,57.5,51
2017-01-25,61,51
2017-01-26,64.3,54
2017-01-27,58.3,25
2017-01-28,62.3,50
2017-01-29,87.9,48
2017-01-30,66.4,55
2017-01-31,64.1,56
2017-02-01,61.3,44
2017-02-02,57.3,42
2017-02-03,57,43
2017-02-04,68.5,43
2017-02-05,75.1,56
2017-02-06,59.9,49
2017-02-07,56.6,38
2017-02-08,68.6,51
2017-02-09,68.3,53
2017-02-10,71.8,51
2017-02-11,67.1,56
2017-02-12,55.1,42
2017-02-13,48.9,28
2017-02-14,57.6,38
2017-02-15,60.5,42
2017-02-16,59.6,47
2017-02-17,67.4,43
2017-02-18,54.8,39
2017-02-19,47.5,29
2017-02-20,70.8,47
2017-02-21,61.1,45
2017-02-22,84,52
2017-02-23,62.9,49
2017-02-24,53.6,38
2017-02-25,55.4,42
2017-02-26,54.8,44
2017-02-27,61.4,52
2017-02-28,48.1,32
2017-03-01,56.6,43
2017-03-02,58.9,49
2017-03-03,55.6,46
2017-03-04,64.8,54
2017-03-05,68.1,45
2017-03-06,50.5,32
2017-03-07,57.8,47
2017-03-08,53,39
2017-03-09,43.3,27
2017-03-10,41.5,21
2017-03-11,34.5,28
2017-03-12,45.4,25
2017-03-13,61.5,38
2017-03-14,53,36
2017-03-15,52.6,36
2017-03-16,63.4,47
2017-03-17,49.8,33
2017-03-18,57.8,30
2017-03-19,50.4,42
2017-03-20,83,57
2017-03-21,63.1,48
2017-03-22,61.8,47
2017-03-23,68.1,45
2017-03-24,63.5,50
2017-03-25,80.9,67
2017-03-26,71.8,53
2017-03-27,61,49
2017-03-28,55.4,42
2017-03-29,77.9,51
2017-03-30,69,55
2017-03-31,78.3,67
2017-04-01,70.1,49
2017-04-02,47.8,27
2017-04-03,40.5,21
2017-04-04,57.6,40
2017-04-05,60.9,45
2017-04-06,90.3,69
2017-04-07,88.4,68
2017-04-08,86.3,71
2017-04-09,81.4,65
2017-04-10,82.9,69
2017-04-11,79.9,60
2017-04-12,43.3,23
2017-04-13,34.6,18
2017-04-14,45.8,26
2017-04-15,79.4,57
2017-04-16,89.6,70
2017-04-17,88.6,78
2017-04-18,73.1,39
2017-04-19,39.9,28
2017-04-20,61.1,33
2017-04-21,77.4,51
2017-04-22,73.5,51
2017-04-23,67.4,51
2017-04-24,51.3,32
2017-04-25,71.3,54
2017-04-26,78.3,49
2017-04-27,47.5,28
2017-04-28,43.1,24
2017-04-29,52.4,16
2017-04-30,27.3,18
2017-05-01,72.8,28
2017-05-02,72.1,50
2017-05-03,67.5,40
2017-05-04,71.5,47
2017-05-05,84.6,67
2017-05-06,52.9,28
2017-05-07,25.6,11
2017-05-08,35,14
2017-05-09,82.3,61
2017-05-10,85.5,67
2017-05-11,59.6,42
2017-05-12,91.9,60
2017-05-13,78.3,50
2017-05-14,68.4,20
2017-05-15,39.3,24
2017-05-16,56.5,31
2017-05-17,53.3,41
2017-05-18,47.4,33
2017-05-19,57,34
2017-05-20,53.3,36
2017-05-21,62.9,42
2017-05-22,66.4,40
2017-05-23,74.3,51
2017-05-24,89.1,79
2017-05-25,68.4,20
2017-05-26,57.4,44
2017-05-27,51.9,43
2017-05-28,54.5,30
2017-05-29,46.1,24
2017-05-30,63.1,25
2017-05-31,79.6,62
2017-06-01,80.3,62
2017-06-02,63.1,37
2017-06-03,53.9,38
2017-06-04,56.6,43
2017-06-05,58.4,35
2017-06-06,80.5,65
2017-06-07,84.9,68
2017-06-08,70.1,50
2017-06-09,54.9,37
2017-06-10,75.6,51
2017-06-11,85.4,62
2017-06-12,79.3,62
2017-06-13,82.9,74
2017-06-14,69.9,50
2017-06-15,59.6,36
2017-06-16,73.8,40
2017-06-17,81.1,66
2017-06-18,70,36
2017-06-19,70.1,59
2017-06-20,84.4,59
2017-06-21,85.9,70
2017-06-22,81.9,64
2017-06-23,83.3,70
2017-06-24,88,73
2017-06-25,84.5,66
2017-06-26,88.1,75
2017-06-27,91.4,80
2017-06-28,81.1,71
2017-06-29,95.5,88
2017-06-30,90.8,81
2017-07-01,82.1,70
2017-07-02,64.5,50
2017-07-03,70,51
2017-07-04,77.5,54
2017-07-05,82,61
2017-07-06,82.6,57
2017-07-07,74.4,62
2017-07-08,78.3,68
2017-07-09,80.1,66
2017-07-10,69,58
2017-07-11,88.9,68
2017-07-12,83.6,70
2017-07-13,76.9,59
2017-07-14,79.4,66
2017-07-15,76.5,62
2017-07-16,71.3,47
2017-07-17,63.1,50
2017-07-18,75.3,56
2017-07-19,83.3,68
2017-07-20,69.8,52
2017-07-21,65.6,49
2017-07-22,78.3,63
2017-07-23,71.3,53
2017-07-24,64.9,53
2017-07-25,72.4,48
2017-07-26,86.6,80
2017-07-27,79.4,66
2017-07-28,79.4,64
2017-07-29,81.6,69
2017-07-30,72,60
2017-07-31,73.4,55
2017-08-01,74.3,55
2017-08-02,74.8,63
2017-08-03,69.1,50
2017-08-04,84.4,72
2017-08-05,83.6,72
2017-08-06,77.4,60
2017-08-07,73.4,52
2017-08-08,75.5,48
2017-08-09,79.5,64
2017-08-10,75.6,64
2017-08-11,70.1,62
2017-08-12,71.6,59
2017-08-13,74.8,61
2017-08-14,85.1,67
2017-08-15,80.5,65
2017-08-16,73.1,62
2017-08-17,74.9,61
2017-08-18,72.9,65
2017-08-19,76.6,56
2017-08-20,75.8,58
2017-08-21,84,73
2017-08-22,80.1,68
2017-08-23,77.4,66
2017-08-24,69.4,52
2017-08-25,79.5,66
2017-08-26,54.9,37
2017-08-27,60.6,38
2017-08-28,65.9,54
2017-08-29,64.1,42
2017-08-30,57.8,49
2017-08-31,66.6,50
2017-09-01,67.3,54
2017-09-02,63.9,57
2017-09-03,66.3,54
2017-09-04,81.3,66
2017-09-05,84.3,73
2017-09-06,76.3,60
2017-09-07,86.6,74
2017-09-08,74.3,65
2017-09-09,69.4,60
2017-09-10,68.4,56
2017-09-11,85.3,72
2017-09-12,74.4,63
2017-09-13,53,39
2017-09-14,70.9,57
2017-09-15,66.9,61
2017-09-16,76,67
2017-09-17,76.9,69
2017-09-18,72.5,55
2017-09-19,61.5,29
2017-09-20,69.5,45
2017-09-21,66.9,48
2017-09-22,73,59
2017-09-23,72.8,48
2017-09-24,67,37
2017-09-25,67.9,43
2017-09-26,75.6,60
2017-09-27,89.4,82
2017-09-28,71.9,44
2017-09-29,51.6,30
2017-09-30,48.3,13
2017-10-01,65.6,17
2017-10-02,93.4,76
2017-10-03,75.9,59
2017-10-04,70.6,63
2017-10-05,68.6,56
2017-10-06,94.5,88
2017-10-07,80.4,68
2017-10-08,78.1,62
2017-10-09,80.1,64
2017-10-10,73.3,58
2017-10-11,78.1,62
2017-10-12,77.6,64
2017-10-13,53.5,31
2017-10-14,67.3,45
2017-10-15,83.1,55
2017-10-16,83.9,67
2017-10-17,71.4,62
2017-10-18,71.1,62
2017-10-19,70.5,63
2017-10-20,73.1,60
2017-10-21,63.3,49
2017-10-22,58.3,47
2017-10-23,55,46
2017-10-24,62,46
2017-10-25,61.6,47
2017-10-26,68.5,55
2017-10-27,74.3,64
2017-10-28,77.6,71
2017-10-29,66.9,53
2017-10-30,56.9,45
2017-10-31,60.9,47
2017-11-01,68,56
2017-11-02,66.3,56
2017-11-03,66.1,56
2017-11-04,54.8,45
2017-11-05,59.8,46
2017-11-06,71.8,46
2017-11-07,76.4,62
2017-11-08,75.4,54
2017-11-09,63.9,49
2017-11-10,65.6,46
2017-11-11,55.8,48
2017-11-12,66.1,53
2017-11-13,70.8,61
2017-11-14,55,37
2017-11-15,51.6,40
2017-11-16,59,50
2017-11-17,64.4,37
2017-11-18,65.3,54
2017-11-19,54.3,32
2017-11-20,61.3,46
2017-11-21,63.3,48
2017-11-22,69.5,48
2017-11-23,51.6,41
2017-11-24,52.9,33
2017-11-25,54.1,40
2017-11-26,67.5,53
2017-11-27,65.3,51
2017-11-28,87.6,74
2017-11-29,74.1,55
2017-11-30,60.9,46
2017-12-01,59.3,39
2017-12-02,59.4,49
2017-12-03,62.4,49
2017-12-04,65.9,49
2017-12-05,67.3,47
2017-12-06,56.5,39
2017-12-07,57.6,45
2017-12-08,62.8,45
2017-12-09,54.5,47
2017-12-10,60.3,47
2017-12-11,60.1,41
2017-12-12,64.1,56
2017-12-13,61.3,49
2017-12-14,57.4,44
2017-12-15,58.8,29
2017-12-16,66.5,47
2017-12-17,70.3,53
2017-12-18,58.6,50
2017-12-19,58.5,42
2017-12-20,57.6,45
2017-12-21,56.6,44
2017-12-22,62.4,53
2017-12-23,66.9,54
2017-12-24,69.3,48
2017-12-25,56.4,47
2017-12-26,55.3,43
2017-12-27,56.1,47
2017-12-28,57.4,49
2017-12-29,66,50
2017-12-30,65.6,52
2017-12-31,59.1,44
2018-01-01,53.4,41
2018-01-02,53.5,35
2018-01-03,60.3,52
2018-01-04,70,60
2018-01-05,70.5,57
2018-01-06,60.4,49
2018-01-07,71.1,50
2018-01-08,83.6,50
2018-01-09,58.1,47
2018-01-10,71.9,43
2018-01-11,81,47
2018-01-12,71.1,55
2018-01-13,61.3,50
2018-01-14,61.6,46
2018-01-15,70.9,59
2018-01-16,88.6,71
2018-01-17,80.9,68
2018-01-18,66.6,56
2018-01-19,53.9,38
2018-01-20,52.9,36
2018-01-21,54.4,38
2018-01-22,66.1,45
2018-01-23,68.1,49
2018-01-24,73.4,57
2018-01-25,72,61
2018-01-26,68.3,62
2018-01-27,61.3,46
2018-01-28,69.6,58
2018-01-29,70.5,49
2018-01-30,71.1,57
2018-01-31,65.9,55
2018-02-01,55.3,40
2018-02-02,51,38
2018-02-03,71.1,46
2018-02-04,70.9,48
2018-02-05,74.4,50
2018-02-06,74.9,45
2018-02-07,77.4,60
2018-02-08,77.4,66
2018-02-09,63.3,48
2018-02-10,66.4,47
2018-02-11,58.3,35
2018-02-12,54,41
2018-02-13,42.3,28
2018-02-14,60,36
2018-02-15,64.4,45
2018-02-16,54.8,36
2018-02-17,47.9,33
2018-02-18,56.1,37
2018-02-19,65.5,41
2018-02-20,56.1,35
2018-02-21,44.8,32
2018-02-22,37.9,27
2018-02-23,56.8,39
2018-02-24,56.5,39
2018-02-25,60.9,49
2018-02-26,50.8,38
2018-02-27,55.8,43
2018-02-28,83.4,48
2018-03-01,66.9,45
2018-03-02,62.1,46
2018-03-03,74.5,56
2018-03-04,78.3,62
2018-03-05,93.3,81
2018-03-06,65.3,49
2018-03-07,78.4,61
2018-03-08,82.5,71
2018-03-09,69.3,60
2018-03-10,64.5,39
2018-03-11,67.9,55
2018-03-12,66.4,53
2018-03-13,52.9,33
2018-03-14,61.5,44
2018-03-15,85.9,64
2018-03-16,78.1,61
2018-03-17,64,51
2018-03-18,73.1,48
2018-03-19,95.3,90
2018-03-20,80.3,68
2018-03-21,85.6,79
2018-03-22,70.6,53
2018-03-23,60.4,44
2018-03-24,64,36
2018-03-25,80,64
2018-03-26,63,47
2018-03-27,58.9,45
2018-03-28,67.8,54
2018-03-29,75.9,52
2018-03-30,69.3,48
2018-03-31,62.4,47
2018-04-01,66.5,49
2018-04-02,74.6,60
2018-04-03,79.6,67
2018-04-04,84.5,65
2018-04-05,81.5,61
2018-04-06,70.6,39
2018-04-07,49.9,36
2018-04-08,43.8,23
2018-04-09,57,30
2018-04-10,49,37
2018-04-11,68.5,47
2018-04-12,37.4,14
2018-04-13,52.5,35
2018-04-14,85.1,73
2018-04-15,63.8,46
2018-04-16,63,53
2018-04-17,75.8,54
2018-04-18,63.5,50
2018-04-19,45.5,22
2018-04-20,52.3,30
2018-04-21,61.1,48
2018-04-22,78.3,52
2018-04-23,96.3,87
2018-04-24,96.8,89
2018-04-25,78.1,44
2018-04-26,74.3,57
2018-04-27,69.1,33
2018-04-28,80.4,56
2018-04-29,72.8,67
2018-04-30,75.9,49
2018-05-01,81.6,59
2018-05-02,85.5,61
2018-05-03,58.1,48
2018-05-04,42,17
2018-05-05,43.5,17
2018-05-06,84,59
2018-05-07,93.8,83
2018-05-08,77.8,66
2018-05-09,66.5,56
2018-05-10,72.3,63
2018-05-11,61.3,42
2018-05-12,64.5,49
2018-05-13,90.8,76
2018-05-14,78.8,52
2018-05-15,68.8,50
2018-05-16,80.4,58
2018-05-17,77,62
2018-05-18,90.1,68
2018-05-19,79.6,65
2018-05-20,74.1,61
2018-05-21,83.8,74
2018-05-22,76.8,53
2018-05-23,77.1,45
2018-05-24,52.8,16
2018-05-25,63.8,33
2018-05-26,83.6,61
2018-05-27,84.5,64
2018-05-28,90.6,73
2018-05-29,89.3,66
2018-05-30,89,72
2018-05-31,82.1,54
2018-06-01,70.9,56
2018-06-02,65.5,53
2018-06-03,68.3,49
2018-06-04,69.1,52
2018-06-05,94.9,71
2018-06-06,89,72
2018-06-07,84.8,68
2018-06-08,85.1,63
2018-06-09,77.1,56
2018-06-10,86.5,78
2018-06-11,91.1,76
2018-06-12,80.1,63
2018-06-13,71,50
2018-06-14,78.1,65
2018-06-15,74.8,58
2018-06-16,71.6,57
2018-06-17,82.6,67
2018-06-18,78.9,67
2018-06-19,88.3,71
2018-06-20,86.1,68
2018-06-21,82,59
2018-06-22,71.6,47
2018-06-23,74,62
2018-06-24,67.6,52
2018-06-25,73,62
2018-06-26,68,56
2018-06-27,84.4,62
2018-06-28,84.9,64
2018-06-29,87.8,69
2018-06-30,92,75
2018-07-01,79.9,69
2018-07-02,80.3,57
2018-07-03,91.4,86
2018-07-04,80.9,65
2018-07-05,90.1,80
2018-07-06,94.8,85
2018-07-07,84.1,77
2018-07-08,95.9,89
2018-07-09,90.3,74
2018-07-10,74.8,57
2018-07-11,69.5,50
2018-07-12,82,70
2018-07-13,88.4,78
2018-07-14,81.4,68
2018-07-15,82.8,70
2018-07-16,84.1,70
2018-07-17,80.8,66
2018-07-18,73.8,61
2018-07-19,73.4,53
2018-07-20,67.3,53
2018-07-21,80.3,52
2018-07-22,75.8,68
2018-07-23,74.1,59
2018-07-24,75.4,65
2018-07-25,79,70
2018-07-26,80.9,69
2018-07-27,77.1,58
2018-07-28,83.5,72
2018-07-29,83.9,72
2018-07-30,78.6,70
2018-07-31,76.3,64
2018-08-01,78.1,65
2018-08-02,81.8,63
2018-08-03,74.6,51
2018-08-04,80.8,69
2018-08-05,77.6,68
2018-08-06,78.1,63
2018-08-07,76,63
2018-08-08,78.5,62
2018-08-09,83,59
2018-08-10,78.3,63
2018-08-11,82.3,62
2018-08-12,77.5,60
2018-08-13,67.8,48
2018-08-14,60.3,44
2018-08-15,81.8,57
2018-08-16,88.9,81
2018-08-17,76.1,63
2018-08-18,71.5,60
2018-08-19,69.1,53
2018-08-20,69.8,59
2018-08-21,72.9,60
2018-08-22,86.4,66
2018-08-23,89.4,68
2018-08-24,84.3,71
2018-08-25,88.3,70
2018-08-26,83,61
2018-08-27,79.8,63
2018-08-28,79.1,69
2018-08-29,75.5,56
2018-08-30,74.1,51
2018-08-31,66.8,54
2018-09-01,87.4,69
2018-09-02,90.3,74
2018-09-03,83.9,67
2018-09-04,82.3,68
2018-09-05,64.5,43
2018-09-06,66,53
2018-09-07,79,64
2018-09-08,58.1,47
2018-09-09,64,48
2018-09-10,65.1,48
2018-09-11,74.9,60
2018-09-12,88,81
2018-09-13,97.6,95
2018-09-14,90,78
2018-09-15,87.3,75
2018-09-16,79.4,70
2018-09-17,80.9,61
2018-09-18,63.8,41
2018-09-19,66.3,37
2018-09-20,93.5,79
2018-09-21,89.6,74
2018-09-22,68.3,49
2018-09-23,62.6,37
2018-09-24,57.3,48
2018-09-25,57.3,38
2018-09-26,71,55
2018-09-27,68.5,59
2018-09-28,75,69
2018-09-29,82.3,71
2018-09-30,63.6,48
2018-10-01,54,46
2018-10-02,59.9,45
2018-10-03,60.8,49
2018-10-04,82.6,61
2018-10-05,98.4,93
2018-10-06,89.6,79
2018-10-07,68.6,52
2018-10-08,51.8,36
2018-10-09,68,55
2018-10-10,63.1,48
2018-10-11,57.1,49
2018-10-12,57.6,44
2018-10-13,61.9,47
2018-10-14,74.8,62
2018-10-15,62,43
2018-10-16,68.1,45
2018-10-17,62.1,41
2018-10-18,55,43
2018-10-19,57.9,47
2018-10-20,58.3,48
2018-10-21,63.9,55
2018-10-22,72,54
2018-10-23,72,60
2018-10-24,60.4,51
2018-10-25,62.9,49
2018-10-26,71,48
2018-10-27,49.6,40
2018-10-28,51.9,38
2018-10-29,55.6,29
2018-10-30,61.3,51
2018-10-31,57,38
2018-11-01,58.3,46
2018-11-02,61.3,50
2018-11-03,62.9,49
2018-11-04,55.5,41
2018-11-05,62.5,48
2018-11-06,70.5,53
2018-11-07,86,74
2018-11-08,83.9,68
2018-11-09,71.5,57
2018-11-10,67.4,55
2018-11-11,75.1,51
2018-11-12,71.5,51
2018-11-13,59.8,49
2018-11-14,69.9,57
2018-11-15,68.8,49
2018-11-16,76.3,58
2018-11-17,55.1,34
2018-11-18,52.5,32
2018-11-19,52.5,38
2018-11-20,47.9,30
2018-11-21,59.5,35
2018-11-22,56.8,42
2018-11-23,55.1,47
2018-11-24,64.8,43
2018-11-25,70,60
2018-11-26,75.1,65
2018-11-27,71.5,46
2018-11-28,56.9,34
2018-11-29,62.8,46
2018-11-30,62.8,45
2018-12-01,62.5,40
2018-12-02,80.5,68
2018-12-03,90.1,69
2018-12-04,79.9,53
2018-12-05,59.6,47
2018-12-06,78.6,58
2018-12-07,67.6,56
2018-12-08,64.8,48
2018-12-09,56.3,41
2018-12-10,57.5,41
2018-12-11,87.6,68
2018-12-12,62.6,53
2018-12-13,57,45
2018-12-14,60,53
2018-12-15,55.8,42
2018-12-16,80.8,61
2018-12-17,49.9,36
2018-12-18,53.6,45
2018-12-19,53.6,41
2018-12-20,90.4,48
2018-12-21,88.4,83
2018-12-22,78.4,62
2018-12-23,66.9,41
2018-12-24,61.6,53
2018-12-25,60.3,36
2018-12-26,65.8,44
2018-12-27,65.3,42
2018-12-28,68.4,51
2018-12-29,65.1,55
2018-12-30,64.1,55
2018-12-31,58.6,50
2019-01-01,61.1,47
2019-01-02,60.9,53
2019-01-03,60.1,41
2019-01-04,77.5,63
2019-01-05,66.8,50
2019-01-06,64.4,54
2019-01-07,65.5,56
2019-01-08,62.5,55
2019-01-09,55.5,48
2019-01-10,65.1,58
2019-01-11,70.9,60
2019-01-12,72.8,49
2019-01-13,65.6,53
2019-01-14,66.1,58
2019-01-15,61,50
2019-01-16,63.5,56
2019-01-17,56.4,50
2019-01-18,63.4,51
2019-01-19,73.8,62
2019-01-20,66.4,49
2019-01-21,59,51
2019-01-22,57.4,40
2019-01-23,56.4,40
2019-01-24,56.1,40
2019-01-25,60.4,42
2019-01-26,56.1,44
2019-01-27,62,50
2019-01-28,57.1,42
2019-01-29,63.6,53
2019-01-30,68.9,56
2019-01-31,76.3,57
2019-02-01,57.5,46
2019-02-02,58.3,47
2019-02-03,83.5,61
2019-02-04,49.9,30
2019-02-05,57,47
2019-02-06,63.5,49
2019-02-07,70.5,49
2019-02-08,55.3,39
2019-02-09,60.4,50
2019-02-10,56.1,50
2019-02-11,61.5,54
2019-02-12,55.3,36
2019-02-13,51.3,36
2019-02-14,58.3,48
2019-02-15,71.4,57
2019-02-16,63.1,53
2019-02-17,58.5,48
2019-02-18,68.3,46
2019-02-19,87,77
2019-02-20,68.3,59
2019-02-21,62,51
2019-02-22,71,61
2019-02-23,62.3,50
2019-02-24,54.8,37
2019-02-25,56.4,35
2019-02-26,52.8,39
2019-02-27,74.9,57
2019-02-28,66.5,43
2019-03-01,59.3,41
2019-03-02,66.9,52
2019-03-03,73.4,53
2019-03-04,72.5,59
2019-03-05,59.9,40
2019-03-06,78.5,62
2019-03-07,71.8,57
2019-03-08,61,51
2019-03-09,63.1,22
2019-03-10,91.4,74
2019-03-11,72.5,58
2019-03-12,58.3,39
2019-03-13,47.1,34
2019-03-14,45.5,25
2019-03-15,59.1,39
2019-03-16,52.3,26
2019-03-17,57.1,39
2019-03-18,60.5,42
2019-03-19,67.3,55
2019-03-20,62.6,37
2019-03-21,81.1,70
2019-03-22,59.3,49
2019-03-23,50.5,40
2019-03-24,52.3,43
2019-03-25,52.9,40
2019-03-26,65.6,48
2019-03-27,46.8,17
2019-03-28,79.6,63
2019-03-29,65.6,36
2019-03-30,60.1,43
2019-03-31,42.8,33
2019-04-01,47.9,28
2019-04-02,55.5,33
2019-04-03,39.3,21
2019-04-04,45.9,35
2019-04-05,67,33
2019-04-06,71.9,54
2019-04-07,71.3,46
2019-04-08,66.4,27
2019-04-09,73.5,35
2019-04-10,87.3,73
2019-04-11,76,68
2019-04-12,57.8,36
2019-04-13,50.5,40
2019-04-14,67,54
2019-04-15,42.8,14
2019-04-16,47.9,15
2019-04-17,71.9,59
2019-04-18,69,55
2019-04-19,78.3,62
2019-04-20,76.8,63
2019-04-21,68.1,44
2019-04-22,70.4,53
2019-04-23,80.9,58
2019-04-24,87.6,70
2019-04-25,91.3,79
2019-04-26,73.6,63
2019-04-27,64.1,48
2019-04-28,64.4,47
2019-04-29,94.6,76
2019-04-30,91.6,79
2019-05-01,74.6,48
2019-05-02,40.9,25
2019-05-03,49,25
2019-05-04,48,31
2019-05-05,51.9,33
2019-05-06,53.5,37
2019-05-07,48.4,28
2019-05-08,42.5,27
2019-05-09,43.3,35
2019-05-10,49.6,33
2019-05-11,42.8,19
2019-05-12,60.9,35
2019-05-13,73.6,53
2019-05-14,80,57
2019-05-15,67.5,34
2019-05-16,58.4,40
2019-05-17,73.1,45
2019-05-18,91.6,74
2019-05-19,84.1,68
2019-05-20,66.6,42
2019-05-21,41.1,23
2019-05-22,30.5,15
2019-05-23,28.3,10
2019-05-24,17.9,12
2019-05-25,51.6,15
2019-05-26,61.5,49
2019-05-27,84.1,55
2019-05-28,55.9,39
2019-05-29,46.3,23
2019-05-30,51.3,31
2019-05-31,73.9,41
2019-06-01,77.1,59
2019-06-02,70.1,44
2019-06-03,62.3,33
2019-06-04,73.4,57
2019-06-05,74.9,49
2019-06-06,82.6,68
2019-06-07,88.8,78
2019-06-08,86.6,72
2019-06-09,74.8,51
2019-06-10,71.3,53
2019-06-11,71.5,57
2019-06-12,78.5,62
2019-06-13,70.3,48
2019-06-14,95.3,79
2019-06-15,86.8,72
2019-06-16,78.1,66
2019-06-17,76.4,70
2019-06-18,82,58
2019-06-19,82.9,66
2019-06-20,83.4,70
2019-06-21,79.1,59
2019-06-22,83.5,69
2019-06-23,79.1,61
2019-06-24,74.9,63
2019-06-25,60.9,38
2019-06-26,97.6,56
2019-06-27,92.5,80
2019-06-28,80.4,67
2019-06-29,84,73
2019-06-30,88,70
2019-07-01,90.3,81
2019-07-02,84.9,68
2019-07-03,86.1,74
2019-07-04,82.3,70
2019-07-05,68.1,50
2019-07-06,78.6,63
2019-07-07,78.9,64
2019-07-08,88.5,79
2019-07-09,87.4,72
2019-07-10,97.3,88
2019-07-11,88.4,71
2019-07-12,86.8,75
2019-07-13,91.8,85
2019-07-14,85.3,72
2019-07-15,87.3,74
2019-07-16,79.1,59
2019-07-17,84.4,65
2019-07-18,97,89
2019-07-19,99.4,95
2019-07-20,88.4,71
2019-07-21,80.6,66
2019-07-22,89.6,63
2019-07-23,82.5,68
2019-07-24,80.4,66
2019-07-25,85.8,73
2019-07-26,86.8,72
2019-07-27,87.6,70
2019-07-28,75.8,64
2019-07-29,73.5,60
2019-07-30,70,48
2019-07-31,76.9,63
2019-08-01,81.1,69
2019-08-02,81.5,67
2019-08-03,74,58
2019-08-04,84.5,67
2019-08-05,78.1,64
2019-08-06,71.1,55
2019-08-07,70.4,56
2019-08-08,65,51
2019-08-09,72.6,56
2019-08-10,71.9,64
2019-08-11,84.6,72
2019-08-12,81.9,60
2019-08-13,81.1,66
2019-08-14,83.3,69
2019-08-15,88.5,80
2019-08-16,77.4,64
2019-08-17,65.4,51
2019-08-18,70.9,52
2019-08-19,80.1,65
2019-08-20,88.1,72
2019-08-21,83.1,67
2019-08-22,81.8,69
2019-08-23,70.1,51
2019-08-24,55.3,42
2019-08-25,66.6,52
2019-08-26,83.5,67
2019-08-27,89.1,71
2019-08-28,91.8,72
2019-08-29,87.1,73
2019-08-30,69,53
2019-08-31,64.4,51
2019-09-01,80.6,58
2019-09-02,93.8,80
2019-09-03,93.3,83
2019-09-04,91.6,76
2019-09-05,89.3,71
2019-09-06,89.9,78
2019-09-07,80,63
2019-09-08,94.5,85
2019-09-09,92.9,81
2019-09-10,79.5,64
2019-09-11,88.5,76
2019-09-12,86.3,76
2019-09-13,73.4,65
2019-09-14,76.5,56
2019-09-15,84.3,75
2019-09-16,82.8,71
2019-09-17,67.3,58
2019-09-18,69.9,55
2019-09-19,65.9,48
2019-09-20,72.9,61
2019-09-21,91.4,77
2019-09-22,90.6,71
2019-09-23,73.9,59
2019-09-24,62.3,46
2019-09-25,67.5,46
2019-09-26,85,66
2019-09-27,94.4,86
2019-09-28,97.9,92
2019-09-29,93.8,79
2019-09-30,92,78
2019-10-01,89.4,79
2019-10-02,88.3,73
2019-10-03,86.5,77
2019-10-04,81.3,69
2019-10-05,76.1,70
2019-10-06,77.8,64
2019-10-07,74.4,66
2019-10-08,61.5,51
2019-10-09,50.4,40
2019-10-10,51,34
2019-10-11,57.8,47
2019-10-12,62.3,45
2019-10-13,63,51
2019-10-14,67.4,60
2019-10-15,71.4,56
2019-10-16,61.1,46
2019-10-17,68.6,52
2019-10-18,89.3,65
2019-10-19,75.6,62
2019-10-20,73,62
2019-10-21,65.5,53
2019-10-22,69,62
2019-10-23,78.9,70
2019-10-24,71.1,58
2019-10-25,70,52
2019-10-26,62.9,52
2019-10-27,57.6,47
2019-10-28,65,47
2019-10-29,57.5,42
2019-10-30,59.3,50
2019-10-31,61.5,50
2019-11-01,67.5,52
2019-11-02,74.6,56
2019-11-03,75.1,58
2019-11-04,73.4,56
2019-11-05,66.8,56
2019-11-06,61.3,47
2019-11-07,62,49
2019-11-08,58.3,50
2019-11-09,55.5,41
2019-11-10,64,51
2019-11-11,60.3,48
2019-11-12,60.9,51
2019-11-13,67.8,49
2019-11-14,50.8,40
2019-11-15,50.8,38
2019-11-16,61.1,47
2019-11-17,63.8,53
2019-11-18,72.4,55
2019-11-19,52.4,47
2019-11-20,57,48
2019-11-21,65.9,51
2019-11-22,76.4,57
2019-11-23,74.4,58
2019-11-24,91.4,69
2019-11-25,64.6,54
2019-11-26,77.8,66
2019-11-27,74.6,57
2019-11-28,64.9,50
2019-11-29,54.5,38
2019-11-30,59.3,38
2019-12-01,87,73
2019-12-02,62.1,44
2019-12-03,52.8,44
2019-12-04,51.9,42
2019-12-05,54.3,43
2019-12-06,56.4,42
2019-12-07,55.1,41
2019-12-08,60,51
2019-12-09,58.9,46
2019-12-10,55.4,41
2019-12-11,62.4,50
2019-12-12,53.8,43
2019-12-13,66.9,51
2019-12-14,64.8,45
2019-12-15,67,57
2019-12-16,64.4,52
2019-12-17,89.3,69
2019-12-18,66.9,59
2019-12-19,60.5,56
2019-12-20,56.4,46
2019-12-21,61.6,48
2019-12-22,70,52
2019-12-23,65.4,58
2019-12-24,64.1,53
2019-12-25,78.1,60
2019-12-26,77.6,60
2019-12-27,55.1,47
2019-12-28,57.8,47
2019-12-29,82.4,65
2019-12-30,76,61
2019-12-31,61.6,50
2020-01-01,62.9,54
2020-01-02,66.8,62
2020-01-03,66.9,60
2020-01-04,66.5,55
2020-01-05,61.9,44
2020-01-06,62.5,43
2020-01-07,69.8,54
2020-01-08,68.9,58
2020-01-09,65.5,60
2020-01-10,63,45
2020-01-11,60.4,52
2020-01-12,59.1,48
2020-01-13,56.6,48
2020-01-14,73.5,59
2020-01-15,61.8,51
2020-01-16,55.8,42
2020-01-17,52,39
2020-01-18,58,52
2020-01-19,58,48
2020-01-20,50.3,39
2020-01-21,57.8,46
2020-01-22,85.1,55
2020-01-23,87.3,76
2020-01-24,64.5,50
2020-01-25,77.9,64
2020-01-26,74,56
2020-01-27,84.1,74
2020-01-28,73.4,63
2020-01-29,67.8,60
2020-01-30,61.8,51
2020-01-31,56.9,49
2020-02-01,60.3,51
2020-02-02,61.8,51
2020-02-03,65,50
2020-02-04,60.3,49
2020-02-05,63.6,51
2020-02-06,53.8,38
2020-02-07,60.5,43
2020-02-08,58.8,51
2020-02-09,57.4,46
2020-02-10,66.4,53
2020-02-11,57.9,39
2020-02-12,83.5,73
2020-02-13,74.6,63
2020-02-14,75.8,52
2020-02-15,75.8,47
2020-02-16,74.4,51
2020-02-17,71.6,49
2020-02-18,57.9,45
2020-02-19,58.6,40
2020-02-20,59.5,47
2020-02-21,56.9,38
2020-02-22,58.3,41
2020-02-23,55.9,48
2020-02-24,52.1,37
2020-02-25,79.8,58
2020-02-26,82,70
2020-02-27,63.8,56
2020-02-28,75.4,58
2020-02-29,94,90
2020-03-01,86.1,71
2020-03-02,61.9,49
2020-03-03,70.3,54
2020-03-04,58.6,44
2020-03-05,55.3,44
2020-03-06,65.3,52
2020-03-07,84.3,64
2020-03-08,70.6,56
2020-03-09,80.9,59
2020-03-10,79.9,52
2020-03-11,49.1,38
2020-03-12,58.9,40
2020-03-13,56.8,34
2020-03-14,48.6,32
2020-03-15,50.8,29
2020-03-16,53.5,41
2020-03-17,51.8,22
2020-03-18,69.9,51
2020-03-19,46.3,23
2020-03-20,37.4,17
2020-03-21,45,30
2020-03-22,71.3,45
2020-03-23,51.6,31
2020-03-24,62.8,46
2020-03-25,56.4,35
2020-03-26,85.5,63
2020-03-27,82.5,62
2020-03-28,61.6,45
2020-03-29,67.8,46
2020-03-30,65.3,51
2020-03-31,66.8,46
2020-04-01,62.8,43
2020-04-02,57.4,45
2020-04-03,49.4,34
2020-04-04,53.4,35
2020-04-05,49.6,34
2020-04-06,56.8,36
2020-04-07,45.5,16
2020-04-08,46.5,20
2020-04-09,42.8,30
2020-04-10,59.9,44
2020-04-11,80.1,61
2020-04-12,81.5,67
2020-04-13,60.4,40
2020-04-14,44.1,28
2020-04-15,52.5,37
2020-04-16,58,42
2020-04-17,72.8,50
2020-04-18,74.5,56
2020-04-19,85.4,63
2020-04-20,74.1,53
2020-04-21,42.3,19
2020-04-22,47.1,33
2020-04-23,50.6,36
2020-04-24,43.6,23
2020-04-25,39.9,17
2020-04-26,53.3,24
2020-04-27,53.1,28
2020-04-28,37.6,17
2020-04-29,39.9,19
2020-04-30,58.9,38
2020-05-01,71.4,54
2020-05-02,83.1,64
2020-05-03,88.8,73
2020-05-04,83.6,65
2020-05-05,86,61
2020-05-06,72.6,43
2020-05-07,65.1,36
2020-05-08,65,47
2020-05-09,71.8,51
2020-05-10,81.9,71
2020-05-11,77,54
2020-05-12,57.9,25
2020-05-13,47.4,32
2020-05-14,40.4,25
2020-05-15,78.5,59
2020-05-16,96.5,85
2020-05-17,87.1,67
2020-05-18,81.6,54
2020-05-19,67.1,45
2020-05-20,71.6,59
2020-05-21,66.9,49
2020-05-22,70.4,51
2020-05-23,73.1,55
2020-05-24,77.3,60
2020-05-25,85.5,60
2020-05-26,71,58
2020-05-27,73,56
2020-05-28,63,28
2020-05-29,78.3,64
2020-05-30,79.5,55
2020-05-31,88.1,70
2020-06-01,83,58
2020-06-02,69.3,42
2020-06-03,83.6,66
2020-06-04,86.4,66
2020-06-05,92.9,74
2020-06-06,85.8,64
2020-06-07,77.5,46
2020-06-08,62.8,42
2020-06-09,64.1,52
2020-06-10,76.5,54
2020-06-11,85.1,69
2020-06-12,92.1,84
2020-06-13,88.5,72
2020-06-14,91.9,73
2020-06-15,86.3,68
2020-06-16,82.8,64
2020-06-17,91,68
2020-06-18,95.8,87
2020-06-19,91.8,76
2020-06-20,78.9,70
2020-06-21,81.8,68
2020-06-22,82.6,59
2020-06-23,66.6,45
2020-06-24,83.1,52
2020-06-25,93.3,86
2020-06-26,82,63
2020-06-27,89.9,75
2020-06-28,80.4,53
2020-06-29,87.4,67
2020-06-30,84.3,73
2020-07-01,73.1,53
2020-07-02,66.4,53
2020-07-03,93.8,63
2020-07-04,91.6,82
2020-07-05,93.3,82
2020-07-06,95.5,83
2020-07-07,95.5,80
2020-07-08,90.3,72
2020-07-09,91.9,73
2020-07-10,88.3,71
2020-07-11,88.9,75
2020-07-12,89.4,80
2020-07-13,86.9,67
2020-07-14,85.8,75
2020-07-15,85,72
2020-07-16,81.3,69
2020-07-17,71.4,53
2020-07-18,75.4,62
2020-07-19,70.8,48
2020-07-20,84.1,69
2020-07-21,89.4,77
2020-07-22,85.8,72
2020-07-23,82.8,57
2020-07-24,84.3,74
2020-07-25,79.5,61
2020-07-26,82,72
2020-07-27,91.8,78
2020-07-28,79.1,55
2020-07-29,84.6,73
2020-07-30,83.8,68
2020-07-31,87.6,78
2020-08-01,74.9,62
2020-08-02,72.8,49
2020-08-03,74.5,61
2020-08-04,71.9,54
2020-08-05,68.8,54
2020-08-06,71.1,57
2020-08-07,63.9,53
2020-08-08,62.3,52
2020-08-09,64.5,47
2020-08-10,75,60
2020-08-11,70.9,61
2020-08-12,70,54
2020-08-13,67.6,47
2020-08-14,62.9,47
2020-08-15,65.5,34
2020-08-16,72,61
2020-08-17,73.6,64
2020-08-18,69,57
2020-08-19,74.5,63
2020-08-20,73.4,67
2020-08-21,76.4,61
2020-08-22,82,59
2020-08-23,77.8,67
2020-08-24,70,46
2020-08-25,76.9,60
2020-08-26,79.1,67
2020-08-27,81.9,68
2020-08-28,85.4,61
2020-08-29,83.3,71
2020-08-30,84.1,70
2020-08-31,82.1,68
2020-09-01,89.6,86
2020-09-02,96,90
2020-09-03,75.5,63
2020-09-04,63.4,42
2020-09-05,76.9,48
2020-09-06,94.4,90
2020-09-07,86.1,73
2020-09-08,66.9,52
2020-09-09,68.3,45
2020-09-10,67.3,49
2020-09-11,75.9,48
2020-09-12,81.1,72
2020-09-13,85.4,72
2020-09-14,83.3,69
2020-09-15,80.4,70
2020-09-16,90.3,69
2020-09-17,91.4,84
2020-09-18,76.9,55
2020-09-19,57.9,47
2020-09-20,57.4,31
2020-09-21,63.1,52
2020-09-22,69,62
2020-09-23,78,60
2020-09-24,78.5,69
2020-09-25,71.9,59
2020-09-26,69.9,54
2020-09-27,72.5,58
2020-09-28,67,54
2020-09-29,61.6,49
2020-09-30,70.6,49
2020-10-01,74.6,65
2020-10-02,62.3,48
2020-10-03,68.9,58
2020-10-04,76.5,67
2020-10-05,53.4,36
2020-10-06,53.5,37
2020-10-07,58.4,49
2020-10-08,59.4,48
2020-10-09,59.3,51
2020-10-10,64.6,53
2020-10-11,66.4,55
2020-10-12,67.1,51
2020-10-13,54.9,46
2020-10-14,48.8,30
2020-10-15,43.6,32
2020-10-16,63.3,39
2020-10-17,54.9,33
2020-10-18,62.5,50
2020-10-19,59.8,48
2020-10-20,66,52
2020-10-21,77,52
2020-10-22,69.8,49
2020-10-23,51.5,44
2020-10-24,55.4,46
2020-10-25,61.1,50
2020-10-26,63.6,48
2020-10-27,65.9,51
2020-10-28,67.3,51
2020-10-29,51.6,34
2020-10-30,52.8,39
2020-10-31,58.4,45
2020-11-01,66.3,43
2020-11-02,70.9,44
2020-11-03,55,41
2020-11-04,54.1,46
2020-11-05,58.9,43
2020-11-06,71.1,49
2020-11-07,77.9,54
2020-11-08,55.5,37
2020-11-09,48.3,31
2020-11-10,55.9,41
2020-11-11,60.5,49
2020-11-12,69.5,58
2020-11-13,60.3,40
2020-11-14,69,37
2020-11-15,72,60
2020-11-16,83.3,68
2020-11-17,70.6,51
2020-11-18,68.3,53
2020-11-19,78,52
2020-11-20,68.5,61
2020-11-21,75,66
2020-11-22,80.4,63
2020-11-23,61.3,54
2020-11-24,48.6,28
2020-11-25,54.8,45
2020-11-26,64,52
2020-11-27,62.1,50
2020-11-28,57.3,49
2020-11-29,63.4,56
2020-11-30,60.6,54
2020-12-01,52.1,41
2020-12-02,55.5,40
2020-12-03,58.5,47
2020-12-04,57.5,50
2020-12-05,56.6,44
2020-12-06,59.5,49
2020-12-07,60.4,49
2020-12-08,63,55
2020-12-09,62.4,53
2020-12-10,55,29
2020-12-11,67.8,58
2020-12-12,55,39
2020-12-13,57.6,38
2020-12-14,66.9,52
2020-12-15,63.8,57
2020-12-16,69.3,58
2020-12-17,65.1,55
2020-12-18,57.3,42
2020-12-19,54.5,32
2020-12-20,54.9,45
2020-12-21,54.4,42
2020-12-22,52.8,37
2020-12-23,53.4,34
2020-12-24,58,42
2020-12-25,53.5,42
2020-12-26,56.8,43
2020-12-27,78.6,42
2020-12-28,74,54
2020-12-29,79,66
2020-12-30,74.9,54
2020-12-31,67.9,50
2021-01-01,54.4,46
2021-01-02,56.4,43
2021-01-03,57,48
2021-01-04,57.8,48
2021-01-05,66,57
2021-01-06,60.8,41
2021-01-07,76.5,49
2021-01-08,74.9,43
2021-01-09,71.4,52
2021-01-10,62.9,49
2021-01-11,79,50
2021-01-12,62.3,49
2021-01-13,48.9,39
2021-01-14,62.5,50
2021-01-15,67.9,46
2021-01-16,64.6,57
2021-01-17,69,47
2021-01-18,50.6,39
2021-01-19,53.3,37
2021-01-20,58.3,39
2021-01-21,66.8,45
2021-01-22,91.4,80
2021-01-23,90,78
2021-01-24,64.3,54
2021-01-25,66.9,56
2021-01-26,84.6,70
2021-01-27,52.8,38
2021-01-28,60.3,43
2021-01-29,58.4,46
2021-01-30,54.5,43
2021-01-31,59.9,44
2021-02-01,80.8,59
2021-02-02,57.1,48
2021-02-03,49.5,32
2021-02-04,56.3,38
2021-02-05,57.6,39
2021-02-06,70.4,57
2021-02-07,68.8,49
2021-02-08,57.3,45
2021-02-09,59.4,47
2021-02-10,64.6,50
2021-02-11,69.8,58
2021-02-12,57,39
2021-02-13,56,37
2021-02-14,80.1,54
2021-02-15,70.4,53
2021-02-16,58.5,47
2021-02-17,61.8,46
2021-02-18,68.3,52
2021-02-19,51.5,22
2021-02-20,45.1,28
2021-02-21,39.3,23
2021-02-22,47.8,25
2021-02-23,52,37
2021-02-24,62,44
2021-02-25,71.3,54
2021-02-26,74,57
2021-02-27,63.1,54
2021-02-28,72.5,61
2021-03-01,78.3,61
2021-03-02,67.4,52
2021-03-03,60.6,45
2021-03-04,82.4,59
2021-03-05,82,68
2021-03-06,75.3,66
2021-03-07,72.4,63
2021-03-08,72.5,64
2021-03-09,59.5,37
2021-03-10,62.1,47
2021-03-11,77,57
2021-03-12,88.3,78
2021-03-13,75.4,59
2021-03-14,64.1,50
2021-03-15,63.3,50
2021-03-16,75.8,36
2021-03-17,66,51
2021-03-18,74.6,61
2021-03-19,77.5,64
2021-03-20,92.5,80
2021-03-21,61.5,43
2021-03-22,46.4,33
2021-03-23,53.8,39
2021-03-24,58.6,46
2021-03-25,66.5,39
2021-03-26,54.4,37
2021-03-27,73.1,50
2021-03-28,76.4,59
2021-03-29,50.9,29
2021-03-30,48.9,14
2021-03-31,58.6,37
2021-04-01,76.9,63
2021-04-02,79.3,67
2021-04-03,85.3,66
2021-04-04,92.8,85
2021-04-05,64.3,39
2021-04-06,57.5,43
2021-04-07,52.6,41
2021-04-08,48.1,21
2021-04-09,57.1,41
2021-04-10,60.4,48
2021-04-11,51.5,30
2021-04-12,82.4,47
2021-04-13,76.8,63
2021-04-14,54,43
2021-04-15,55.8,43
2021-04-16,67.6,59
2021-04-17,60.8,32
2021-04-18,48.4,37
2021-04-19,33.8,16
2021-04-20,42.4,27
2021-04-21,53.1,29
2021-04-22,46.3,16
2021-04-23,67,42
2021-04-24,80.9,63
2021-04-25,69,51
2021-04-26,58.1,34
2021-04-27,67.3,39
2021-04-28,79.6,69
2021-04-29,61.6,12
2021-04-30,61.8,32
2021-05-01,71,45
2021-05-02,65.6,54
2021-05-03,68.3,58
2021-05-04,68.5,44
2021-05-05,51.4,20
2021-05-06,43.1,27
2021-05-07,54.9,39
2021-05-08,56.4,36
2021-05-09,54.6,13
2021-05-10,63.8,35
2021-05-11,85.4,75
2021-05-12,78.5,62
2021-05-13,76.4,55
2021-05-14,80.4,61
2021-05-15,79.6,56
2021-05-16,83.1,61
2021-05-17,85.4,68
2021-05-18,63,43
2021-05-19,68.4,47
2021-05-20,88.4,75
2021-05-21,66.3,44
2021-05-22,69.3,54
2021-05-23,69.1,53
2021-05-24,71.9,53
2021-05-25,59.3,20
2021-05-26,54.1,17
2021-05-27,80.9,49
2021-05-28,63.3,37
2021-05-29,66.1,42
2021-05-30,65,32
2021-05-31,67,46
2021-06-01,65,41
2021-06-02,57,36
2021-06-03,76,57
2021-06-04,69.4,28
2021-06-05,59.4,29
2021-06-06,72.3,52
2021-06-07,73.8,56
2021-06-08,75.3,49
2021-06-09,74.5,56
2021-06-10,69.5,49
2021-06-11,96.4,75
2021-06-12,89.9,74
2021-06-13,88.9,74
2021-06-14,85.3,76
2021-06-15,87.9,73
2021-06-16,89,79
2021-06-17,84.1,80
2021-06-18,88.8,80
2021-06-19,78,48
2021-06-20,52,29
2021-06-21,59.3,38
2021-06-22,74.9,52
2021-06-23,74.9,67
2021-06-24,70.1,58
2021-06-25,70,53
2021-06-26,67.4,49
2021-06-27,78.4,62
2021-06-28,81.3,63
2021-06-29,76.6,63
2021-06-30,75.1,58
2021-07-01,80.3,71
2021-07-02,85.1,75
2021-07-03,76.5,58
2021-07-04,90.6,73
2021-07-05,78.8,65
2021-07-06,68,60
2021-07-07,78.9,65
2021-07-08,81,58
2021-07-09,77.1,63
2021-07-10,71.9,53
2021-07-11,76.5,61
2021-07-12,76,60
2021-07-13,72.5,59
2021-07-14,75.3,64
2021-07-15,75,61
2021-07-16,74.3,59
2021-07-17,79.8,59
2021-07-18,78.1,59
2021-07-19,69,50
2021-07-20,82.1,74
2021-07-21,83.4,70
2021-07-22,83.8,64
2021-07-23,86.4,71
2021-07-24,80.8,61
2021-07-25,79.5,70
2021-07-26,73.5,61
2021-07-27,66.1,45
2021-07-28,62.6,48
2021-07-29,70.4,50
2021-07-30,77.4,63
2021-07-31,93.1,79
2021-08-01,84.9,70
2021-08-02,87.6,75
2021-08-03,74.6,49
2021-08-04,64.8,50
2021-08-05,65.6,54
2021-08-06,75,65
2021-08-07,75,66
2021-08-08,80.8,71
2021-08-09,78.3,64
2021-08-10,74.9,65
2021-08-11,90.4,75
2021-08-12,87.8,60
2021-08-13,88.4,73
2021-08-14,93.9,88
2021-08-15,82.5,73
2021-08-16,87.4,70
2021-08-17,74.6,62
2021-08-18,71.5,61
2021-08-19,70.8,58
2021-08-20,65.6,51
2021-08-21,81,67
2021-08-22,89.1,79
2021-08-23,84,64
2021-08-24,83.6,70
2021-08-25,84.5,72
2021-08-26,83,74
2021-08-27,68.4,50
2021-08-28,70.8,54
2021-08-29,65.6,54
2021-08-30,77.1,69
2021-08-31,72.3,62
2021-09-01,76.6,61
2021-09-02,87.1,70
2021-09-03,93.1,85
2021-09-04,82.5,70
2021-09-05,87.1,77
2021-09-06,82.4,67
2021-09-07,85,67
2021-09-08,73.8,59
2021-09-09,75.3,68
2021-09-10,89,71
2021-09-11,84.3,73
2021-09-12,87.5,78
2021-09-13,93.1,85
2021-09-14,99.3,94
2021-09-15,86.6,71
2021-09-16,95.3,81
2021-09-17,96,88
2021-09-18,82.1,69
2021-09-19,78.9,68
2021-09-20,76.8,57
2021-09-21,78.4,64
2021-09-22,72.3,56
2021-09-23,70.3,54
2021-09-24,74.8,58
2021-09-25,82,74
2021-09-26,78.4,63
2021-09-27,81.5,69
2021-09-28,85.3,73
2021-09-29,83.8,66
2021-09-30,93,74
2021-10-01,82.6,70
2021-10-02,74.5,62
2021-10-03,67.9,40
2021-10-04,71,56
2021-10-05,75.9,58
2021-10-06,80.1,70
2021-10-07,76.3,68
2021-10-08,82.6,70
2021-10-09,92.4,86
2021-10-10,78.8,60
2021-10-11,88.9,79
2021-10-12,96.9,92
2021-10-13,93.9,90
2021-10-14,86.3,72
2021-10-15,76.4,57
2021-10-16,76.3,51
2021-10-17,55.6,39
2021-10-18,59.9,43
2021-10-19,62.5,51
2021-10-20,60.4,50
2021-10-21,61.6,52
2021-10-22,57.5,44
2021-10-23,60.4,45
2021-10-24,69.8,61
2021-10-25,69,52
2021-10-26,62.9,40
2021-10-27,67,57
2021-10-28,63,42
2021-10-29,69.5,54
2021-10-30,73.8,60
2021-10-31,68.1,52
2021-11-01,72.3,62
2021-11-02,59.9,47
2021-11-03,65.6,53
2021-11-04,66.3,51
2021-11-05,64.3,47
2021-11-06,65.6,55
2021-11-07,68.9,52
2021-11-08,74.3,53
2021-11-09,61,47
2021-11-10,69.8,46
2021-11-11,72.9,43
2021-11-12,63.8,45
2021-11-13,58,46
2021-11-14,56.5,41
2021-11-15,63.9,48
2021-11-16,65.4,46
2021-11-17,62.9,36
2021-11-18,61.1,40
2021-11-19,62,42
2021-11-20,74,58
2021-11-21,84.6,60
2021-11-22,65.4,41
2021-11-23,53.9,46
2021-11-24,56.6,47
2021-11-25,60.9,47
2021-11-26,63.8,45
2021-11-27,60.6,41
2021-11-28,65.8,46
2021-11-29,70.1,50
2021-11-30,80.5,63
2021-12-01,63.8,52
2021-12-02,65,49
2021-12-03,56,39
2021-12-04,60.6,47
2021-12-05,62,37
2021-12-06,75.8,60
2021-12-07,65,45
2021-12-08,68.8,49
2021-12-09,80.1,70
2021-12-10,75.3,65
2021-12-11,70.4,65
2021-12-12,66,55
2021-12-13,62.8,56
2021-12-14,60.8,50
2021-12-15,74.9,52
2021-12-16,82.5,52
2021-12-17,73.1,48
2021-12-18,72.5,55
2021-12-19,56.8,45
2021-12-20,54.4,43
2021-12-21,65.1,51
2021-12-22,58.4,30
2021-12-23,56.4,37
2021-12-24,66.3,50
2021-12-25,68.4,61
2021-12-26,83.4,63
2021-12-27,71.8,59
2021-12-28,65.1,58
2021-12-29,63.3,49
2021-12-30,54.3,46
2021-12-31,62.9,51
2022-01-01,56.4,39
2022-01-02,67.1,50
2022-01-03,67.6,53
2022-01-04,62.9,42
2022-01-05,82.1,52
2022-01-06,64.6,45
2022-01-07,66.4,46
2022-01-08,69.4,60
2022-01-09,68.5,58
2022-01-10,70.4,61
2022-01-11,77.8,57
2022-01-12,68.4,57
2022-01-13,68.9,53
2022-01-14,65.8,50
2022-01-15,68.3,53
2022-01-16,68.4,54
2022-01-17,65.4,55
2022-01-18,56.8,40
2022-01-19,57.1,25
2022-01-20,61.8,50
2022-01-21,68.9,55
2022-01-22,70,54
2022-01-23,83.9,72
2022-01-24,73.6,64
2022-01-25,82.1,71
2022-01-26,66.9,54
2022-01-27,67.5,60
2022-01-28,65.9,57
2022-01-29,62.6,50
2022-01-30,58.3,43
2022-01-31,59.5,47
2022-02-01,59.5,47
2022-02-02,61.9,52
2022-02-03,57,47
2022-02-04,60.6,45
2022-02-05,61.3,47
2022-02-06,61.4,46
2022-02-07,60.6,47
2022-02-08,56.5,38
2022-02-09,73.4,56
2022-02-10,61.8,40
2022-02-11,50.4,37
2022-02-12,54.5,36
2022-02-13,69.6,46
2022-02-14,70.9,40
2022-02-15,62.6,53
2022-02-16,65.3,50
2022-02-17,60.9,51
2022-02-18,71.3,50
2022-02-19,80.5,61
2022-02-20,68.4,53
2022-02-21,57.5,40
2022-02-22,57.6,46
2022-02-23,61.6,47
2022-02-24,59.4,50
2022-02-25,54.6,34
2022-02-26,51.8,24
2022-02-27,49.9,26
2022-02-28,57,37
2022-03-01,86.8,60
2022-03-02,58.6,45
2022-03-03,53.8,34
2022-03-04,54.6,40
2022-03-05,61.5,37
2022-03-06,53.5,37
2022-03-07,58,45
2022-03-08,55.3,40
2022-03-09,73.8,35
2022-03-10,55,32
2022-03-11,65.6,54
2022-03-12,72.9,53
2022-03-13,79.3,55
2022-03-14,94.9,88
2022-03-15,79.8,62
2022-03-16,74.8,60
2022-03-17,79.6,32
2022-03-18,94,81
2022-03-19,79.3,63
2022-03-20,72.4,63
2022-03-21,72.9,43
2022-03-22,64.3,42
2022-03-23,77.9,67
2022-03-24,60,39
2022-03-25,67.9,48
2022-03-26,85.6,75
2022-03-27,46.1,18
2022-03-28,56.4,40
2022-03-29,71.5,52
2022-03-30,85.3,66
2022-03-31,85.8,73
2022-04-01,67.9,50
2022-04-02,59.1,32
2022-04-03,60,45
2022-04-04,59.5,45
2022-04-05,52.3,36
2022-04-06,72.4,57
2022-04-07,79.4,39
2022-04-08,51.1,35
2022-04-09,52.8,38
2022-04-10,59,42
2022-04-11,76.1,56
2022-04-12,87.1,70
2022-04-13,89.5,73
2022-04-14,88.9,78
2022-04-15,72.8,45
2022-04-16,63.5,47
2022-04-17,49,25
2022-04-18,54,37
2022-04-19,46.8,34
2022-04-20,41.8,30
2022-04-21,69.6,43
2022-04-22,70.9,51
2022-04-23,90.5,77
2022-04-24,92.1,73
2022-04-25,81.9,54
2022-04-26,92.1,77
2022-04-27,71.9,27
2022-04-28,78.9,58
2022-04-29,88.6,78
2022-04-30,72.9,58
2022-05-01,59.9,38
2022-05-02,52,25
2022-05-03,56.9,43
2022-05-04,62.1,38
2022-05-05,60.3,45
2022-05-06,74.8,60
2022-05-07,73.9,60
2022-05-08,76.3,55
2022-05-09,71.9,57
2022-05-10,81,74
2022-05-11,92.5,84
2022-05-12,89.6,69
2022-05-13,95.5,83
2022-05-14,61.6,32
2022-05-15,55.5,44
2022-05-16,47.4,29
2022-05-17,44,29
2022-05-18,38.3,25
2022-05-19,48.6,31
2022-05-20,71.9,43
2022-05-21,70,56
2022-05-22,60,38
2022-05-23,50,39
2022-05-24,61.6,41
2022-05-25,71.4,58
2022-05-26,67.8,47
2022-05-27,37.6,20
2022-05-28,60.8,27
2022-05-29,76,57
2022-05-30,88.5,73
2022-05-31,59.9,40
2022-06-01,69,48
2022-06-02,77.8,66
2022-06-03,83.4,75
2022-06-04,70.3,54
2022-06-05,94.5,66
2022-06-06,86.5,70
2022-06-07,84.5,67
2022-06-08,76.3,60
2022-06-09,77.3,60
2022-06-10,72.8,52
2022-06-11,83.5,71
2022-06-12,77.4,58
2022-06-13,88.9,73
2022-06-14,98.3,96
2022-06-15,81.1,49
2022-06-16,85.8,69
2022-06-17,89.1,73
2022-06-18,85.4,72
2022-06-19,83.3,65
2022-06-20,88.3,71
2022-06-21,89.5,73
2022-06-22,89.1,76
2022-06-23,72.6,58
2022-06-24,87.8,68
2022-06-25,77.6,57
2022-06-26,68,47
2022-06-27,66.1,57
2022-06-28,64.6,55
2022-06-29,70.9,58
2022-06-30,76.9,62
2022-07-01,81.6,62
2022-07-02,77.1,63
2022-07-03,76,57
2022-07-04,81.3,67
2022-07-05,81.6,68
2022-07-06,75.4,62
2022-07-07,68.9,51
2022-07-08,81.5,73
2022-07-09,74.9,56
2022-07-10,79.6,66
2022-07-11,86.4,69
2022-07-12,80.8,70
2022-07-13,79.5,64
2022-07-14,82.5,67
2022-07-15,89.5,77
2022-07-16,83,64
2022-07-17,75,54
2022-07-18,81.9,67
2022-07-19,79.4,58
2022-07-20,75.6,67
2022-07-21,77.6,66
2022-07-22,75.4,65
2022-07-23,75.6,62
2022-07-24,82.4,67
2022-07-25,75.9,61
2022-07-26,75.5,60
2022-07-27,75.6,62
2022-07-28,72.6,49
2022-07-29,84.8,69
2022-07-30,94.5,88
2022-07-31,89.9,77
2022-08-01,83,73
2022-08-02,85.8,70
2022-08-03,83.8,72
2022-08-04,75.9,62
2022-08-05,71.9,54
2022-08-06,79.5,67
2022-08-07,74.5,58
2022-08-08,65.6,43
2022-08-09,65.1,44
2022-08-10,66.8,42
2022-08-11,67.3,49
2022-08-12,78.5,61
2022-08-13,75.1,51
2022-08-14,72.5,53
2022-08-15,63.8,45
2022-08-16,74.8,60
2022-08-17,94.1,82
2022-08-18,75,58
2022-08-19,71,57
2022-08-20,80.5,65
2022-08-21,80.5,68
2022-08-22,77,59
2022-08-23,73.1,51
2022-08-24,72.4,57
2022-08-25,67.9,56
2022-08-26,70.3,53
2022-08-27,66.4,51
2022-08-28,70.8,59
2022-08-29,76.4,65
2022-08-30,69,50
2022-08-31,80.8,66
2022-09-01,82.8,77
2022-09-02,95.4,84
2022-09-03,93.4,79
2022-09-04,91.8,76
2022-09-05,96.3,84
2022-09-06,81.1,68
2022-09-07,61.5,25
2022-09-08,70.1,52
2022-09-09,75.1,60
2022-09-10,86.1,73
2022-09-11,90.3,79
2022-09-12,91.3,87
2022-09-13,93.9,89
2022-09-14,92.9,91
2022-09-15,95.3,89
2022-09-16,76.3,58
2022-09-17,83.1,71
2022-09-18,84.1,72
2022-09-19,77,67
2022-09-20,65.3,55
2022-09-21,64.4,51
2022-09-22,77,68
2022-09-23,72.3,54
2022-09-24,56.6,47
2022-09-25,72,61
2022-09-26,69,56
2022-09-27,71.3,49
2022-09-28,79.1,65
2022-09-29,69.5,52
2022-09-30,66.6,50
2022-10-01,56.9,46
2022-10-02,64,46
2022-10-03,76.5,63
2022-10-04,81.8,69
2022-10-05,66.4,53
2022-10-06,70.6,57
2022-10-07,63.3,49
2022-10-08,80.3,66
2022-10-09,84.1,70
2022-10-10,63.8,49
2022-10-11,64,52
2022-10-12,70.4,56
2022-10-13,72,63
2022-10-14,76.3,69
2022-10-15,75.5,61
2022-10-16,78.1,67
2022-10-17,60.1,40
2022-10-18,54.1,42
2022-10-19,58.4,42
2022-10-20,67.1,49
2022-10-21,78,66
2022-10-22,75.8,53
2022-10-23,67.6,51
2022-10-24,54.9,39
2022-10-25,55.8,43
2022-10-26,65.1,54
2022-10-27,63.6,39
2022-10-28,73.3,58
2022-10-29,76,67
2022-10-30,73,65
2022-10-31,71.8,63
2022-11-01,74.9,52
2022-11-02,72.4,63
2022-11-03,60.6,39
2022-11-04,59.8,51
2022-11-05,59.3,47
2022-11-06,58.9,46
2022-11-07,66.1,51
2022-11-08,58.5,31
2022-11-09,66,52
2022-11-10,81,68
2022-11-11,77.3,59
2022-11-12,84.8,78
2022-11-13,79.6,65
2022-11-14,68.6,60
2022-11-15,61.4,47
2022-11-16,69,54
2022-11-17,73.6,53
2022-11-18,78,68
2022-11-19,76.9,65
2022-11-20,91,77
2022-11-21,78.3,61
2022-11-22,81.5,62
2022-11-23,76.8,58
2022-11-24,68,57
2022-11-25,55.3,26
2022-11-26,68.5,43
2022-11-27,60.1,44
2022-11-28,72.9,41
2022-11-29,80.5,51
2022-11-30,68.5,57
2022-12-01,63.9,55
2022-12-02,66,50
2022-12-03,85.4,72
2022-12-04,63.9,50
2022-12-05,61,50
2022-12-06,55.4,43
2022-12-07,57.5,44
2022-12-08,61.5,49
2022-12-09,59.4,28
2022-12-10,69,48
2022-12-11,62.1,51
2022-12-12,67.8,51
2022-12-13,53.6,46
2022-12-14,70.9,46
2022-12-15,60.9,47
2022-12-16,68.3,48
2022-12-17,76.9,56
2022-12-18,70.5,52
2022-12-19,59.4,46
2022-12-20,70,53
2022-12-21,79.9,50
2022-12-22,72,48
2022-12-23,78,54
2022-12-24,78,61
2022-12-25,69.4,60
2022-12-26,68.4,61
2022-12-27,65.8,57
2022-12-28,63.9,51
2022-12-29,63.9,53
2022-12-30,55.1,48
2022-12-31,58,47
2023-01-01,61,45.4
2023-01-02,62,46.5
2023-01-03,60,49.1
2023-01-04,63,47.3
2023-01-05,65.1,46
2023-01-06,69.6,57
2023-01-07,57.1,42
2023-01-08,62.1,36
2023-01-09,67.4,52
2023-01-10,71.9,45
2023-01-11,65,47
2023-01-12,70.9,36
2023-01-13,91.8,69
2023-01-14,94.4,88
2023-01-15,78.3,66
2023-01-16,67.3,61
2023-01-17,67.8,56
2023-01-18,60.4,49
2023-01-19,57.6,51
2023-01-20,58.3,49
2023-01-21,67.1,61
2023-01-22,78.9,54
2023-01-23,70.3,45
2023-01-24,75.8,50
2023-01-25,68.4,55
2023-01-26,69.4,47
2023-01-27,82.6,64
2023-01-28,68.8,49
2023-01-29,57,43
2023-01-30,52.3,35
2023-01-31,55.9,32
2023-02-01,68.5,47
2023-02-02,57.6,37
2023-02-03,63.3,51
2023-02-04,60.5,47
2023-02-05,55.4,35
2023-02-06,70.8,50
2023-02-07,68.4,48
2023-02-08,57.5,35
2023-02-09,72.3,50
2023-02-10,83.3,70
2023-02-11,82.5,60
2023-02-12,84.1,59
2023-02-13,85,67
2023-02-14,67.3,49
2023-02-15,84.3,66
2023-02-16,87.8,79
2023-02-17,87.5,68
2023-02-18,88.1,73
2023-02-19,76.1,62
2023-02-20,56.1,44
2023-02-21,54.9,40
2023-02-22,77.6,61
2023-02-23,81,63
2023-02-24,62.8,45
2023-02-25,60,46
2023-02-26,54.9,34
2023-02-27,63.1,42
2023-02-28,66.4,48
2023-03-01,72.4,42
2023-03-02,49.4,37
2023-03-03,52.9,39
2023-03-04,55.4,42
2023-03-05,59,45
2023-03-06,57.1,40
2023-03-07,49.6,26
2023-03-08,56.8,38
2023-03-09,79.4,54
2023-03-10,84.5,69
2023-03-11,74.4,39
2023-03-12,69.5,49
2023-03-13,47.5,35
2023-03-14,57.6,40
2023-03-15,69.9,49
2023-03-16,57.1,31
2023-03-17,79.1,66
2023-03-18,60.9,39
2023-03-19,66.4,57
2023-03-20,67.4,53
2023-03-21,90.3,62
2023-03-22,90.4,73
2023-03-23,91,73
2023-03-24,84.5,67
2023-03-25,84.4,74
2023-03-26,62.4,39
2023-03-27,42.9,35
2023-03-28,50,32
2023-03-29,62.1,47
2023-03-30,60.3,38
2023-03-31,59.4,43
2023-04-01,73.4,42
2023-04-02,56.6,38
2023-04-03,67,51
2023-04-04,71.8,52
2023-04-05,84.4,59
2023-04-06,84.8,71
2023-04-07,75.8,61
2023-04-08,54.1,30
2023-04-09,39.5,28
2023-04-10,62.1,49
2023-04-11,66.5,47
2023-04-12,38.3,14
2023-04-13,50.3,23
2023-04-14,87.5,64
2023-04-15,89.1,72
2023-04-16,72,58
2023-04-17,55.1,37
2023-04-18,63.3,23
2023-04-19,89.9,77
2023-04-20,81.6,68
2023-04-21,80.6,39
2023-04-22,57.9,41
2023-04-23,64.1,55
2023-04-24,73.8,65
2023-04-25,92,69
2023-04-26,69.5,44
2023-04-27,69.1,56
2023-04-28,65.8,43
2023-04-29,87.4,69
2023-04-30,51.8,37
2023-05-01,49.5,28
2023-05-02,54,32
2023-05-03,72.5,44
2023-05-04,93,83
2023-05-05,84.1,66
2023-05-06,88,71
2023-05-07,92.8,85
2023-05-08,65,34
2023-05-09,56,33
2023-05-10,50.5,36
2023-05-11,73.6,40
2023-05-12,81.4,60
2023-05-13,92.4,80
2023-05-14,81.5,59
2023-05-15,75.3,47
2023-05-16,72.4,48
2023-05-17,74.9,49
2023-05-18,91.9,55
2023-05-19,86.3,59
2023-05-20,82.1,63
2023-05-21,85.4,71
2023-05-22,80.1,40
2023-05-23,64.6,44
2023-05-24,77,49
2023-05-25,57.6,34
2023-05-26,75,61
2023-05-27,71.3,58
2023-05-28,79.1,72
2023-05-29,86.1,66
2023-05-30,96.9,90
2023-05-31,86.1,67
2023-06-01,94.3,75
2023-06-02,,64
2023-06-03,71,45
2023-06-04,49.4,29
2023-06-05,66,39
2023-06-06,91.5,77
2023-06-07,,73
2023-06-08,84.6,68
2023-06-09,80.5,68
2023-06-10,80.5,57
2023-06-11,89.9,75
2023-06-12,90.4,78
2023-06-13,85.5,69
2023-06-14,70.5,47
2023-06-15,68.8,56
2023-06-16,60.1,45
2023-06-17,69.8,55
2023-06-18,65.4,45
2023-06-19,65.8,45
2023-06-20,77.3,60
2023-06-21,86.6,82
2023-06-22,71,49
2023-06-23,72.1,51
2023-06-24,65.9,48
2023-06-25,87.1,74
2023-06-26,68.6,62
2023-06-27,79,66
2023-06-28,72.6,64
2023-06-29,74.6,62
2023-06-30,86.5,72
2023-07-01,82.5,65
2023-07-02,83.3,73
2023-07-03,89.9,85
2023-07-04,81.9,62
2023-07-05,75.1,60
2023-07-06,75.3,63
2023-07-07,78,60
2023-07-08,,72
2023-07-09,72,55
2023-07-10,73.5,39
2023-07-11,65.6,50
2023-07-12,67.4,50
2023-07-13,66.9,53
2023-07-14,61.3,53
2023-07-15,65.1,56
2023-07-16,81.6,63
2023-07-17,82.4,67
2023-07-18,83.5,68
2023-07-19,85.1,75
2023-07-20,83.6,78
2023-07-21,70.3,58
2023-07-22,79.1,62
2023-07-23,68.6,56
2023-07-24,79.4,65
2023-07-25,77.1,65
2023-07-26,73.3,59
2023-07-27,68.6,50
2023-07-28,74.6,60
2023-07-29,62,40
2023-07-30,64.1,50
2023-07-31,67.8,55
2023-08-01,79.3,73
2023-08-02,71.8,52
2023-08-03,67.8,51
2023-08-04,69.4,55
2023-08-05,72,52
2023-08-06,74.4,64
2023-08-07,72.4,59
2023-08-08,74.9,63
2023-08-09,83,74
2023-08-10,76.5,58
2023-08-11,64.6,43
2023-08-12,66.6,52
2023-08-13,65.3,58
2023-08-14,69.9,55
2023-08-15,69.9,61
2023-08-16,67.9,53
2023-08-17,70.8,61
2023-08-18,77.5,64
2023-08-19,76.3,64
2023-08-20,73,64
2023-08-21,68.8,58
2023-08-22,71.4,56
2023-08-23,85.5,74
2023-08-24,81.4,67
2023-08-25,65,51
2023-08-26,67,58
2023-08-27,71.8,57
2023-08-28,69.5,47
2023-08-29,82.3,59
2023-08-30,87,78
2023-08-31,71.4,60
2023-09-01,83,75
2023-09-02,72.6,53
2023-09-03,68.1,48
2023-09-04,78.9,67
2023-09-05,67.6,49
2023-09-06,65.5,52
2023-09-07,63.3,52
2023-09-08,60,51
2023-09-09,60.4,50
2023-09-10,63.1,56
2023-09-11,63.3,50
2023-09-12,69.6,61
2023-09-13,69,48
2023-09-14,79,68
2023-09-15,72.3,62
2023-09-16,82.5,73
2023-09-17,83.4,69
2023-09-18,75,54
2023-09-19,71.3,61
2023-09-20,68,50
2023-09-21,72.9,61
2023-09-22,73.8,63
2023-09-23,66,48
2023-09-24,69.9,59
2023-09-25,76,70
2023-09-26,72.1,63
2023-09-27,70.5,60
2023-09-28,70.8,46
2023-09-29,64.8,46
2023-09-30,70.5,53
2023-10-01,55.8,34
2023-10-02,43.3,28
2023-10-03,73.4,49
2023-10-04,65.6,44
2023-10-05,49.4,37
2023-10-06,51.4,34
2023-10-07,71.3,51
2023-10-08,73.5,61
2023-10-09,68.5,53
2023-10-10,59.8,48
2023-10-11,62.4,51
2023-10-12,55.6,34
2023-10-13,62.3,55
2023-10-14,58.9,39
2023-10-15,57.3,48
2023-10-16,57.5,51
2023-10-17,58.8,48
2023-10-18,69.9,57
2023-10-19,62.3,48
2023-10-20,55,37
2023-10-21,50,30
2023-10-22,56.9,45
2023-10-23,59.6,41
2023-10-24,60,49
2023-10-25,61.9,50
2023-10-26,66.3,50
2023-10-27,58.3,37
2023-10-28,62.1,39
2023-10-29,62.1,47
2023-10-30,63.1,55
2023-10-31,54.9,41
2023-11-01,44.4,19
2023-11-02,58.1,36
2023-11-03,60,42
2023-11-04,74,60
2023-11-05,66.3,49
2023-11-06,63.5,42
2023-11-07,55.5,44
2023-11-08,65.3,52
2023-11-09,66.3,46
2023-11-10,59.6,42
2023-11-11,51.9,35
2023-11-12,59.3,52
2023-11-13,59.1,47
2023-11-14,55,44
2023-11-15,54,37
2023-11-16,66.3,52
2023-11-17,64,38
2023-11-18,60.1,48
2023-11-19,56.8,43
2023-11-20,56,43
2023-11-21,67.4,47
2023-11-22,66.8,48
2023-11-23,69.5,49
2023-11-24,53.4,42
2023-11-25,53,39
2023-11-26,60.4,38
2023-11-27,66.1,56
2023-11-28,56,43.4
2023-11-29,59,46.1
2023-11-30,63.6,48
2023-12-01,62.3,46
2023-12-02,52.9,42
2023-12-03,55,40
2023-12-04,68.5,53
2023-12-05,60,33
2023-12-06,61.4,33
2023-12-07,45.1,30
2023-12-08,53.6,29
2023-12-09,64.8,50
2023-12-10,71.5,40
2023-12-11,80.9,61
2023-12-12,78,72
2023-12-13,72.5,52
2023-12-14,83.3,72
2023-12-15,81.5,73
2023-12-16,69,49
2023-12-17,66.9,42
2023-12-18,67.1,56
2023-12-19,70.9,51
2023-12-20,58.8,45
2023-12-21,77.4,44
2023-12-22,72.8,48
2023-12-23,67.1,61
2023-12-24,69.4,55
2023-12-25,55.1,43
2023-12-26,62.1,49
2023-12-27,66.3,52
2023-12-28,63.9,50
2023-12-29,63.4,51
2023-12-30,68.4,45
2023-12-31,59.5,47
2024-01-01,68.5,53
2024-01-02,68.4,49
2024-01-03,58.8,37
2024-01-04,54.8,41
2024-01-05,57,40
2024-01-06,54.6,37
2024-01-07,53.6,38
2024-01-08,59.9,48
2024-01-09,67.4,52
2024-01-10,64.3,49
2024-01-11,56.8,47
2024-01-12,59.3,42
2024-01-13,52.6,34
2024-01-14,56.9,23
2024-01-15,53.4,42
2024-01-16,55,40
2024-01-17,48.1,39
2024-01-18,79.1,57
2024-01-19,88.3,84
2024-01-20,88.1,85
2024-01-21,82.4,72
2024-01-22,67.8,53
2024-01-23,71.1,52
2024-01-24,67,57
2024-01-25,61,57
2024-01-26,57.6,51
2024-01-27,53.9,45
2024-01-28,55,42
2024-01-29,62.1,52
2024-01-30,74.8,56
2024-01-31,84.3,70
2024-02-01,89.4,83
2024-02-02,88.5,82
2024-02-03,85.8,75
2024-02-04,83.3,76
2024-02-05,79.8,66
2024-02-06,67.6,56
2024-02-07,57.8,52
2024-02-08,58,51
2024-02-09,53.6,47
2024-02-10,58.8,46
2024-02-11,48.8,30
2024-02-12,53.8,29
2024-02-13,53.1,27
2024-02-14,71.1,50
2024-02-15,72.9,45
2024-02-16,63.8,53
2024-02-17,61.4,41
2024-02-18,66.4,51
2024-02-19,83,71
2024-02-20,86.3,80
2024-02-21,89.3,83
2024-02-22,89.6,89
2024-02-23,86.1,82
2024-02-24,83.4,68
2024-02-25,77.4,68
2024-02-26,61.5,49
2024-02-27,60,42
2024-02-28,58.9,46
2024-02-29,80.8,64
2024-03-01,59.3,47
2024-03-02,52.5,37
2024-03-03,50.5,38
2024-03-04,62.9,39
2024-03-05,87.5,81
2024-03-06,67.3,56
2024-03-07,56.1,42
2024-03-08,47,26
2024-03-09,49,37
2024-03-10,44.1,27
2024-03-11,66.4,41
2024-03-12,69,54
2024-03-13,49.1,34
2024-03-14,55.4,38
2024-03-15,51.1,33
2024-03-16,57.9,30
2024-03-17,73.3,46
2024-03-18,59.5,46
2024-03-19,54.5,32
2024-03-20,46.5,31
2024-03-21,46.3,32
2024-03-22,45.5,22
2024-03-23,75.9,53
2024-03-24,86.6,81
2024-03-25,84.1,78
2024-03-26,77.1,69
2024-03-27,64,39
2024-03-28,81.3,66
2024-03-29,64.4,18
2024-03-30,64.5,27
2024-03-31,73.5,54
2024-04-01,58.4,28
2024-04-02,71.5,48
2024-04-03,90.3,80
2024-04-04,86.3,79
2024-04-05,68.6,53
2024-04-06,68.1,59
2024-04-07,67,46
2024-04-08,62.6,44
2024-04-09,61.4,48
2024-04-10,61.4,43
2024-04-11,66.6,49
2024-04-12,72.3,57
2024-04-13,75.4,56
2024-04-14,65.9,48
2024-04-15,76.1,58
2024-04-16,70.3,34
2024-04-17,64.5,34
2024-04-18,57.4,39
2024-04-19,51.8,40
2024-04-20,70.3,44
2024-04-21,85.5,78
2024-04-22,82.6,75
2024-04-23,83.8,73
2024-04-24,72.4,50
2024-04-25,67.5,47
2024-04-26,74.8,56
2024-04-27,64.8,45
2024-04-28,60.4,46
2024-04-29,89.5,82
2024-04-30,80.4,64
2024-05-01,70.8,57
2024-05-02,60,36
2024-05-03,62.4,40
2024-05-04,65.3,46
2024-05-05,78.3,60
2024-05-06,73.5,52
2024-05-07,69.5,53
2024-05-08,73.8,57
2024-05-09,61.6,43
2024-05-10,61.8,42
2024-05-11,64,35
2024-05-12,63,35
2024-05-13,57.8,47
2024-05-14,51.8,29
2024-05-15,48.5,21
2024-05-16,38.3,12
2024-05-17,41.8,7
2024-05-18,59.3,36
2024-05-19,53.9,37
2024-05-20,47.5,35
2024-05-21,64,48
2024-05-22,75,64
2024-05-23,73.1,50
2024-05-24,68.5,49
2024-05-25,65.3,51
2024-05-26,73.9,50
2024-05-27,62.4,32
2024-05-28,63.8,49
2024-05-29,68.1,57
2024-05-30,69.4,37
2024-05-31,72.1,59
2024-06-01,69,54
2024-06-02,62.9,46
2024-06-03,56,37
2024-06-04,63.8,49
2024-06-05,67.9,59
2024-06-06,76.4,59
2024-06-07,65.4,49
2024-06-08,85.4,72
2024-06-09,81.3,61
2024-06-10,58.5,34
2024-06-11,75.4,59
2024-06-12,78.6,69
2024-06-13,70.1,37
2024-06-14,69.4,49
2024-06-15,75,62
2024-06-16,70.9,51
2024-06-17,73.3,54
2024-06-18,49.4,17
2024-06-19,58,39
2024-06-20,82.4,70
2024-06-21,78.3,65
2024-06-22,82.5,65
2024-06-23,80.1,68
2024-06-24,75.6,54
2024-06-25,74.4,58
2024-06-26,66.8,49
2024-06-27,88.3,72
2024-06-28,81.6,67
2024-06-29,81.5,67
2024-06-30,81,73
2024-07-01,83.6,74
2024-07-02,65.6,52
2024-07-03,74.4,65
2024-07-04,80.5,70
2024-07-05,77.5,59
2024-07-06,59.3,37
2024-07-07,65.5,48
2024-07-08,61,48
2024-07-09,58.3,46
2024-07-10,84.3,62
2024-07-11,84.5,79
2024-07-12,78.6,65
2024-07-13,82.1,72
2024-07-14,80.8,65
2024-07-15,87,74
2024-07-16,67.8,45
2024-07-17,65.4,44
2024-07-18,69.8,57
2024-07-19,80.1,57
2024-07-20,65.5,44
2024-07-21,70.9,49
2024-07-22,74.9,61
2024-07-23,71.9,62
2024-07-24,73.8,59
2024-07-25,67.8,49
2024-07-26,81.1,72
2024-07-27,68.9,50
2024-07-28,69.6,60
2024-07-29,71,61
2024-07-30,68,54
2024-07-31,70.8,61
2024-08-01,72.1,58
2024-08-02,73.3,52
2024-08-03,73.5,52
2024-08-04,74.8,64
2024-08-05,76.4,49
2024-08-06,72.1,55
2024-08-07,70.3,62
2024-08-08,71.6,64
2024-08-09,69.1,61
2024-08-10,66.4,52
2024-08-11,62,53
2024-08-12,63.5,50
2024-08-13,69.6,56
2024-08-14,76,60
2024-08-15,79.8,62
2024-08-16,77.3,59
2024-08-17,73.5,59
2024-08-18,74.3,54
2024-08-19,67.5,49
2024-08-20,72.5,61
2024-08-21,68.8,56
2024-08-22,70.5,52
2024-08-23,72.5,63
2024-08-24,67.6,59
2024-08-25,68.9,57
2024-08-26,69.3,61
2024-08-27,75.3,61
2024-08-28,78.9,70
2024-08-29,72.8,60
2024-08-30,70,57
2024-08-31,63,56
2024-09-01,64.1,56
2024-09-02,61,45
2024-09-03,64.6,41
2024-09-04,71.3,60
2024-09-05,65.4,54
2024-09-06,61,50
2024-09-07,65.8,47
2024-09-08,74.4,66
2024-09-09,74.4,65
2024-09-10,79.5,70
2024-09-11,75.5,59
2024-09-12,68.9,51
2024-09-13,69.3,58
2024-09-14,71.3,60
2024-09-15,80.3,61
2024-09-16,82.1,69
2024-09-17,82.8,72
2024-09-18,73,47
2024-09-19,75.9,57
2024-09-20,78,60
2024-09-21,82.4,70
2024-09-22,86.5,79
2024-09-23,68.5,54
2024-09-24,72.1,61
2024-09-25,78.3,64
2024-09-26,73.4,64
2024-09-27,65,48
2024-09-28,73.4,61
2024-09-29,66,48
2024-09-30,75.9,67
2024-10-01,70.4,56
2024-10-02,51,40
2024-10-03,62.5,46
2024-10-04,61.9,50
2024-10-05,63.1,51
2024-10-06,70.5,51
2024-10-07,67.9,49
2024-10-08,63.8,54
2024-10-09,78,58
2024-10-10,70.1,56
2024-10-11,71.3,56
2024-10-12,65.6,55
2024-10-13,57.5,43
2024-10-14,68.6,50
2024-10-15,78,69
2024-10-16,74.1,65
2024-10-17,77.5,71
2024-10-18,71.8,51
2024-10-19,77.4,66
2024-10-20,65,53
2024-10-21,79.5,62
2024-10-22,84.3,76
2024-10-23,58.9,47
2024-10-24,55,36
2024-10-25,69.9,53
2024-10-26,76.5,72
2024-10-27,81.1,59
2024-10-28,67.8,56
2024-10-29,74.3,58
2024-10-30,63.3,48
2024-10-31,67.6,51
2024-11-01,87.3,79
2024-11-02,81.8,74
2024-11-03,70.8,53
2024-11-04,63.4,47
2024-11-05,54.5,40
2024-11-06,52.8,40
2024-11-07,62.1,45
2024-11-08,62,43
2024-11-09,68.3,58
2024-11-10,83.5,65
2024-11-11,69.1,50
2024-11-12,69.5,53
2024-11-13,67.3,52
2024-11-14,66.4,48
2024-11-15,84.9,64
2024-11-16,79.6,67
2024-11-17,55.5,34
2024-11-18,45.1,24
2024-11-19,68.6,53
2024-11-20,64.1,38
2024-11-21,53.5,40
2024-11-22,52.6,41
2024-11-23,55.4,47
2024-11-24,76,60
2024-11-25,65.8,51
2024-11-26,60.9,40
2024-11-27,58.1,40
2024-11-28,60.5,40
2024-11-29,49.1,33
2024-11-30,50.8,39
2024-12-01,53.4,39
2024-12-02,58.3,40
2024-12-03,53.9,37
2024-12-04,50.5,39
2024-12-05,47.6,40
2024-12-06,47.3,38
2024-12-07,54.5,31
2024-12-08,54.5,35
2024-12-09,55.5,44
2024-12-10,51.9,39
2024-12-11,57.1,38
2024-12-12,55.3,42
2024-12-13,57.5,45
2024-12-14,55.6,39
2024-12-15,47.4,41
2024-12-16,55.8,43
2024-12-17,49,36
2024-12-18,59.4,44
2024-12-19,49.9,36
2024-12-20,67.1,51
2024-12-21,56.9,44
2024-12-22,55.6,43
2024-12-23,51.4,41
2024-12-24,54.1,43
2024-12-25,63.5,46
2024-12-26,53.1,35
2024-12-27,51.6,45
2024-12-28,52.6,43
2024-12-29,46.4,33
2024-12-30,52.1,38
2024-12-31,51.1,35
2025-01-01,54.9,41
2025-01-02,53,33
2025-01-03,47.5,36
2025-01-04,48.4,37
2025-01-05,67.8,44
2025-01-06,52,33
2025-01-07,46.9,34
2025-01-08,56.8,34
2025-01-09,64,41
2025-01-10,64.4,53
2025-01-11,55.9,43
2025-01-12,46.3,38
2025-01-13,52.9,41
2025-01-14,55.1,39
2025-01-15,53.5,46
2025-01-16,49,41
2025-01-17,54.1,39
2025-01-18,58.1,42
2025-01-19,59.3,44
2025-01-20,52.3,28
2025-01-21,55.8,45
2025-01-22,51.8,33
2025-01-23,57.5,35
2025-01-24,61.8,49
2025-01-25,55.6,43
2025-01-26,60.6,51
2025-01-27,63.1,48
2025-01-28,58.9,42
2025-01-29,49.9,41
2025-01-30,52.5,36
2025-01-31,57.1,41
2025-02-01,79.3,69
2025-02-02,60.4,44
2025-02-03,58.6,42
2025-02-04,64.1,43
2025-02-05,57.5,33
2025-02-06,52.6,37
2025-02-07,64.8,40
2025-02-08,63.6,51
2025-02-09,64.5,52
2025-02-10,53.1,43
2025-02-11,51.3,30
2025-02-12,73.1,49
2025-02-13,46.6,37
2025-02-14,57.8,42
2025-02-15,69.1,59
2025-02-16,69.9,42
2025-02-17,50.3,33
2025-02-18,49.9,35
2025-02-19,50.4,36
2025-02-20,49.1,33
2025-02-21,50,35
2025-02-22,53.6,45
2025-02-23,55.5,40
2025-02-24,52.8,41
2025-02-25,59.4,46
2025-02-26,56.3,40
2025-02-27,58.1,31
2025-02-28,78.8,69
2025-03-01,78.6,65
2025-03-02,89.1,72
2025-03-03,82.5,72
2025-03-04,85.1,79
2025-03-05,74.5,63
2025-03-06,61.3,44
2025-03-07,56.1,40
2025-03-08,65.5,45
2025-03-09,58.6,41
2025-03-10,59.9,50
2025-03-11,67.9,51
2025-03-12,72.8,61
2025-03-13,52.3,27
2025-03-14,57.3,45
2025-03-15,74.9,60
2025-03-16,59.1,37
2025-03-17,43.5,30
2025-03-18,47.4,33
2025-03-19,50.8,33
2025-03-20,46.1,32
2025-03-21,29.1,16
2025-03-22,25,14
2025-03-23,34.8,9
2025-03-24,37.1,13
2025-03-25,39.8,13
2025-03-26,58.1,42
2025-03-27,72.9,54
2025-03-28,55.4,33
2025-03-29,46.4,28
2025-03-30,36.5,20
2025-03-31,53.8,39
2025-04-01,51.8,28
2025-04-02,46.3,23
2025-04-03,59.6,44
2025-04-04,66.3,57
2025-04-05,65.6,25
2025-04-06,43.9,29
2025-04-07,45.5,25
2025-04-08,35.8,8
2025-04-09,54.3,24
2025-04-10,72.9,50
2025-04-11,67.3,53
2025-04-12,67.3,41
2025-04-13,44.6,22
2025-04-14,56.5,29
2025-04-15,55.1,36
2025-04-16,34.9,18
2025-04-17,59.3,29
2025-04-18,58.8,33
2025-04-19,76.3,55
2025-04-20,80.4,71
2025-04-21,69.8,49
2025-04-22,80.5,66
2025-04-23,77.5,64
2025-04-24,62.3,30
2025-04-25,35.4,20
2025-04-26,31.9,12
2025-04-27,53,26
2025-04-28,67.3,50
2025-04-29,52.8,37
2025-04-30,57,43
2025-05-01,68.9,36
2025-05-02,47.5,25
2025-05-03,61.4,26
2025-05-04,51.9,37
2025-05-05,48.8,19
2025-05-06,80.5,67
2025-05-07,65.8,56
2025-05-08,52,29
2025-05-09,80.9,46
2025-05-10,73.5,58
2025-05-11,66.5,50
2025-05-12,52.5,30
2025-05-13,62.9,40
2025-05-14,56.5,42
2025-05-15,74.1,61
2025-05-16,79.9,61
2025-05-17,77.9,64
2025-05-18,70.6,54
2025-05-19,58.8,38
2025-05-20,77.3,60
2025-05-21,85.6,71
2025-05-22,83.4,65
2025-05-23,81.5,74
2025-05-24,83.3,67
2025-05-25,71.5,59
2025-05-26,44,28
2025-05-27,41,21
2025-05-28,53.9,27
2025-05-29,61.6,28
2025-05-30,57.6,41
2025-05-31,71.5,60
2025-06-01,66,52
2025-06-02,77,54
2025-06-03,75.1,61
2025-06-04,48.1,12
2025-06-05,43.1,22
2025-06-06,45.1,23
2025-06-07,62.9,39
2025-06-08,75.5,63
2025-06-09,75.1,61
2025-06-10,82,71
2025-06-11,69.3,53
2025-06-12,70.3,52
2025-06-13,79.6,63
2025-06-14,81.9,67
2025-06-15,83.6,67
2025-06-16,72.4,49
2025-06-17,67,43
2025-06-18,78.9,53
2025-06-19,71.8,57
2025-06-20,64.9,49
2025-06-21,70.4,57
2025-06-22,76.1,57
2025-06-23,68.3,45
2025-06-24,82.5,75
2025-06-25,68.4,52
2025-06-26,62.8,48
2025-06-27,67,52
2025-06-28,78.1,65
2025-06-29,74.3,60
2025-06-30,74.5,63
2025-07-01,74,60
2025-07-02,74.8,62
2025-07-03,71,63
2025-07-04,72.1,60
2025-07-05,67,54
2025-07-06,64.1,50
2025-07-07,67.9,58
2025-07-08,71.9,60
2025-07-09,77.6,69
2025-07-10,79.3,71
2025-07-11,77.9,74
2025-07-12,81,77
2025-07-13,87.8,83
2025-07-14,73.8,64
2025-07-15,63.9,50
2025-07-16,62.4,47
2025-07-17,64.1,47
2025-07-18,81.5,54
2025-07-19,71.6,59
2025-07-20,66.9,52
2025-07-21,71.6,62
2025-07-22,65.9,51
2025-07-23,66,54
2025-07-24,66,53
2025-07-25,78,61
2025-07-26,80.6,72
2025-07-27,80.9,68
2025-07-28,68.5,42
2025-07-29,67.3,44
